cell,record,bin_lo,bin_hi,n,confidence,accuracy
r3_L4,A,0.0,0.066667,8178,0.054514,0.063096
r3_L4,A,0.066667,0.133333,6093,0.082029,0.085344
r3_L4,A,0.133333,0.2,92,0.147293,0.054348
r3_L4,C,0.0,0.066667,2358,0.058906,0.066582
r3_L4,C,0.066667,0.133333,10930,0.091882,0.092681
r3_L4,C,0.133333,0.2,1015,0.152786,0.127094
r3_L4,C,0.2,0.266667,55,0.221003,0.145455
r3_L4,C,0.266667,0.333333,5,0.288484,0.2
r3_L4,D,0.0,0.066667,14023,0.04252,0.051273
r3_L4,D,0.066667,0.133333,340,0.073902,0.1
r3_L4,F.full,0.0,0.066667,33,0.062854,0.030303
r3_L4,F.full,0.066667,0.133333,4946,0.10931,0.087343
r3_L4,F.full,0.133333,0.2,5947,0.163756,0.13099
r3_L4,F.full,0.2,0.266667,2340,0.226855,0.187607
r3_L4,F.full,0.266667,0.333333,757,0.292962,0.270806
r3_L4,F.full,0.333333,0.4,222,0.359327,0.301802
r3_L4,F.full,0.4,0.466667,79,0.429991,0.303797
r3_L4,F.full,0.466667,0.533333,23,0.492708,0.304348
r3_L4,F.full,0.533333,0.6,10,0.552614,0.4
r3_L4,F.full,0.6,0.666667,3,0.622468,0.333333
r3_L4,F.full,0.666667,0.733333,3,0.690824,0.333333
r3_L4,F.legs,0.0,0.066667,1122,0.05838,0.02852
r3_L4,F.legs,0.066667,0.133333,5692,0.104143,0.072031
r3_L4,F.legs,0.133333,0.2,5817,0.161013,0.135121
r3_L4,F.legs,0.2,0.266667,1438,0.224689,0.187065
r3_L4,F.legs,0.266667,0.333333,248,0.29009,0.278226
r3_L4,F.legs,0.333333,0.4,35,0.358008,0.314286
r3_L4,F.legs,0.4,0.466667,10,0.4269,0.3
r3_L4,F.legs,0.466667,0.533333,1,0.526192,0.0
r3_L4,F.timing,0.0,0.066667,263,0.061752,0.045627
r3_L4,F.timing,0.066667,0.133333,8445,0.103583,0.101125
r3_L4,F.timing,0.133333,0.2,4575,0.158095,0.140328
r3_L4,F.timing,0.2,0.266667,844,0.224397,0.158768
r3_L4,F.timing,0.266667,0.333333,169,0.294661,0.295858
r3_L4,F.timing,0.333333,0.4,48,0.365194,0.208333
r3_L4,F.timing,0.4,0.466667,13,0.43096,0.307692
r3_L4,F.timing,0.466667,0.533333,2,0.517907,0.5
r3_L4,F.timing,0.533333,0.6,2,0.547702,0.0
r3_L4,F.timing,0.6,0.666667,1,0.607865,0.0
r3_L4,F.timing,0.733333,0.8,1,0.755946,0.0
r3_L4,GK.full,0.0,0.066667,15065,0.057025,0.069499
r3_L4,GK.full,0.066667,0.133333,26870,0.086517,0.10428
r3_L4,GK.full,0.133333,0.2,1106,0.151512,0.169982
r3_L4,GK.full,0.2,0.266667,43,0.217761,0.116279
r3_L4,GK.full,0.266667,0.333333,4,0.274377,0.0
r3_L4,GK.full,0.333333,0.4,1,0.342901,1.0
r3_L4,GK.timing,0.0,0.066667,18493,0.056107,0.077975
r3_L4,GK.timing,0.066667,0.133333,23927,0.084852,0.103481
r3_L4,GK.timing,0.133333,0.2,658,0.150315,0.158055
r3_L4,GK.timing,0.2,0.266667,11,0.218454,0.363636
r3_L4,N.F,0.0,0.066667,8772,0.05659,0.04731
r3_L4,N.F,0.066667,0.133333,5587,0.078325,0.064972
r3_L4,N.F,0.133333,0.2,4,0.138032,0.0
r3_L4,N@A,0.0,0.066667,8322,0.053712,0.068133
r3_L4,N@A,0.066667,0.133333,5899,0.08345,0.095779
r3_L4,N@A,0.133333,0.2,138,0.15126,0.152174
r3_L4,N@A,0.2,0.266667,4,0.206139,0.25
r3_L4,N@C,0.0,0.066667,8322,0.05371,0.068012
r3_L4,N@C,0.066667,0.133333,5899,0.083452,0.09527
r3_L4,N@C,0.133333,0.2,138,0.151105,0.15942
r3_L4,N@C,0.2,0.266667,4,0.206139,0.25
r3_L4,N@D,0.0,0.066667,8322,0.053711,0.069214
r3_L4,N@D,0.066667,0.133333,5901,0.083474,0.09456
r3_L4,N@D,0.133333,0.2,136,0.151366,0.154412
r3_L4,N@D,0.2,0.266667,4,0.206139,0.25
r3_L4,N@V,0.0,0.066667,8348,0.053686,0.068639
r3_L4,N@V,0.066667,0.133333,5877,0.083414,0.097329
r3_L4,N@V,0.133333,0.2,135,0.151482,0.162963
r3_L4,N@V,0.2,0.266667,3,0.207855,0.333333
r3_L4,Nb.seq,0.0,0.066667,8478,0.053566,0.067941
r3_L4,Nb.seq,0.066667,0.133333,5760,0.083167,0.099306
r3_L4,Nb.seq,0.133333,0.2,122,0.150472,0.172131
r3_L4,Nb.seq,0.2,0.266667,3,0.207855,0.333333
r3_L4,V.full,0.0,0.066667,5706,0.056635,0.067122
r3_L4,V.full,0.066667,0.133333,8402,0.085565,0.094501
r3_L4,V.full,0.133333,0.2,250,0.151151,0.156
r3_L4,V.full,0.2,0.266667,5,0.229847,0.4
r3_L4,V.timing,0.0,0.066667,2413,0.054739,0.064235
r3_L4,V.timing,0.066667,0.133333,9118,0.099336,0.07721
r3_L4,V.timing,0.133333,0.2,2595,0.155061,0.100963
r3_L4,V.timing,0.2,0.266667,218,0.220651,0.12844
r3_L4,V.timing,0.266667,0.333333,18,0.282526,0.166667
r3_L4,V.timing,0.333333,0.4,1,0.345928,0.0
r2_L4,A,0.0,0.066667,8526,0.054541,0.062749
r2_L4,A,0.066667,0.133333,5789,0.080968,0.090689
r2_L4,A,0.133333,0.2,47,0.148662,0.170213
r2_L4,A,0.2,0.266667,1,0.20616,0.0
r2_L4,C,0.0,0.066667,33,0.062148,0.030303
r2_L4,C,0.066667,0.133333,5699,0.110713,0.126162
r2_L4,C,0.133333,0.2,6657,0.161103,0.160282
r2_L4,C,0.2,0.266667,1598,0.224617,0.205882
r2_L4,C,0.266667,0.333333,301,0.290659,0.269103
r2_L4,C,0.333333,0.4,61,0.359496,0.278689
r2_L4,C,0.4,0.466667,11,0.434652,0.454545
r2_L4,C,0.466667,0.533333,3,0.502986,0.666667
r2_L4,D,0.0,0.066667,12893,0.048258,0.055999
r2_L4,D,0.066667,0.133333,1470,0.075533,0.090476
r2_L4,F.full,0.0,0.066667,5250,0.054448,0.092
r2_L4,F.full,0.066667,0.133333,2365,0.078145,0.132347
r2_L4,F.full,0.133333,0.2,1,0.153805,0.0
r2_L4,F.full,0.2,0.266667,28,0.243061,0.214286
r2_L4,F.full,0.266667,0.333333,113,0.3142,0.212389
r2_L4,F.full,0.333333,0.4,240,0.356105,0.2375
r2_L4,F.full,0.4,0.466667,273,0.450761,0.388278
r2_L4,F.full,0.466667,0.533333,1040,0.495351,0.421154
r2_L4,F.full,0.533333,0.6,219,0.556225,0.39726
r2_L4,F.full,0.6,0.666667,38,0.635268,0.526316
r2_L4,F.full,0.666667,0.733333,90,0.712547,0.777778
r2_L4,F.full,0.733333,0.8,698,0.776201,0.772206
r2_L4,F.full,0.8,0.866667,2573,0.837471,0.809949
r2_L4,F.full,0.866667,0.933333,1431,0.886764,0.869322
r2_L4,F.full,0.933333,1.0,4,0.937016,1.0
r2_L4,F.legs,0.0,0.066667,7305,0.045633,0.038193
r2_L4,F.legs,0.066667,0.133333,313,0.073599,0.083067
r2_L4,F.legs,0.133333,0.2,2,0.181928,0.0
r2_L4,F.legs,0.2,0.266667,34,0.246825,0.264706
r2_L4,F.legs,0.266667,0.333333,149,0.31547,0.248322
r2_L4,F.legs,0.333333,0.4,228,0.354419,0.236842
r2_L4,F.legs,0.4,0.466667,480,0.45287,0.4125
r2_L4,F.legs,0.466667,0.533333,934,0.492288,0.385439
r2_L4,F.legs,0.533333,0.6,113,0.550185,0.300885
r2_L4,F.legs,0.6,0.666667,14,0.634702,0.785714
r2_L4,F.legs,0.666667,0.733333,235,0.712628,0.808511
r2_L4,F.legs,0.733333,0.8,1842,0.775196,0.809446
r2_L4,F.legs,0.8,0.866667,2516,0.828664,0.826312
r2_L4,F.legs,0.866667,0.933333,198,0.878854,0.893939
r2_L4,F.timing,0.0,0.066667,450,0.061452,0.057778
r2_L4,F.timing,0.066667,0.133333,5832,0.098932,0.099108
r2_L4,F.timing,0.133333,0.2,4217,0.16436,0.160541
r2_L4,F.timing,0.2,0.266667,2240,0.228543,0.216071
r2_L4,F.timing,0.266667,0.333333,923,0.294761,0.262189
r2_L4,F.timing,0.333333,0.4,390,0.362947,0.266667
r2_L4,F.timing,0.4,0.466667,158,0.428152,0.35443
r2_L4,F.timing,0.466667,0.533333,83,0.497107,0.433735
r2_L4,F.timing,0.533333,0.6,27,0.557607,0.333333
r2_L4,F.timing,0.6,0.666667,19,0.632529,0.473684
r2_L4,F.timing,0.666667,0.733333,9,0.689457,0.666667
r2_L4,F.timing,0.733333,0.8,8,0.762149,0.75
r2_L4,F.timing,0.8,0.866667,3,0.837692,1.0
r2_L4,F.timing,0.866667,0.933333,1,0.922932,0.0
r2_L4,F.timing,0.933333,1.0,3,0.985602,0.333333
r2_L4,GK.full,0.0,0.066667,4129,0.059484,0.067086
r2_L4,GK.full,0.066667,0.133333,33914,0.095602,0.117916
r2_L4,GK.full,0.133333,0.2,4736,0.152827,0.184122
r2_L4,GK.full,0.2,0.266667,272,0.217139,0.224265
r2_L4,GK.full,0.266667,0.333333,27,0.28978,0.333333
r2_L4,GK.full,0.333333,0.4,11,0.367236,0.454545
r2_L4,GK.timing,0.0,0.066667,15670,0.056492,0.074346
r2_L4,GK.timing,0.066667,0.133333,26454,0.086216,0.100854
r2_L4,GK.timing,0.133333,0.2,931,0.149496,0.128894
r2_L4,GK.timing,0.2,0.266667,29,0.216836,0.275862
r2_L4,GK.timing,0.266667,0.333333,5,0.295781,0.2
r2_L4,N.F,0.0,0.066667,8772,0.05659,0.04731
r2_L4,N.F,0.066667,0.133333,5587,0.078325,0.064972
r2_L4,N.F,0.133333,0.2,4,0.138032,0.0
r2_L4,N@A,0.0,0.066667,6203,0.055839,0.072707
r2_L4,N@A,0.066667,0.133333,7949,0.084282,0.106554
r2_L4,N@A,0.133333,0.2,202,0.150564,0.143564
r2_L4,N@A,0.2,0.266667,7,0.228624,0.142857
r2_L4,N@A,0.266667,0.333333,2,0.301771,0.0
r2_L4,N@C,0.0,0.066667,6207,0.055842,0.073143
r2_L4,N@C,0.066667,0.133333,7944,0.084288,0.106873
r2_L4,N@C,0.133333,0.2,203,0.150329,0.137931
r2_L4,N@C,0.2,0.266667,7,0.228624,0.142857
r2_L4,N@C,0.266667,0.333333,2,0.301771,0.0
r2_L4,N@D,0.0,0.066667,6208,0.055848,0.072809
r2_L4,N@D,0.066667,0.133333,7942,0.084286,0.1069
r2_L4,N@D,0.133333,0.2,204,0.150517,0.137255
r2_L4,N@D,0.2,0.266667,7,0.227425,0.0
r2_L4,N@D,0.266667,0.333333,2,0.301771,0.0
r2_L4,N@V,0.0,0.066667,6260,0.055842,0.072524
r2_L4,N@V,0.066667,0.133333,7895,0.084224,0.106016
r2_L4,N@V,0.133333,0.2,199,0.150554,0.140704
r2_L4,N@V,0.2,0.266667,7,0.227425,0.0
r2_L4,N@V,0.266667,0.333333,2,0.301771,0.0
r2_L4,Nb.seq,0.0,0.066667,6467,0.05569,0.070976
r2_L4,Nb.seq,0.066667,0.133333,7712,0.083874,0.10542
r2_L4,Nb.seq,0.133333,0.2,175,0.149969,0.131429
r2_L4,Nb.seq,0.2,0.266667,7,0.227425,0.0
r2_L4,Nb.seq,0.266667,0.333333,2,0.301771,0.0
r2_L4,V.full,0.0,0.066667,1276,0.060037,0.076803
r2_L4,V.full,0.066667,0.133333,11517,0.095562,0.11088
r2_L4,V.full,0.133333,0.2,1479,0.15198,0.164976
r2_L4,V.full,0.2,0.266667,78,0.21738,0.179487
r2_L4,V.full,0.266667,0.333333,9,0.300335,0.333333
r2_L4,V.full,0.333333,0.4,4,0.352704,0.75
r2_L4,V.timing,0.0,0.066667,2131,0.05605,0.066635
r2_L4,V.timing,0.066667,0.133333,8797,0.099225,0.078322
r2_L4,V.timing,0.133333,0.2,3117,0.156484,0.099134
r2_L4,V.timing,0.2,0.266667,292,0.219899,0.136986
r2_L4,V.timing,0.266667,0.333333,24,0.284625,0.25
r2_L4,V.timing,0.333333,0.4,2,0.343815,0.5
r1_L4,A,0.0,0.066667,8229,0.055129,0.061368
r1_L4,A,0.066667,0.133333,6057,0.08232,0.077266
r1_L4,A,0.133333,0.2,75,0.146316,0.066667
r1_L4,A,0.2,0.266667,2,0.211854,0.0
r1_L4,C,0.0,0.066667,31,0.061505,0.064516
r1_L4,C,0.066667,0.133333,5578,0.111788,0.129975
r1_L4,C,0.133333,0.2,6573,0.160794,0.158832
r1_L4,C,0.2,0.266667,1718,0.224537,0.19092
r1_L4,C,0.266667,0.333333,359,0.29059,0.289694
r1_L4,C,0.333333,0.4,83,0.362368,0.253012
r1_L4,C,0.4,0.466667,17,0.429193,0.294118
r1_L4,C,0.466667,0.533333,2,0.485592,0.5
r1_L4,C,0.533333,0.6,2,0.570975,0.0
r1_L4,D,0.0,0.066667,13294,0.04692,0.057018
r1_L4,D,0.066667,0.133333,1068,0.076003,0.074906
r1_L4,D,0.133333,0.2,1,0.148782,0.0
r1_L4,F.full,0.0,0.066667,5,0.024905,0.6
r1_L4,F.full,0.066667,0.133333,82,0.110277,0.439024
r1_L4,F.full,0.133333,0.2,350,0.171899,0.617143
r1_L4,F.full,0.2,0.266667,698,0.234542,0.702006
r1_L4,F.full,0.266667,0.333333,870,0.300905,0.709195
r1_L4,F.full,0.333333,0.4,876,0.366444,0.73516
r1_L4,F.full,0.4,0.466667,947,0.43281,0.760296
r1_L4,F.full,0.466667,0.533333,1014,0.503207,0.734714
r1_L4,F.full,0.533333,0.6,892,0.565357,0.802691
r1_L4,F.full,0.6,0.666667,765,0.631312,0.862745
r1_L4,F.full,0.666667,0.733333,579,0.699784,0.924007
r1_L4,F.full,0.733333,0.8,529,0.766521,0.943289
r1_L4,F.full,0.8,0.866667,460,0.833521,0.971739
r1_L4,F.full,0.866667,0.933333,379,0.898439,0.984169
r1_L4,F.full,0.933333,1.0,5917,0.998733,0.960622
r1_L4,F.timing,0.0,0.066667,566,0.061443,0.060071
r1_L4,F.timing,0.066667,0.133333,6155,0.098276,0.10788
r1_L4,F.timing,0.133333,0.2,4453,0.163615,0.154503
r1_L4,F.timing,0.2,0.266667,2008,0.228706,0.217131
r1_L4,F.timing,0.266667,0.333333,740,0.293807,0.262162
r1_L4,F.timing,0.333333,0.4,251,0.362188,0.310757
r1_L4,F.timing,0.4,0.466667,117,0.427216,0.376068
r1_L4,F.timing,0.466667,0.533333,40,0.496587,0.45
r1_L4,F.timing,0.533333,0.6,16,0.571461,0.6875
r1_L4,F.timing,0.6,0.666667,13,0.633013,0.384615
r1_L4,F.timing,0.666667,0.733333,2,0.689729,1.0
r1_L4,F.timing,0.733333,0.8,2,0.753484,0.0
r1_L4,N.F,0.0,0.066667,9241,0.056461,0.044367
r1_L4,N.F,0.066667,0.133333,5119,0.077602,0.066224
r1_L4,N.F,0.133333,0.2,3,0.150743,0.0
r1_L4,N@A,0.0,0.066667,6443,0.056247,0.066429
r1_L4,N@A,0.066667,0.133333,7655,0.084861,0.097322
r1_L4,N@A,0.133333,0.2,250,0.150972,0.16
r1_L4,N@A,0.2,0.266667,13,0.219658,0.384615
r1_L4,N@A,0.266667,0.333333,2,0.273935,0.5
r1_L4,N@C,0.0,0.066667,6444,0.056251,0.067039
r1_L4,N@C,0.066667,0.133333,7654,0.084876,0.097073
r1_L4,N@C,0.133333,0.2,250,0.15078,0.156
r1_L4,N@C,0.2,0.266667,13,0.219658,0.384615
r1_L4,N@C,0.266667,0.333333,2,0.273935,0.5
r1_L4,N@D,0.0,0.066667,6447,0.056254,0.067163
r1_L4,N@D,0.066667,0.133333,7652,0.084882,0.096968
r1_L4,N@D,0.133333,0.2,249,0.151083,0.160643
r1_L4,N@D,0.2,0.266667,13,0.219658,0.384615
r1_L4,N@D,0.266667,0.333333,2,0.273935,0.5
r1_L4,Nb.seq,0.0,0.066667,6725,0.056059,0.068996
r1_L4,Nb.seq,0.066667,0.133333,7404,0.08446,0.09738
r1_L4,Nb.seq,0.133333,0.2,224,0.151005,0.165179
r1_L4,Nb.seq,0.2,0.266667,8,0.224506,0.25
r1_L4,Nb.seq,0.266667,0.333333,2,0.273935,0.5
r3_L4_positive,A,0.066667,0.133333,16,0.114336,0.125
r3_L4_positive,A,0.133333,0.2,134,0.175508,0.186567
r3_L4_positive,A,0.2,0.266667,382,0.237309,0.329843
r3_L4_positive,A,0.266667,0.333333,804,0.303661,0.41791
r3_L4_positive,A,0.333333,0.4,1180,0.367574,0.468644
r3_L4_positive,A,0.4,0.466667,1201,0.432155,0.556203
r3_L4_positive,A,0.466667,0.533333,1901,0.509118,0.816412
r3_L4_positive,A,0.533333,0.6,2590,0.566076,0.925483
r3_L4_positive,A,0.6,0.666667,2289,0.632532,0.965487
r3_L4_positive,A,0.666667,0.733333,1691,0.698607,0.984033
r3_L4_positive,A,0.733333,0.8,1206,0.76382,0.995025
r3_L4_positive,A,0.8,0.866667,635,0.828892,0.995276
r3_L4_positive,A,0.866667,0.933333,205,0.889461,1.0
r3_L4_positive,A,0.933333,1.0,129,0.99436,1.0
r3_L4_positive,C,0.066667,0.133333,16,0.112845,0.1875
r3_L4_positive,C,0.133333,0.2,136,0.176162,0.213235
r3_L4_positive,C,0.2,0.266667,358,0.235837,0.27095
r3_L4_positive,C,0.266667,0.333333,755,0.304292,0.421192
r3_L4_positive,C,0.333333,0.4,1168,0.368857,0.505993
r3_L4_positive,C,0.4,0.466667,1194,0.432347,0.576214
r3_L4_positive,C,0.466667,0.533333,1969,0.508504,0.827831
r3_L4_positive,C,0.533333,0.6,2623,0.56599,0.92337
r3_L4_positive,C,0.6,0.666667,2302,0.632671,0.955256
r3_L4_positive,C,0.666667,0.733333,1653,0.69897,0.977616
r3_L4_positive,C,0.733333,0.8,1251,0.763307,0.984812
r3_L4_positive,C,0.8,0.866667,744,0.82881,0.995968
r3_L4_positive,C,0.866667,0.933333,182,0.889512,0.989011
r3_L4_positive,C,0.933333,1.0,12,0.985097,1.0
r3_L4_positive,D,0.066667,0.133333,15,0.118235,0.333333
r3_L4_positive,D,0.133333,0.2,126,0.174393,0.309524
r3_L4_positive,D,0.2,0.266667,324,0.237102,0.287037
r3_L4_positive,D,0.266667,0.333333,726,0.304734,0.431129
r3_L4_positive,D,0.333333,0.4,1089,0.367959,0.53168
r3_L4_positive,D,0.4,0.466667,1207,0.432231,0.560066
r3_L4_positive,D,0.466667,0.533333,1914,0.508728,0.824451
r3_L4_positive,D,0.533333,0.6,2591,0.56588,0.919336
r3_L4_positive,D,0.6,0.666667,2179,0.632665,0.946306
r3_L4_positive,D,0.666667,0.733333,1738,0.698186,0.965478
r3_L4_positive,D,0.733333,0.8,1250,0.765397,0.9872
r3_L4_positive,D,0.8,0.866667,739,0.830229,0.991881
r3_L4_positive,D,0.866667,0.933333,251,0.893248,1.0
r3_L4_positive,D,0.933333,1.0,214,0.983357,1.0
r3_L4_positive,F.full,0.466667,0.533333,45,0.504608,0.577778
r3_L4_positive,F.full,0.533333,0.6,32,0.560633,0.46875
r3_L4_positive,F.full,0.6,0.666667,1,0.644074,1.0
r3_L4_positive,F.full,0.666667,0.733333,25,0.695068,0.68
r3_L4_positive,F.full,0.733333,0.8,16,0.745069,0.6875
r3_L4_positive,F.full,0.8,0.866667,14,0.80927,1.0
r3_L4_positive,F.full,0.866667,0.933333,32,0.913652,0.90625
r3_L4_positive,F.full,0.933333,1.0,14198,0.999943,0.99993
r3_L4_positive,F.legs,0.2,0.266667,210,0.244424,0.22381
r3_L4_positive,F.legs,0.266667,0.333333,42,0.33299,0.333333
r3_L4_positive,F.legs,0.333333,0.4,987,0.334912,0.363728
r3_L4_positive,F.legs,0.466667,0.533333,4406,0.501548,0.50749
r3_L4_positive,F.legs,0.933333,1.0,8718,1.0,1.0
r3_L4_positive,F.timing,0.466667,0.533333,45,0.502903,0.488889
r3_L4_positive,F.timing,0.533333,0.6,32,0.560816,0.46875
r3_L4_positive,F.timing,0.6,0.666667,1,0.646437,1.0
r3_L4_positive,F.timing,0.666667,0.733333,25,0.694696,0.68
r3_L4_positive,F.timing,0.733333,0.8,15,0.744046,0.666667
r3_L4_positive,F.timing,0.8,0.866667,14,0.810082,1.0
r3_L4_positive,F.timing,0.866667,0.933333,32,0.91355,0.90625
r3_L4_positive,F.timing,0.933333,1.0,14199,0.999953,0.99993
r3_L4_positive,GK.full,0.066667,0.133333,61,0.112455,0.147541
r3_L4_positive,GK.full,0.133333,0.2,534,0.175633,0.219101
r3_L4_positive,GK.full,0.2,0.266667,1399,0.236451,0.338099
r3_L4_positive,GK.full,0.266667,0.333333,2590,0.303401,0.462548
r3_L4_positive,GK.full,0.333333,0.4,3408,0.367965,0.546948
r3_L4_positive,GK.full,0.4,0.466667,3381,0.432561,0.600414
r3_L4_positive,GK.full,0.466667,0.533333,5665,0.508938,0.843778
r3_L4_positive,GK.full,0.533333,0.6,7540,0.565466,0.929178
r3_L4_positive,GK.full,0.6,0.666667,6959,0.631492,0.957753
r3_L4_positive,GK.full,0.666667,0.733333,5115,0.698425,0.977908
r3_L4_positive,GK.full,0.733333,0.8,3759,0.763143,0.985901
r3_L4_positive,GK.full,0.8,0.866667,2140,0.82911,0.994393
r3_L4_positive,GK.full,0.866667,0.933333,500,0.889122,0.994
r3_L4_positive,GK.full,0.933333,1.0,38,0.980198,1.0
r3_L4_positive,GK.timing,0.066667,0.133333,81,0.118288,0.074074
r3_L4_positive,GK.timing,0.133333,0.2,624,0.173229,0.211538
r3_L4_positive,GK.timing,0.2,0.266667,1704,0.237794,0.387911
r3_L4_positive,GK.timing,0.266667,0.333333,3094,0.302436,0.486425
r3_L4_positive,GK.timing,0.333333,0.4,3881,0.367168,0.564803
r3_L4_positive,GK.timing,0.4,0.466667,3335,0.430368,0.611394
r3_L4_positive,GK.timing,0.466667,0.533333,5836,0.510258,0.878684
r3_L4_positive,GK.timing,0.533333,0.6,8512,0.565244,0.957237
r3_L4_positive,GK.timing,0.6,0.666667,7102,0.631576,0.976767
r3_L4_positive,GK.timing,0.666667,0.733333,4863,0.697434,0.993831
r3_L4_positive,GK.timing,0.733333,0.8,2537,0.762954,0.997241
r3_L4_positive,GK.timing,0.8,0.866667,1001,0.827865,0.996004
r3_L4_positive,GK.timing,0.866667,0.933333,237,0.890908,0.995781
r3_L4_positive,GK.timing,0.933333,1.0,282,0.996682,1.0
r3_L4_positive,N.F,0.466667,0.533333,45,0.504503,0.488889
r3_L4_positive,N.F,0.533333,0.6,32,0.561865,0.46875
r3_L4_positive,N.F,0.6,0.666667,1,0.646279,1.0
r3_L4_positive,N.F,0.666667,0.733333,26,0.694075,0.692308
r3_L4_positive,N.F,0.733333,0.8,16,0.744143,0.6875
r3_L4_positive,N.F,0.8,0.866667,14,0.810893,1.0
r3_L4_positive,N.F,0.866667,0.933333,32,0.914358,0.90625
r3_L4_positive,N.F,0.933333,1.0,14197,0.999952,0.99993
r3_L4_positive,N@A,0.066667,0.133333,103,0.113194,0.165049
r3_L4_positive,N@A,0.133333,0.2,518,0.172892,0.339768
r3_L4_positive,N@A,0.2,0.266667,921,0.236316,0.427796
r3_L4_positive,N@A,0.266667,0.333333,1699,0.288313,0.50206
r3_L4_positive,N@A,0.333333,0.4,1730,0.364609,0.653179
r3_L4_positive,N@A,0.4,0.466667,257,0.418353,0.684825
r3_L4_positive,N@A,0.466667,0.533333,4735,0.515898,0.997043
r3_L4_positive,N@A,0.533333,0.6,3949,0.556978,0.998227
r3_L4_positive,N@A,0.6,0.666667,340,0.618246,1.0
r3_L4_positive,N@A,0.666667,0.733333,9,0.675564,1.0
r3_L4_positive,N@A,0.866667,0.933333,38,0.926714,1.0
r3_L4_positive,N@A,0.933333,1.0,64,0.963621,1.0
r3_L4_positive,N@C,0.066667,0.133333,103,0.113149,0.165049
r3_L4_positive,N@C,0.133333,0.2,518,0.172932,0.335907
r3_L4_positive,N@C,0.2,0.266667,926,0.236439,0.423326
r3_L4_positive,N@C,0.266667,0.333333,1693,0.288361,0.502067
r3_L4_positive,N@C,0.333333,0.4,1731,0.364629,0.650491
r3_L4_positive,N@C,0.4,0.466667,256,0.418173,0.683594
r3_L4_positive,N@C,0.466667,0.533333,4735,0.515904,0.997043
r3_L4_positive,N@C,0.533333,0.6,3950,0.556973,0.998228
r3_L4_positive,N@C,0.6,0.666667,340,0.618246,1.0
r3_L4_positive,N@C,0.666667,0.733333,9,0.675564,1.0
r3_L4_positive,N@C,0.866667,0.933333,38,0.926714,1.0
r3_L4_positive,N@C,0.933333,1.0,64,0.963621,1.0
r3_L4_positive,N@D,0.066667,0.133333,104,0.113387,0.163462
r3_L4_positive,N@D,0.133333,0.2,518,0.172982,0.339768
r3_L4_positive,N@D,0.2,0.266667,920,0.236258,0.430435
r3_L4_positive,N@D,0.266667,0.333333,1698,0.28834,0.500589
r3_L4_positive,N@D,0.333333,0.4,1731,0.364613,0.652802
r3_L4_positive,N@D,0.4,0.466667,256,0.418173,0.683594
r3_L4_positive,N@D,0.466667,0.533333,4735,0.515897,0.997043
r3_L4_positive,N@D,0.533333,0.6,3950,0.556973,0.998228
r3_L4_positive,N@D,0.6,0.666667,340,0.618246,1.0
r3_L4_positive,N@D,0.666667,0.733333,9,0.675564,1.0
r3_L4_positive,N@D,0.866667,0.933333,38,0.926714,1.0
r3_L4_positive,N@D,0.933333,1.0,64,0.963621,1.0
r3_L4_positive,N@V,0.066667,0.133333,104,0.113205,0.173077
r3_L4_positive,N@V,0.133333,0.2,518,0.172754,0.337838
r3_L4_positive,N@V,0.2,0.266667,953,0.236744,0.424974
r3_L4_positive,N@V,0.266667,0.333333,1684,0.288839,0.510095
r3_L4_positive,N@V,0.333333,0.4,1712,0.364365,0.655374
r3_L4_positive,N@V,0.4,0.466667,260,0.418881,0.688462
r3_L4_positive,N@V,0.466667,0.533333,4734,0.515862,0.997043
r3_L4_positive,N@V,0.533333,0.6,3947,0.556988,0.998227
r3_L4_positive,N@V,0.6,0.666667,340,0.618246,1.0
r3_L4_positive,N@V,0.666667,0.733333,9,0.675564,1.0
r3_L4_positive,N@V,0.866667,0.933333,38,0.926714,1.0
r3_L4_positive,N@V,0.933333,1.0,64,0.963621,1.0
r3_L4_positive,Nb.seq,0.066667,0.133333,108,0.113585,0.166667
r3_L4_positive,Nb.seq,0.133333,0.2,521,0.172634,0.326296
r3_L4_positive,Nb.seq,0.2,0.266667,1042,0.237676,0.43762
r3_L4_positive,Nb.seq,0.266667,0.333333,1646,0.290203,0.538882
r3_L4_positive,Nb.seq,0.333333,0.4,1658,0.363724,0.685163
r3_L4_positive,Nb.seq,0.4,0.466667,259,0.419336,0.698842
r3_L4_positive,Nb.seq,0.466667,0.533333,4734,0.515698,0.997465
r3_L4_positive,Nb.seq,0.533333,0.6,3944,0.556993,0.998225
r3_L4_positive,Nb.seq,0.6,0.666667,340,0.618246,1.0
r3_L4_positive,Nb.seq,0.666667,0.733333,9,0.675564,1.0
r3_L4_positive,Nb.seq,0.866667,0.933333,38,0.926714,1.0
r3_L4_positive,Nb.seq,0.933333,1.0,64,0.963621,1.0
r3_L4_positive,V.full,0.066667,0.133333,17,0.113793,0.176471
r3_L4_positive,V.full,0.133333,0.2,143,0.176739,0.216783
r3_L4_positive,V.full,0.2,0.266667,374,0.236014,0.286096
r3_L4_positive,V.full,0.266667,0.333333,793,0.303581,0.433796
r3_L4_positive,V.full,0.333333,0.4,1167,0.368803,0.513282
r3_L4_positive,V.full,0.4,0.466667,1161,0.432541,0.584841
r3_L4_positive,V.full,0.466667,0.533333,1961,0.50844,0.829169
r3_L4_positive,V.full,0.533333,0.6,2609,0.566056,0.923342
r3_L4_positive,V.full,0.6,0.666667,2299,0.632692,0.955198
r3_L4_positive,V.full,0.666667,0.733333,1650,0.698956,0.977576
r3_L4_positive,V.full,0.733333,0.8,1251,0.763307,0.984812
r3_L4_positive,V.full,0.8,0.866667,744,0.82881,0.995968
r3_L4_positive,V.full,0.866667,0.933333,182,0.889512,0.989011
r3_L4_positive,V.full,0.933333,1.0,12,0.985097,1.0
r3_L4_positive,V.timing,0.066667,0.133333,15,0.118282,0.4
r3_L4_positive,V.timing,0.133333,0.2,133,0.174385,0.24812
r3_L4_positive,V.timing,0.2,0.266667,376,0.238395,0.351064
r3_L4_positive,V.timing,0.266667,0.333333,750,0.302569,0.401333
r3_L4_positive,V.timing,0.333333,0.4,1193,0.368241,0.500419
r3_L4_positive,V.timing,0.4,0.466667,1147,0.431274,0.545772
r3_L4_positive,V.timing,0.466667,0.533333,1824,0.508546,0.83114
r3_L4_positive,V.timing,0.533333,0.6,2622,0.566504,0.93135
r3_L4_positive,V.timing,0.6,0.666667,2182,0.632256,0.94363
r3_L4_positive,V.timing,0.666667,0.733333,1743,0.699299,0.978199
r3_L4_positive,V.timing,0.733333,0.8,1261,0.764045,0.980967
r3_L4_positive,V.timing,0.8,0.866667,721,0.828763,0.990291
r3_L4_positive,V.timing,0.866667,0.933333,281,0.891641,0.996441
r3_L4_positive,V.timing,0.933333,1.0,115,0.976765,0.991304
r3_L8,A,0.0,0.066667,14386,0.03428,0.039135
r3_L8,A,0.066667,0.133333,11,0.070356,0.0
r3_L8,C,0.0,0.066667,14240,0.039922,0.045506
r3_L8,C,0.066667,0.133333,157,0.072527,0.095541
r3_L8,D,0.0,0.066667,14397,0.023724,0.027367
r3_L8,F.full,0.0,0.066667,3184,0.057373,0.045226
r3_L8,F.full,0.066667,0.133333,9553,0.093863,0.068041
r3_L8,F.full,0.133333,0.2,1527,0.154019,0.103471
r3_L8,F.full,0.2,0.266667,123,0.217817,0.219512
r3_L8,F.full,0.266667,0.333333,10,0.286104,0.1
r3_L8,F.legs,0.0,0.066667,4725,0.045365,0.028783
r3_L8,F.legs,0.066667,0.133333,9352,0.088766,0.064906
r3_L8,F.legs,0.133333,0.2,317,0.148388,0.135647
r3_L8,F.legs,0.2,0.266667,3,0.212828,0.333333
r3_L8,F.timing,0.0,0.066667,6446,0.053207,0.049953
r3_L8,F.timing,0.066667,0.133333,7712,0.085634,0.073522
r3_L8,F.timing,0.133333,0.2,231,0.149549,0.064935
r3_L8,F.timing,0.2,0.266667,8,0.219739,0.375
r3_L8,GK.full,0.0,0.066667,43166,0.034711,0.039035
r3_L8,GK.full,0.066667,0.133333,25,0.069717,0.0
r3_L8,GK.timing,0.0,0.066667,42770,0.03983,0.049638
r3_L8,GK.timing,0.066667,0.133333,421,0.072437,0.090261
r3_L8,N.F,0.0,0.066667,14397,0.03122,0.025908
r3_L8,N@A,0.0,0.066667,14391,0.033591,0.042944
r3_L8,N@A,0.066667,0.133333,6,0.070103,0.166667
r3_L8,N@C,0.0,0.066667,14391,0.033591,0.043291
r3_L8,N@C,0.066667,0.133333,6,0.070103,0.166667
r3_L8,N@D,0.0,0.066667,14391,0.033589,0.043499
r3_L8,N@D,0.066667,0.133333,6,0.070103,0.166667
r3_L8,N@V,0.0,0.066667,14391,0.033548,0.043499
r3_L8,N@V,0.066667,0.133333,6,0.070103,0.166667
r3_L8,Nb.seq,0.0,0.066667,14391,0.03336,0.041623
r3_L8,Nb.seq,0.066667,0.133333,6,0.069541,0.166667
r3_L8,V.full,0.0,0.066667,14339,0.037819,0.040449
r3_L8,V.full,0.066667,0.133333,58,0.071165,0.103448
r3_L8,V.timing,0.0,0.066667,9319,0.050464,0.038523
r3_L8,V.timing,0.066667,0.133333,5074,0.079368,0.047891
r3_L8,V.timing,0.133333,0.2,4,0.14038,0.0
r3_L24,A,0.0,0.066667,43471,0.009958,0.01256
r3_L24,C,0.0,0.066667,43471,0.011766,0.015091
r3_L24,D,0.0,0.066667,43471,0.007376,0.00881
r3_L24,F.full,0.0,0.066667,43416,0.030451,0.023332
r3_L24,F.full,0.066667,0.133333,55,0.071435,0.054545
r3_L24,F.legs,0.0,0.066667,43471,0.026101,0.016862
r3_L24,F.timing,0.0,0.066667,43453,0.026679,0.020482
r3_L24,F.timing,0.066667,0.133333,14,0.089241,0.0
r3_L24,F.timing,0.133333,0.2,3,0.158467,0.0
r3_L24,F.timing,0.266667,0.333333,1,0.287907,0.0
r3_L24,GK.full,0.0,0.066667,130413,0.010456,0.013365
r3_L24,GK.timing,0.0,0.066667,130413,0.011066,0.013825
r3_L24,N.F,0.0,0.066667,43471,0.011623,0.008902
r3_L24,N@A,0.0,0.066667,43471,0.009179,0.013549
r3_L24,N@C,0.0,0.066667,43471,0.009179,0.013687
r3_L24,N@D,0.0,0.066667,43471,0.009179,0.013457
r3_L24,N@V,0.0,0.066667,43471,0.009171,0.013779
r3_L24,Nb.seq,0.0,0.066667,43471,0.009137,0.013411
r3_L24,V.full,0.0,0.066667,43471,0.011681,0.012491
r3_L24,V.timing,0.0,0.066667,43471,0.016495,0.013848
r3_L40,A,0.0,0.066667,72282,0.005752,0.00754
r3_L40,C,0.0,0.066667,72282,0.006993,0.007996
r3_L40,D,0.0,0.066667,72282,0.003606,0.004953
r3_L40,F.full,0.0,0.066667,72282,0.016687,0.012963
r3_L40,F.legs,0.0,0.066667,72282,0.015783,0.010196
r3_L40,F.timing,0.0,0.066667,72276,0.016828,0.012245
r3_L40,F.timing,0.066667,0.133333,4,0.094078,0.0
r3_L40,F.timing,0.133333,0.2,2,0.15101,0.0
r3_L40,GK.full,0.0,0.066667,216846,0.004941,0.006788
r3_L40,GK.timing,0.0,0.066667,216846,0.006622,0.007042
r3_L40,N.F,0.0,0.066667,72282,0.007278,0.005562
r3_L40,N@A,0.0,0.066667,72282,0.004516,0.008425
r3_L40,N@C,0.0,0.066667,72282,0.004515,0.008411
r3_L40,N@D,0.0,0.066667,72282,0.004516,0.008453
r3_L40,N@V,0.0,0.066667,72282,0.004512,0.008315
r3_L40,Nb.seq,0.0,0.066667,72282,0.004499,0.008162
r3_L40,V.full,0.0,0.066667,72282,0.005317,0.007402
r3_L40,V.timing,0.0,0.066667,72282,0.008605,0.009006
r1_L40,F.full,0.0,0.066667,39553,0.023527,0.275023
r1_L40,F.full,0.066667,0.133333,2140,0.090053,0.325701
r1_L40,F.full,0.133333,0.2,2525,0.170648,0.327921
r1_L40,F.full,0.2,0.266667,3497,0.233459,0.352874
r1_L40,F.full,0.266667,0.333333,3514,0.297688,0.350882
r1_L40,F.full,0.333333,0.4,3589,0.367433,0.397882
r1_L40,F.full,0.4,0.466667,3087,0.432179,0.379009
r1_L40,F.full,0.466667,0.533333,2791,0.501069,0.390541
r1_L40,F.full,0.533333,0.6,2615,0.56691,0.430593
r1_L40,F.full,0.6,0.666667,2255,0.632554,0.43592
r1_L40,F.full,0.666667,0.733333,1839,0.698765,0.430669
r1_L40,F.full,0.733333,0.8,1501,0.766601,0.385077
r1_L40,F.full,0.8,0.866667,1235,0.83074,0.441296
r1_L40,F.full,0.866667,0.933333,571,0.892842,0.467601
r1_L40,F.full,0.933333,1.0,1570,0.974972,0.597452
r1_L40,F.timing,0.0,0.066667,72220,0.019308,0.016907
r1_L40,F.timing,0.066667,0.133333,58,0.079187,0.103448
r1_L40,F.timing,0.133333,0.2,2,0.162165,0.0
r1_L40,F.timing,0.2,0.266667,1,0.200599,1.0
r1_L40,F.timing,0.333333,0.4,1,0.353441,0.0
r1_L40,N.F,0.0,0.066667,72282,0.006995,0.005506
r1_L40,Nb.seq,0.0,0.066667,72282,0.00498,0.007872
r3_L40_w40,A,0.0,0.066667,16144,0.005718,0.006752
r3_L40_w40,C,0.0,0.066667,16144,0.006919,0.007185
r3_L40_w40,D,0.0,0.066667,16144,0.003574,0.005451
r3_L40_w40,F.full,0.0,0.066667,16144,0.016519,0.01307
r3_L40_w40,F.legs,0.0,0.066667,16144,0.015569,0.010716
r3_L40_w40,F.timing,0.0,0.066667,16142,0.016701,0.01301
r3_L40_w40,F.timing,0.066667,0.133333,1,0.117352,0.0
r3_L40_w40,F.timing,0.866667,0.933333,1,0.90348,0.0
r3_L40_w40,GK.full,0.0,0.066667,48432,0.0049,0.006525
r3_L40_w40,GK.timing,0.0,0.066667,48432,0.006623,0.007
r3_L40_w40,N.F,0.0,0.066667,16144,0.007241,0.00446
r3_L40_w40,N@A,0.0,0.066667,16144,0.004473,0.007557
r3_L40_w40,N@C,0.0,0.066667,16144,0.004473,0.007867
r3_L40_w40,N@D,0.0,0.066667,16144,0.004473,0.007495
r3_L40_w40,N@V,0.0,0.066667,16144,0.00447,0.007991
r3_L40_w40,Nb.seq,0.0,0.066667,16144,0.004457,0.006752
r3_L40_w40,V.full,0.0,0.066667,16144,0.005277,0.007309
r3_L40_w40,V.timing,0.0,0.066667,16144,0.008486,0.007185
r3_L40_s1,N@V,0.0,0.066667,72424,0.004487,0.007801
r3_L40_s1,V.full,0.0,0.066667,72424,0.005233,0.007166
r3_L40_s1,V.timing,0.0,0.066667,72424,0.009044,0.00787
r3_L40_s0.5,N@V,0.0,0.066667,72282,0.004512,0.008619
r3_L40_s0.5,V.full,0.0,0.066667,72282,0.005292,0.007319
r3_L40_s0.5,V.timing,0.0,0.066667,72282,0.008577,0.008813
r3_L40_s0.1,N@V,0.0,0.066667,72282,0.00451,0.008315
r3_L40_s0.1,V.full,0.0,0.066667,72282,0.005304,0.007125
r3_L40_s0.1,V.timing,0.0,0.066667,72282,0.008602,0.008661
r3_L200_s1,N@V,0.0,0.066667,342152,0.000445,0.000874
r3_L200_s1,V.full,0.0,0.066667,342152,0.000456,0.000181
r3_L200_s1,V.timing,0.0,0.066667,342152,0.00085,0.001023
r3_L200_s0.5,N@V,0.0,0.066667,358946,0.000455,0.001217
r3_L200_s0.5,V.full,0.0,0.066667,358946,0.000424,0.001
r3_L200_s0.5,V.timing,0.0,0.066667,358946,0.000794,0.001357
r3_L200_s0.1,N@V,0.0,0.066667,340919,0.000454,0.001229
r3_L200_s0.1,V.full,0.0,0.066667,340919,0.00042,0.001071
r3_L200_s0.1,V.timing,0.0,0.066667,340919,0.000788,0.001426
r3_L200,A,0.0,0.066667,358946,0.000447,0.001011
r3_L200,C,0.0,0.066667,358946,0.000589,0.001187
r3_L200,D,0.0,0.066667,358946,0.000357,0.000657
r3_L200,F.full,0.0,0.066667,358946,0.002743,0.002098
r3_L200,F.legs,0.0,0.066667,358946,0.001992,0.001889
r3_L200,F.timing,0.0,0.066667,358946,0.003563,0.002546
r3_L200,GK.full,0.0,0.066667,1076838,0.000416,0.000573
r3_L200,GK.timing,0.0,0.066667,1076838,0.000515,0.000288
r3_L200,N.F,0.0,0.066667,358946,0.0015,0.000997
r3_L200,N@A,0.0,0.066667,358946,0.000455,0.001457
r3_L200,N@C,0.0,0.066667,358946,0.000455,0.00146
r3_L200,N@D,0.0,0.066667,358946,0.000455,0.001471
r3_L200,N@V,0.0,0.066667,358946,0.000455,0.001318
r3_L200,Nb.seq,0.0,0.066667,358946,0.000454,0.000878
r3_L200,V.full,0.0,0.066667,358946,0.000423,0.001073
r3_L200,V.timing,0.0,0.066667,358946,0.000793,0.001446
r1_L200,F.full,0.0,0.066667,225463,0.015472,0.056178
r1_L200,F.full,0.066667,0.133333,88550,0.092395,0.074365
r1_L200,F.full,0.133333,0.2,25847,0.160699,0.076372
r1_L200,F.full,0.2,0.266667,8969,0.227537,0.077712
r1_L200,F.full,0.266667,0.333333,3620,0.296792,0.084254
r1_L200,F.full,0.333333,0.4,1240,0.366318,0.102419
r1_L200,F.full,0.4,0.466667,1431,0.428635,0.103424
r1_L200,F.full,0.466667,0.533333,369,0.492848,0.108401
r1_L200,F.full,0.533333,0.6,493,0.570631,0.105477
r1_L200,F.full,0.6,0.666667,896,0.634646,0.127232
r1_L200,F.full,0.666667,0.733333,1053,0.698847,0.152896
r1_L200,F.full,0.733333,0.8,583,0.762328,0.140652
r1_L200,F.full,0.8,0.866667,264,0.828572,0.075758
r1_L200,F.full,0.866667,0.933333,116,0.895422,0.094828
r1_L200,F.full,0.933333,1.0,52,0.966274,0.538462
r1_L200,F.timing,0.0,0.066667,358943,0.004767,0.0038
r1_L200,F.timing,0.066667,0.133333,2,0.088979,0.0
r1_L200,F.timing,0.133333,0.2,1,0.178243,0.0
r1_L200,N.F,0.0,0.066667,358946,0.001473,0.001025
r1_L200,Nb.seq,0.0,0.066667,358946,0.000524,0.000914
