cell,record,n,n_correct,auc_posterior,auc_posterior_lo,auc_posterior_hi,auc_gap,auc_gap_lo,auc_gap_hi,auc_stable,runs_needed_for_auc,ece,temperature,posterior_correct_q25,posterior_correct_median,posterior_correct_q75,posterior_incorrect_q25,posterior_incorrect_median,posterior_incorrect_q75,posterior_yield_coverage_at_p50,posterior_best_precision_cov1,posterior_prec_at_1,posterior_prec_at_1_lo,posterior_prec_at_1_hi,posterior_prec_at_5,posterior_prec_at_5_lo,posterior_prec_at_5_hi,posterior_prec_at_10,posterior_prec_at_10_lo,posterior_prec_at_10_hi,posterior_prec_at_25,posterior_prec_at_25_lo,posterior_prec_at_25_hi,posterior_prec_at_50,posterior_prec_at_50_lo,posterior_prec_at_50_hi,posterior_prec_at_100,posterior_prec_at_100_lo,posterior_prec_at_100_hi,gap_correct_q25,gap_correct_median,gap_correct_q75,gap_incorrect_q25,gap_incorrect_median,gap_incorrect_q75,gap_yield_coverage_at_p50,gap_best_precision_cov1,gap_prec_at_1,gap_prec_at_1_lo,gap_prec_at_1_hi,gap_prec_at_5,gap_prec_at_5_lo,gap_prec_at_5_hi,gap_prec_at_10,gap_prec_at_10_lo,gap_prec_at_10_hi,gap_prec_at_25,gap_prec_at_25_lo,gap_prec_at_25_hi,gap_prec_at_50,gap_prec_at_50_lo,gap_prec_at_50_hi,gap_prec_at_100,gap_prec_at_100_lo,gap_prec_at_100_hi
r3_L4,A,14363,1041,0.556523,0.537661,0.575384,0.520746,0.506549,0.534942,True,0,0.006888,"{""0"": 0.5011872336272725, ""1"": 0.5011872336272725}",0.056196,0.066865,0.080655,0.053623,0.063554,0.075768,0.0,0.108108,0.048611,0.023744,0.096936,0.104457,0.084151,0.128973,0.102368,0.087735,0.119122,0.091339,0.082348,0.101204,0.083124,0.07696,0.089734,0.072478,0.068351,0.076833,0.021506,0.045985,0.084899,0.012579,0.044452,0.080969,0.0,0.098901,0.083333,0.048311,0.140008,0.075209,0.058098,0.096841,0.084262,0.07098,0.099762,0.079087,0.070703,0.08837,0.075606,0.069716,0.081949,0.072478,0.068351,0.076833
r3_L4,C,14363,1308,0.566959,0.549577,0.584341,0.502857,0.487817,0.517896,True,0,0.004004,"{""0"": 0.39810717055349737, ""1"": 0.39810717055349737}",0.076065,0.092111,0.113353,0.071596,0.086024,0.104579,0.0,0.173611,0.173611,0.120449,0.243734,0.130919,0.108198,0.157569,0.131616,0.115109,0.150088,0.122807,0.112473,0.133947,0.104706,0.097835,0.112,0.091067,0.086471,0.095882,0.019231,0.04567,0.083382,0.019231,0.04567,0.08377,0.0,0.147929,0.118056,0.075028,0.180931,0.103064,0.082896,0.127457,0.089833,0.076117,0.105737,0.089947,0.081022,0.099748,0.0912,0.084759,0.098079,0.091067,0.086471,0.095882
r3_L4,D,14363,753,0.557898,0.535381,0.580415,0.515414,0.492417,0.53841,True,0,0.009163,"{""0"": 0.6309573444801935, ""1"": 0.6309573444801935}",0.037655,0.04351,0.050968,0.036212,0.04168,0.048539,0.0,0.152174,0.145833,0.097405,0.212667,0.075209,0.058098,0.096841,0.074513,0.062036,0.089259,0.066277,0.058595,0.074885,0.060707,0.055416,0.066468,0.052426,0.048899,0.056193,0.015504,0.031749,0.064538,0.015268,0.031252,0.062521,0.0,0.061711,0.055556,0.028417,0.105791,0.061281,0.045964,0.081268,0.053621,0.043116,0.066509,0.055138,0.048137,0.06309,0.054999,0.04996,0.060513,0.052426,0.048899,0.056193
r3_L4,F.full,14363,1960,0.625505,0.615237,0.635774,0.567441,0.555987,0.578895,True,0,0.030894,"{""0"": 1.9952623149688802, ""1"": 1.9952623149688802}",0.13787,0.179115,0.234296,0.119666,0.151716,0.19235,0.000278,0.316129,0.298611,0.229888,0.3778,0.291086,0.259041,0.325355,0.268106,0.245836,0.291614,0.216931,0.203757,0.23071,0.177945,0.169272,0.186962,0.136462,0.130945,0.142173,0.182427,0.404538,0.815391,0.138579,0.322643,0.610171,0.000975,0.325843,0.305556,0.236183,0.385033,0.256267,0.22569,0.289439,0.227019,0.206098,0.249398,0.179894,0.167676,0.192797,0.155249,0.147058,0.163809,0.136462,0.130945,0.142173
r3_L4,F.legs,14363,1580,0.658143,0.642651,0.673634,0.583087,0.568916,0.597259,True,0,0.029748,"{""0"": 1.9952623149688802, ""1"": 1.9952623149688802}",0.130595,0.158146,0.195379,0.098832,0.133759,0.16614,0.0,0.312925,0.305556,0.236183,0.385033,0.246518,0.216398,0.279336,0.20961,0.189346,0.231423,0.179616,0.167405,0.192511,0.153578,0.145425,0.162102,0.110005,0.104992,0.115227,0.15457,0.378719,0.725576,0.108845,0.266001,0.539141,0.0,0.258503,0.243056,0.180269,0.319194,0.207521,0.179453,0.238702,0.178273,0.159343,0.19892,0.151211,0.139867,0.163301,0.133528,0.125857,0.141591,0.110005,0.104992,0.115227
r3_L4,F.timing,14363,1707,0.58219,0.567261,0.597119,0.518643,0.505327,0.531959,True,0,0.01208,"{""0"": 1.584893192461114, ""1"": 1.584893192461114}",0.106122,0.132459,0.167035,0.097669,0.120605,0.150536,0.0,0.304813,0.263889,0.198715,0.341333,0.200557,0.172897,0.231405,0.181058,0.162002,0.201817,0.157059,0.145526,0.169326,0.1423,0.134412,0.150571,0.118847,0.113656,0.124242,0.069005,0.164972,0.331861,0.063638,0.156668,0.303682,0.0,0.170455,0.159722,0.108852,0.228275,0.132312,0.109474,0.159064,0.139276,0.122328,0.158148,0.129769,0.119172,0.141157,0.122529,0.115146,0.130314,0.118847,0.113656,0.124242
r3_L4,GK.full,43089,4043,0.579383,0.567187,0.591579,0.521303,0.510651,0.531954,True,0,0.016054,"{""0"": 0.5011872336272725, ""1"": 0.5011872336272725}",0.066086,0.07956,0.09672,0.061648,0.073269,0.088582,4.6e-05,0.173638,0.153132,0.122211,0.190182,0.16481,0.149741,0.181072,0.146438,0.136197,0.157309,0.127274,0.121113,0.133701,0.112746,0.108591,0.117039,0.093829,0.091112,0.096619,0.01303,0.032261,0.058568,0.012461,0.029559,0.054067,0.0,0.115134,0.095128,0.070897,0.126511,0.109564,0.097062,0.123456,0.105361,0.096543,0.114882,0.103973,0.09835,0.109879,0.099842,0.09591,0.103917,0.093829,0.091112,0.096619
r3_L4,GK.timing,43089,4026,0.56143,0.550594,0.572266,0.515691,0.507146,0.524235,True,0,0.019886,"{""0"": 0.6309573444801935, ""1"": 0.6309573444801935}",0.061479,0.073838,0.089277,0.058549,0.069529,0.083704,4.6e-05,0.164609,0.162413,0.130601,0.20019,0.142061,0.127955,0.157442,0.134602,0.124736,0.145119,0.119662,0.113668,0.125927,0.107919,0.103845,0.112132,0.093435,0.090723,0.096219,0.020087,0.04975,0.089517,0.019048,0.046832,0.08522,0.0,0.134545,0.12065,0.093204,0.154798,0.115599,0.102775,0.129791,0.111163,0.102121,0.120897,0.101188,0.095635,0.107026,0.097196,0.093312,0.101224,0.093435,0.090723,0.096219
r3_L4,N.F,14363,778,0.559129,0.538644,0.579614,0.501584,0.481362,0.521806,True,0,0.0109,"{""0"": 1.0000000000000004, ""1"": 1.0000000000000004}",0.057578,0.065572,0.075583,0.055541,0.062937,0.072298,0.0,0.094675,0.076389,0.043187,0.131604,0.069638,0.053219,0.090637,0.075905,0.06331,0.090763,0.071011,0.063061,0.079878,0.064884,0.059417,0.070817,0.054167,0.050583,0.057989,0.027151,0.075154,0.14197,0.026907,0.076373,0.14404,0.0,0.070652,0.048611,0.023744,0.096936,0.047354,0.034082,0.065443,0.052925,0.042492,0.065743,0.052353,0.045535,0.060128,0.053885,0.048897,0.059349,0.054167,0.050583,0.057989
r3_L4,N@A,14363,1154,0.569662,0.552172,0.587153,0.501432,0.484078,0.518787,True,0,0.01344,"{""0"": 0.39810717055349737, ""1"": 0.39810717055349737}",0.056196,0.067061,0.082366,0.052586,0.062447,0.076362,0.000139,0.152778,0.152778,0.103109,0.220491,0.112813,0.091703,0.138045,0.115599,0.100077,0.133172,0.103035,0.093513,0.113406,0.097466,0.09082,0.104542,0.080345,0.076011,0.084904,0.005457,0.012834,0.024724,0.005457,0.013,0.024795,0.0,0.104575,0.104167,0.064148,0.164756,0.093315,0.07415,0.116808,0.08844,0.074831,0.104245,0.080201,0.071759,0.089539,0.079783,0.073739,0.086276,0.080345,0.076011,0.084904
r3_L4,N@C,14363,1151,0.568583,0.552251,0.584915,0.503104,0.485594,0.520615,True,0,0.013233,"{""0"": 0.39810717055349737, ""1"": 0.39810717055349737}",0.056141,0.066996,0.082326,0.052586,0.062447,0.076213,0.000139,0.163399,0.159722,0.108852,0.228275,0.114206,0.092966,0.139553,0.116295,0.100729,0.133909,0.1022,0.092714,0.112536,0.09663,0.090011,0.103681,0.080136,0.075808,0.08469,0.005424,0.013081,0.025151,0.005457,0.012983,0.024727,0.0,0.117647,0.111111,0.069559,0.172872,0.0961,0.076642,0.119857,0.089833,0.076117,0.105737,0.082428,0.073873,0.091876,0.080618,0.074544,0.087141,0.080136,0.075808,0.08469
r3_L4,N@D,14363,1156,0.565531,0.549565,0.581497,0.501335,0.483041,0.519629,True,0,0.013578,"{""0"": 0.39810717055349737, ""1"": 0.39810717055349737}",0.055977,0.066735,0.081965,0.052586,0.062447,0.076362,0.000139,0.155914,0.152778,0.103109,0.220491,0.108635,0.087922,0.133514,0.112813,0.097473,0.13022,0.101365,0.091915,0.111666,0.09663,0.090011,0.103681,0.080485,0.076147,0.085047,0.005452,0.012834,0.024795,0.005457,0.013,0.024795,0.0,0.104575,0.104167,0.064148,0.164756,0.091922,0.072906,0.115282,0.087744,0.074189,0.103499,0.080757,0.072288,0.090123,0.08034,0.074275,0.086853,0.080485,0.076147,0.085047
r3_L4,N@V,14363,1168,0.567884,0.550217,0.585551,0.5022,0.48398,0.520419,True,0,0.014518,"{""0"": 0.39810717055349737, ""1"": 0.39810717055349737}",0.055841,0.067061,0.081925,0.052586,0.062325,0.076213,0.000139,0.165563,0.159722,0.108852,0.228275,0.126741,0.104377,0.153078,0.116992,0.10138,0.134647,0.104149,0.094578,0.114566,0.098023,0.091359,0.105116,0.08132,0.076961,0.085903,0.005437,0.013036,0.024795,0.005457,0.012983,0.024795,0.0,0.111111,0.111111,0.069559,0.172872,0.093315,0.07415,0.116808,0.087047,0.073546,0.102752,0.081593,0.07308,0.091,0.081871,0.075752,0.088438,0.08132,0.076961,0.085903
r3_L4,Nb.seq,14363,1170,0.574399,0.556828,0.591971,0.508214,0.49009,0.526337,True,0,0.015167,"{""0"": 0.39810717055349737, ""1"": 0.39810717055349737}",0.055868,0.066996,0.081697,0.052278,0.061961,0.075473,0.000139,0.166667,0.159722,0.108852,0.228275,0.12117,0.099295,0.147077,0.116992,0.10138,0.134647,0.108883,0.09911,0.119492,0.099833,0.093112,0.106981,0.081459,0.077097,0.086045,0.005471,0.013619,0.025166,0.005457,0.012877,0.02471,0.0,0.118056,0.118056,0.075028,0.180931,0.098886,0.07914,0.122901,0.093315,0.079336,0.109463,0.083821,0.075196,0.093335,0.084099,0.077901,0.090742,0.081459,0.077097,0.086045
r3_L4,V.full,14363,1218,0.574474,0.556675,0.592272,0.509784,0.493678,0.525889,True,0,0.009538,"{""0"": 0.5011872336272725, ""1"": 0.5011872336272725}",0.063345,0.076961,0.092652,0.059937,0.070762,0.085689,0.000278,0.165877,0.145833,0.097405,0.212667,0.139276,0.115865,0.166526,0.123955,0.107908,0.142009,0.11863,0.108459,0.129616,0.100668,0.093922,0.107842,0.084801,0.080355,0.089469,0.018868,0.042111,0.082238,0.018868,0.04041,0.077709,0.0,0.127517,0.125,0.080551,0.188937,0.0961,0.076642,0.119857,0.096797,0.082562,0.113183,0.092732,0.083675,0.102659,0.086745,0.080454,0.093477,0.084801,0.080355,0.089469
r3_L4,V.timing,14363,1152,0.547755,0.529908,0.565603,0.519487,0.501989,0.536985,True,0,0.026984,"{""0"": 0.6309573444801935, ""1"": 0.6309573444801935}",0.082205,0.106181,0.133498,0.075916,0.099985,0.125291,0.0,0.145161,0.118056,0.075028,0.180931,0.125348,0.103105,0.151579,0.114206,0.098775,0.131696,0.097466,0.088191,0.107601,0.087859,0.08153,0.094628,0.080206,0.075876,0.084761,0.051293,0.125163,0.332686,0.047147,0.118482,0.301261,0.0,0.090072,0.076389,0.043187,0.131604,0.082173,0.064239,0.104553,0.084262,0.07098,0.099762,0.086327,0.077578,0.09596,0.084795,0.078572,0.091462,0.080206,0.075876,0.084761
r2_L4,A,14363,1068,0.570515,0.55486,0.586171,0.514098,0.498664,0.529533,True,0,0.008875,"{""0"": 0.5011872336272725, ""1"": 0.5011872336272725}",0.056499,0.066604,0.07894,0.053518,0.062691,0.074303,0.0,0.14245,0.131944,0.086123,0.196893,0.129526,0.106923,0.156073,0.116992,0.10138,0.134647,0.098023,0.088723,0.108182,0.087998,0.081664,0.094772,0.074358,0.07018,0.078763,0.021506,0.040822,0.077386,0.012423,0.036814,0.074108,0.0,0.09685,0.076389,0.043187,0.131604,0.083565,0.065472,0.106091,0.093315,0.079336,0.109463,0.078251,0.069911,0.087493,0.076998,0.071056,0.083392,0.074358,0.07018,0.078763
r2_L4,C,14363,2221,0.571979,0.557875,0.586083,0.534407,0.521785,0.54703,True,0,0.009512,"{""0"": 0.5011872336272725, ""1"": 0.5011872336272725}",0.125165,0.153805,0.189183,0.117352,0.142107,0.173435,0.000975,0.353659,0.340278,0.267941,0.420915,0.249304,0.219051,0.282225,0.227019,0.206098,0.249398,0.203286,0.190444,0.216763,0.181426,0.172684,0.190508,0.154633,0.148813,0.160639,0.041891,0.089445,0.161119,0.032435,0.080042,0.146032,0.000835,0.221978,0.208333,0.150011,0.281813,0.210306,0.182079,0.241617,0.187326,0.167989,0.208331,0.172932,0.160914,0.18565,0.164996,0.156591,0.173759,0.154633,0.148813,0.160639
r2_L4,D,14363,855,0.564745,0.541896,0.587595,0.507321,0.487087,0.527555,True,0,0.008478,"{""0"": 0.6309573444801935, ""1"": 0.6309573444801935}",0.044368,0.051872,0.060644,0.042502,0.049207,0.057529,0.0,0.133333,0.125,0.080551,0.188937,0.098886,0.07914,0.122901,0.090529,0.07676,0.106483,0.07296,0.064903,0.08193,0.070732,0.06503,0.076894,0.059528,0.055775,0.063517,0.015038,0.05196,0.100804,0.015038,0.04879,0.09798,0.000139,0.076241,0.041667,0.019234,0.087918,0.073816,0.056875,0.095293,0.060585,0.049379,0.074136,0.060429,0.053095,0.068702,0.060707,0.055416,0.066468,0.059528,0.055775,0.063517
r2_L4,F.full,14363,5475,0.868986,0.862609,0.875363,0.838993,0.830292,0.847695,True,0,0.042061,"{""0"": 6.309573444801938, ""1"": 6.309573444801938}",0.519681,0.825999,0.863528,0.054255,0.064681,0.094664,0.715589,0.941176,0.9375,0.885491,0.966773,0.888579,0.863465,0.909558,0.869777,0.851379,0.886202,0.833473,0.820932,0.8453,0.661793,0.650768,0.672646,0.381188,0.373278,0.389161,1.747318,27.86834,28.997746,0.138476,0.328485,0.695379,0.685651,0.883249,0.875,0.811063,0.919449,0.835655,0.806775,0.860962,0.818245,0.797459,0.837334,0.82122,0.808346,0.833407,0.633807,0.622596,0.644874,0.381188,0.373278,0.389161
r2_L4,F.legs,14363,4945,0.910266,0.904136,0.916395,0.889391,0.881313,0.89747,True,0,0.023608,"{""0"": 6.309573444801938, ""1"": 6.309573444801938}",0.739337,0.794743,0.826503,0.041154,0.04892,0.067876,0.664485,0.901695,0.868056,0.803107,0.913877,0.860724,0.833474,0.884135,0.8461,0.826515,0.863839,0.826511,0.813778,0.838545,0.650654,0.63955,0.661597,0.344287,0.33656,0.352099,26.747309,28.250206,29.075097,0.0566,0.13657,0.335926,0.651953,0.819087,0.777778,0.703158,0.837963,0.778552,0.746742,0.807396,0.782033,0.759942,0.80262,0.808131,0.794926,0.820679,0.631161,0.619935,0.642247,0.344287,0.33656,0.352099
r2_L4,F.timing,14363,2237,0.641577,0.630716,0.652438,0.573352,0.560124,0.58658,True,0,0.010025,"{""0"": 1.584893192461114, ""1"": 1.2589254117941677}",0.128886,0.183005,0.251117,0.096909,0.139223,0.197297,0.007519,0.473054,0.458333,0.379092,0.53974,0.327298,0.293975,0.36246,0.29805,0.274957,0.322221,0.251184,0.23727,0.265629,0.209273,0.200022,0.218835,0.155747,0.149909,0.16177,0.073204,0.173321,0.383203,0.050644,0.124786,0.271677,0.005988,0.4,0.395833,0.319665,0.477415,0.274373,0.243002,0.308146,0.243036,0.221557,0.265887,0.208577,0.195603,0.222174,0.181287,0.172548,0.190366,0.155747,0.149909,0.16177
r2_L4,GK.full,43089,5223,0.586782,0.572173,0.60139,0.523595,0.511432,0.535757,True,0,0.021825,"{""0"": 0.6309573444801935, ""1"": 0.6309573444801935}",0.084644,0.102728,0.123706,0.077717,0.094038,0.113077,0.000232,0.228311,0.215777,0.179543,0.257033,0.210306,0.19362,0.228025,0.182641,0.171389,0.194458,0.168028,0.161086,0.175207,0.146816,0.142153,0.151605,0.121214,0.118166,0.12433,0.033627,0.07495,0.141553,0.030341,0.070381,0.13077,4.6e-05,0.167742,0.167053,0.134811,0.205178,0.134633,0.120867,0.1497,0.135994,0.126083,0.146554,0.135629,0.129293,0.142225,0.126764,0.122388,0.131273,0.121214,0.118166,0.12433
r2_L4,GK.timing,43089,3962,0.560102,0.551979,0.568224,0.50849,0.4993,0.51768,True,0,0.015976,"{""0"": 0.6309573444801935, ""1"": 0.5011872336272725}",0.064555,0.077262,0.093076,0.060763,0.072865,0.087635,4.6e-05,0.136048,0.12529,0.097309,0.159891,0.12442,0.111146,0.13903,0.124623,0.115094,0.13482,0.113071,0.107228,0.11919,0.107362,0.103298,0.111566,0.091949,0.089257,0.094714,0.013158,0.034112,0.067594,0.012699,0.033226,0.065892,0.0,0.103074,0.090487,0.0669,0.12131,0.0961,0.084363,0.109276,0.098167,0.089637,0.107412,0.094597,0.089214,0.100269,0.093994,0.090169,0.097963,0.091949,0.089257,0.094714
r2_L4,N.F,14363,778,0.559129,0.538644,0.579614,0.501584,0.481362,0.521806,True,0,0.0109,"{""0"": 1.0000000000000004, ""1"": 1.0000000000000004}",0.057578,0.065572,0.075583,0.055541,0.062937,0.072298,0.0,0.094675,0.076389,0.043187,0.131604,0.069638,0.053219,0.090637,0.075905,0.06331,0.090763,0.071011,0.063061,0.079878,0.064884,0.059417,0.070817,0.054167,0.050583,0.057989,0.027151,0.075154,0.14197,0.026907,0.076373,0.14404,0.0,0.069519,0.048611,0.023744,0.096936,0.047354,0.034082,0.065443,0.052925,0.042492,0.065743,0.052353,0.045535,0.060128,0.053885,0.048897,0.059349,0.054167,0.050583,0.057989
r2_L4,N@A,14363,1328,0.568076,0.550573,0.585579,0.510523,0.495141,0.525904,True,0,0.019793,"{""0"": 0.39810717055349737, ""1"": 0.39810717055349737}",0.061961,0.074158,0.088237,0.058207,0.06928,0.082567,0.0,0.173611,0.173611,0.120449,0.243734,0.150418,0.126134,0.178423,0.132312,0.115764,0.150822,0.121972,0.11167,0.133081,0.109997,0.102968,0.117443,0.09246,0.087831,0.097307,0.006365,0.016302,0.029381,0.00585,0.015177,0.029481,0.0,0.105263,0.104167,0.064148,0.164756,0.090529,0.071663,0.113754,0.097493,0.083208,0.113926,0.092453,0.08341,0.102368,0.097605,0.090955,0.104686,0.09246,0.087831,0.097307
r2_L4,N@C,14363,1332,0.566635,0.549369,0.583902,0.511379,0.496591,0.526167,True,0,0.020227,"{""0"": 0.39810717055349737, ""1"": 0.39810717055349737}",0.061961,0.074013,0.087807,0.058207,0.069258,0.082567,0.0,0.166667,0.166667,0.114633,0.236023,0.150418,0.126134,0.178423,0.133008,0.11642,0.151555,0.120858,0.1106,0.131926,0.110276,0.103239,0.117729,0.092738,0.088103,0.097592,0.00648,0.01633,0.029347,0.00585,0.015171,0.029481,0.0,0.111842,0.111111,0.069559,0.172872,0.091922,0.072906,0.115282,0.099582,0.085147,0.116154,0.092453,0.08341,0.102368,0.098301,0.091629,0.105403,0.092738,0.088103,0.097592
r2_L4,N@D,14363,1329,0.566557,0.549305,0.583809,0.509242,0.493546,0.524937,True,0,0.020177,"{""0"": 0.39810717055349737, ""1"": 0.39810717055349737}",0.061961,0.074013,0.08755,0.058207,0.069258,0.082567,0.0,0.159722,0.159722,0.108852,0.228275,0.14624,0.122277,0.173968,0.130919,0.114453,0.149355,0.120858,0.1106,0.131926,0.109858,0.102833,0.1173,0.092529,0.087899,0.097378,0.006485,0.016271,0.029347,0.00585,0.015207,0.02949,0.0,0.105263,0.104167,0.064148,0.164756,0.087744,0.069182,0.110693,0.0961,0.081916,0.112439,0.091896,0.082879,0.101786,0.097466,0.09082,0.104542,0.092529,0.087899,0.097378
r2_L4,N@V,14363,1319,0.566573,0.550909,0.582238,0.512467,0.497084,0.52785,True,0,0.019539,"{""0"": 0.39810717055349737, ""1"": 0.39810717055349737}",0.061659,0.073869,0.088064,0.058093,0.069175,0.082406,0.0,0.159722,0.159722,0.108852,0.228275,0.151811,0.127421,0.179906,0.133705,0.117076,0.152288,0.12225,0.111938,0.13337,0.109162,0.102158,0.116584,0.091833,0.087219,0.096666,0.006485,0.016311,0.030201,0.00585,0.015171,0.029424,0.0,0.105263,0.104167,0.064148,0.164756,0.091922,0.072906,0.115282,0.098189,0.083854,0.114669,0.093567,0.084472,0.103531,0.097466,0.09082,0.104542,0.091833,0.087219,0.096666
r2_L4,Nb.seq,14363,1295,0.572167,0.556399,0.587934,0.518211,0.50344,0.532983,True,0,0.01883,"{""0"": 0.39810717055349737, ""1"": 0.39810717055349737}",0.061552,0.073571,0.087161,0.057478,0.068451,0.081605,0.0,0.154446,0.125,0.080551,0.188937,0.144847,0.120993,0.172481,0.133008,0.11642,0.151555,0.120022,0.109797,0.13106,0.108605,0.101617,0.116011,0.090162,0.085587,0.094956,0.006642,0.01654,0.031056,0.00585,0.015171,0.029302,0.0,0.125,0.125,0.080551,0.188937,0.097493,0.07789,0.12138,0.100975,0.086441,0.117639,0.097187,0.087925,0.10731,0.096491,0.089877,0.103537,0.090162,0.085587,0.094956
r2_L4,V.full,14363,1639,0.572943,0.55475,0.591136,0.525881,0.509825,0.541937,True,0,0.015447,"{""0"": 0.6309573444801935, ""1"": 0.6309573444801935}",0.083459,0.101361,0.122027,0.078479,0.094106,0.112416,0.000835,0.222222,0.222222,0.162037,0.296842,0.194986,0.167662,0.225557,0.170613,0.152042,0.190942,0.152604,0.141214,0.164736,0.132971,0.125314,0.141021,0.114113,0.109016,0.119416,0.032002,0.078165,0.143101,0.027399,0.070951,0.134478,0.000139,0.166667,0.166667,0.114633,0.236023,0.123955,0.101834,0.150079,0.132312,0.115764,0.150822,0.121415,0.111135,0.132504,0.121693,0.114334,0.129457,0.114113,0.109016,0.119416
r2_L4,V.timing,14363,1187,0.550653,0.533213,0.568092,0.515488,0.498989,0.531987,True,0,0.028584,"{""0"": 0.6309573444801935, ""1"": 0.6309573444801935}",0.082881,0.110242,0.139836,0.077414,0.102958,0.131428,0.000278,0.184211,0.173611,0.120449,0.243734,0.140669,0.117145,0.168016,0.109331,0.094222,0.126526,0.101643,0.092181,0.111956,0.093985,0.087452,0.100952,0.082643,0.078251,0.087258,0.048958,0.16521,0.31776,0.046792,0.147453,0.301325,0.0,0.109415,0.090278,0.053518,0.14833,0.093315,0.07415,0.116808,0.097493,0.083208,0.113926,0.08939,0.080492,0.099166,0.087302,0.080992,0.094052,0.082643,0.078251,0.087258
r1_L4,A,14363,978,0.546503,0.527574,0.565433,0.49598,0.47635,0.515611,True,0,0.006151,"{""0"": 0.5011872336272725, ""1"": 0.5011872336272725}",0.056554,0.066215,0.07956,0.054255,0.063554,0.075768,0.0,0.104991,0.069444,0.038155,0.123109,0.094708,0.075395,0.118334,0.084262,0.07098,0.099762,0.081593,0.07308,0.091,0.076023,0.070118,0.082382,0.068092,0.064086,0.072328,0.013072,0.047068,0.08426,0.02174,0.04652,0.087011,0.0,0.070229,0.027778,0.010854,0.069242,0.059889,0.044763,0.079698,0.057799,0.046868,0.071091,0.065441,0.057808,0.074003,0.068783,0.063157,0.07487,0.068092,0.064086,0.072328
r1_L4,C,14363,2230,0.561159,0.550277,0.572041,0.521926,0.508913,0.534939,True,0,0.012884,"{""0"": 0.5011872336272725, ""1"": 0.5011872336272725}",0.12492,0.151716,0.189368,0.118967,0.142943,0.175479,0.0,0.325153,0.291667,0.223613,0.370547,0.249304,0.219051,0.282225,0.22493,0.204085,0.247243,0.194932,0.182304,0.208212,0.178223,0.169545,0.187246,0.15526,0.14943,0.161275,0.035815,0.087529,0.157903,0.032088,0.080042,0.151452,0.0,0.242424,0.222222,0.162037,0.296842,0.200557,0.172897,0.231405,0.172702,0.154032,0.193119,0.165135,0.15335,0.177636,0.164021,0.155637,0.172764,0.15526,0.14943,0.161275
r1_L4,D,14363,838,0.543273,0.524332,0.562213,0.502141,0.483206,0.521076,True,0,0.009439,"{""0"": 0.6309573444801935, ""1"": 0.6309573444801935}",0.042254,0.048729,0.056389,0.041034,0.047045,0.055002,0.0,0.105528,0.097222,0.058799,0.156577,0.083565,0.065472,0.106091,0.077994,0.065223,0.093017,0.067112,0.059382,0.075767,0.066277,0.060752,0.072265,0.058344,0.054628,0.062297,0.015038,0.046165,0.092782,0.015268,0.045809,0.092373,0.000139,0.133333,0.131944,0.086123,0.196893,0.08078,0.063007,0.103014,0.06546,0.053791,0.079447,0.059036,0.051789,0.067227,0.05848,0.053285,0.064146,0.058344,0.054628,0.062297
r1_L4,F.full,14363,12385,0.770716,0.760001,0.781431,0.854814,0.846983,0.862646,True,0,0.185804,"{""0"": 2.5118864315095815, ""1"": 1.9952623149688802}",0.504307,0.84693,1.0,0.293872,0.436335,0.571385,1.0,1.0,1.0,0.974016,1.0,1.0,0.994678,1.0,1.0,0.997332,1.0,0.997772,0.99561,0.998871,0.961988,0.957313,0.96617,0.862285,0.856552,0.867824,2.52837,4.729523,34.206856,0.234568,0.639584,1.5427,1.0,1.0,1.0,0.974016,1.0,1.0,0.994678,1.0,1.0,0.997332,1.0,1.0,0.998931,1.0,0.96533,0.960844,0.969318,0.862285,0.856552,0.867824
r1_L4,F.timing,14363,2174,0.627371,0.61925,0.635491,0.553577,0.540696,0.566458,True,0,0.012191,"{""0"": 1.584893192461114, ""1"": 1.584893192461114}",0.118099,0.168592,0.23134,0.093561,0.134545,0.18462,0.00557,0.457516,0.4375,0.359142,0.519106,0.321727,0.288585,0.356767,0.294568,0.271564,0.318668,0.240602,0.226903,0.254855,0.195628,0.186617,0.204964,0.151361,0.145593,0.157316,0.067139,0.182322,0.393004,0.052339,0.142581,0.310155,0.003481,0.375,0.375,0.300142,0.456353,0.224234,0.19524,0.256163,0.203343,0.18333,0.224938,0.189084,0.176611,0.202221,0.171818,0.16327,0.180717,0.151361,0.145593,0.157316
r1_L4,N.F,14363,749,0.563869,0.539918,0.587821,0.510312,0.488169,0.532455,True,0,0.011867,"{""0"": 1.0000000000000004, ""1"": 1.0000000000000004}",0.056859,0.064935,0.074593,0.054894,0.061961,0.070624,0.0,0.085938,0.055556,0.028417,0.105791,0.072423,0.055655,0.093743,0.073816,0.0614,0.088507,0.072403,0.064376,0.081344,0.0621,0.056749,0.067919,0.052148,0.04863,0.055905,0.031749,0.068468,0.133532,0.026669,0.068468,0.129678,0.0,0.086957,0.0625,0.033227,0.114509,0.061281,0.045964,0.081268,0.059192,0.048123,0.072614,0.054859,0.047876,0.062794,0.052492,0.04757,0.057894,0.052148,0.04863,0.055905
r1_L4,N@A,14363,1219,0.575726,0.557044,0.594409,0.524054,0.505791,0.542316,True,0,0.011547,"{""0"": 0.39810717055349737, ""1"": 0.39810717055349737}",0.061239,0.074448,0.089277,0.05798,0.068585,0.082567,0.000278,0.202312,0.1875,0.132182,0.259058,0.13649,0.113306,0.163544,0.119081,0.103337,0.136857,0.113896,0.103915,0.124702,0.102618,0.095811,0.10985,0.084871,0.080423,0.08954,0.007145,0.016955,0.031707,0.00639,0.015656,0.029522,0.0,0.12931,0.118056,0.075028,0.180931,0.108635,0.087922,0.133514,0.105153,0.090327,0.122086,0.093846,0.084737,0.103822,0.089112,0.08274,0.095922,0.084871,0.080423,0.08954
r1_L4,N@C,14363,1220,0.57335,0.553946,0.592755,0.520757,0.502531,0.538983,True,0,0.011612,"{""0"": 0.39810717055349737, ""1"": 0.39810717055349737}",0.061239,0.07423,0.089277,0.05798,0.068585,0.082567,0.000278,0.201183,0.180556,0.126299,0.251412,0.135097,0.112027,0.162051,0.118384,0.102685,0.136121,0.112225,0.102313,0.122966,0.102061,0.095271,0.109276,0.08494,0.080491,0.089612,0.007132,0.016612,0.031575,0.006406,0.015656,0.029539,0.0,0.12931,0.118056,0.075028,0.180931,0.108635,0.087922,0.133514,0.10585,0.090976,0.122827,0.092453,0.08341,0.102368,0.088833,0.082471,0.095635,0.08494,0.080491,0.089612
r1_L4,N@D,14363,1221,0.572432,0.553387,0.591476,0.522036,0.504166,0.539906,True,0,0.011682,"{""0"": 0.39810717055349737, ""1"": 0.39810717055349737}",0.061239,0.074013,0.089277,0.05798,0.068585,0.082567,0.000278,0.197674,0.180556,0.126299,0.251412,0.133705,0.11075,0.160558,0.119081,0.103337,0.136857,0.111947,0.102046,0.122677,0.101365,0.094596,0.108559,0.08501,0.080559,0.089683,0.007145,0.016456,0.031628,0.00639,0.015665,0.029536,0.0,0.12931,0.118056,0.075028,0.180931,0.108635,0.087922,0.133514,0.10585,0.090976,0.122827,0.09301,0.083941,0.10295,0.088555,0.082202,0.095347,0.08501,0.080559,0.089683
r1_L4,Nb.seq,14363,1225,0.57337,0.555515,0.591225,0.527225,0.507952,0.546498,True,0,0.012984,"{""0"": 0.39810717055349737, ""1"": 0.39810717055349737}",0.06035,0.073294,0.088755,0.057406,0.067653,0.081446,0.000278,0.20915,0.1875,0.132182,0.259058,0.130919,0.108198,0.157569,0.129526,0.113143,0.147887,0.115567,0.105518,0.126437,0.101504,0.094731,0.108702,0.085289,0.080831,0.089968,0.007145,0.017072,0.031748,0.00639,0.015625,0.02952,0.0,0.12931,0.118056,0.075028,0.180931,0.111421,0.090442,0.136535,0.105153,0.090327,0.122086,0.09496,0.085799,0.104985,0.0912,0.084759,0.098079,0.085289,0.080831,0.089968
r3_L4_positive,A,14363,11699,0.878269,0.871741,0.884797,0.664495,0.654727,0.674264,True,0,0.248193,"{""0"": 0.10000000000000002, ""1"": 0.10000000000000002}",0.524652,0.605052,0.700674,0.309408,0.384219,0.465498,1.0,1.0,1.0,0.974016,1.0,0.995822,0.987788,0.998578,0.995822,0.990914,0.998084,0.993317,0.990074,0.995505,0.975077,0.971209,0.978436,0.814523,0.808083,0.820796,0.02417,0.051458,0.089911,0.009788,0.028802,0.055271,1.0,1.0,1.0,0.974016,1.0,0.983287,0.971016,0.990414,0.975627,0.966292,0.982423,0.926204,0.917191,0.934307,0.881509,0.87383,0.888781,0.814523,0.808083,0.820796
r3_L4_positive,C,14363,11758,0.864618,0.855746,0.87349,0.64027,0.629836,0.650705,True,0,0.252603,"{""0"": 0.10000000000000002, ""1"": 0.10000000000000002}",0.52414,0.602693,0.699819,0.311302,0.389508,0.474447,1.0,0.996222,0.993056,0.961715,0.998773,0.995822,0.987788,0.998578,0.993733,0.988131,0.996699,0.984962,0.980432,0.988456,0.96895,0.964681,0.972718,0.818631,0.812245,0.824847,0.023373,0.052212,0.090677,0.012085,0.031058,0.06024,1.0,0.972603,0.972222,0.930758,0.989146,0.951253,0.932961,0.964743,0.940808,0.927386,0.951877,0.904762,0.894724,0.913935,0.878446,0.870686,0.885802,0.818631,0.812245,0.824847
r3_L4_positive,D,14363,11837,0.853622,0.846012,0.861231,0.632256,0.621006,0.643505,True,0,0.247576,"{""0"": 0.10000000000000002, ""1"": 0.10000000000000002}",0.525165,0.607865,0.709799,0.319073,0.401088,0.485224,1.0,1.0,1.0,0.974016,1.0,1.0,0.994678,1.0,0.994429,0.989045,0.997174,0.985241,0.980746,0.988698,0.963938,0.959372,0.968008,0.824131,0.817819,0.830271,0.024693,0.054067,0.095018,0.012739,0.033746,0.06517,1.0,1.0,1.0,0.974016,1.0,0.979109,0.965819,0.987299,0.948468,0.93579,0.958753,0.910331,0.900543,0.919243,0.876358,0.868543,0.88377,0.824131,0.817819,0.830271
r3_L4_positive,F.full,14363,14310,0.997403,0.996601,0.998206,0.997413,0.996615,0.998211,True,0,0.000765,"{""0"": 1.0000000000000004, ""1"": 1.0000000000000004}",0.99999,1.0,1.0,0.506034,0.561223,0.697772,1.0,1.0,1.0,0.974016,1.0,1.0,0.994678,1.0,1.0,0.997332,1.0,1.0,0.998931,1.0,1.0,0.999465,1.0,0.99631,0.995177,0.997178,11.531486,42.884644,42.884644,0.02388,0.246252,0.836576,1.0,1.0,1.0,0.974016,1.0,1.0,0.994678,1.0,1.0,0.997332,1.0,1.0,0.998931,1.0,1.0,0.999465,1.0,0.99631,0.995177,0.997178
r3_L4_positive,F.legs,14363,11374,0.8962,0.891243,0.901157,0.888562,0.883358,0.893765,True,0,0.004105,"{""0"": 1.2589254117941677, ""1"": 3.162277660168381}",1.0,1.0,1.0,0.336269,0.500627,0.501605,1.0,1.0,1.0,0.974016,1.0,1.0,0.994678,1.0,1.0,0.997332,1.0,1.0,0.998931,1.0,1.0,0.999465,1.0,0.791896,0.785179,0.798456,31.025753,31.025753,31.025753,0.004036,0.008669,0.015684,1.0,1.0,1.0,0.974016,1.0,1.0,0.994678,1.0,1.0,0.997332,1.0,1.0,0.998931,1.0,1.0,0.999465,1.0,0.791896,0.785179,0.798456
r3_L4_positive,F.timing,14363,14306,0.997792,0.997116,0.998468,0.997785,0.997107,0.998463,True,0,0.000604,"{""0"": 1.0000000000000004, ""1"": 1.0000000000000004}",1.0,1.0,1.0,0.499894,0.558762,0.694712,1.0,1.0,1.0,0.974016,1.0,1.0,0.994678,1.0,1.0,0.997332,1.0,1.0,0.998931,1.0,1.0,0.999465,1.0,0.996031,0.994862,0.996935,16.288098,16.288098,16.288098,0.0,0.236534,0.822619,1.0,1.0,1.0,0.974016,1.0,1.0,0.994678,1.0,1.0,0.997332,1.0,1.0,0.998931,1.0,1.0,0.999465,1.0,0.996031,0.994862,0.996935
r3_L4_positive,GK.full,43089,35513,0.86204,0.852555,0.871525,0.640819,0.628068,0.65357,True,0,0.263193,"{""0"": 0.10000000000000002, ""1"": 0.10000000000000002}",0.519807,0.602987,0.697431,0.293514,0.377524,0.466692,1.0,0.996245,0.993039,0.979738,0.99763,0.995822,0.992078,0.9978,0.994662,0.992003,0.996441,0.985611,0.983183,0.987693,0.968947,0.966546,0.971181,0.824178,0.820555,0.827743,0.02361,0.050814,0.089202,0.010989,0.030583,0.059206,1.0,0.97973,0.979118,0.960795,0.988976,0.949861,0.939817,0.958302,0.942214,0.934845,0.948795,0.906424,0.900778,0.91178,0.878806,0.874381,0.883097,0.824178,0.820555,0.827743
r3_L4_positive,GK.timing,43089,35626,0.880434,0.873102,0.887766,0.644345,0.63348,0.65521,True,0,0.287579,"{""0"": 0.10000000000000002, ""1"": 0.10000000000000002}",0.51325,0.581588,0.665981,0.278777,0.353786,0.430515,1.0,1.0,1.0,0.991166,1.0,0.995822,0.992078,0.9978,0.996983,0.994845,0.998236,0.993316,0.991592,0.994689,0.98018,0.978232,0.981957,0.8268,0.823198,0.830344,0.018837,0.041964,0.073555,0.009439,0.02508,0.047731,1.0,1.0,1.0,0.991166,1.0,0.972609,0.96483,0.978706,0.955442,0.948865,0.961208,0.920999,0.915754,0.925944,0.884051,0.879707,0.888258,0.8268,0.823198,0.830344
r3_L4_positive,N.F,14363,14306,0.997757,0.997047,0.998467,0.997767,0.997073,0.998461,True,0,0.000572,"{""0"": 1.0000000000000004, ""1"": 1.0000000000000004}",1.0,1.0,1.0,0.499894,0.559035,0.69268,1.0,1.0,1.0,0.974016,1.0,1.0,0.994678,1.0,1.0,0.997332,1.0,1.0,0.998931,1.0,1.0,0.999465,1.0,0.996031,0.994862,0.996935,16.307403,16.307403,16.307403,0.0,0.237131,0.812964,1.0,1.0,1.0,0.974016,1.0,1.0,0.994678,1.0,1.0,0.997332,1.0,1.0,0.998931,1.0,1.0,0.999465,1.0,0.996031,0.994862,0.996935
r3_L4_positive,N@A,14363,11860,0.911568,0.90509,0.918046,0.628971,0.614579,0.643363,True,0,0.37301,"{""0"": 0.10000000000000002, ""1"": 0.10000000000000002}",0.501605,0.521078,0.547687,0.222695,0.279595,0.345928,1.0,1.0,1.0,0.974016,1.0,0.998607,0.992153,0.999754,0.997911,0.993876,0.999289,0.998329,0.996359,0.999234,0.998608,0.997439,0.999243,0.825733,0.819442,0.831849,0.005394,0.011694,0.020815,0.002778,0.007189,0.014151,1.0,1.0,1.0,0.974016,1.0,0.947075,0.928191,0.961201,0.933148,0.919039,0.944945,0.90142,0.891237,0.910745,0.876079,0.868257,0.883499,0.825733,0.819442,0.831849
r3_L4_positive,N@C,14363,11849,0.912028,0.905581,0.918474,0.629172,0.614822,0.643521,True,0,0.372233,"{""0"": 0.10000000000000002, ""1"": 0.10000000000000002}",0.501605,0.521333,0.547687,0.222912,0.279322,0.346266,1.0,1.0,1.0,0.974016,1.0,0.998607,0.992153,0.999754,0.997911,0.993876,0.999289,0.998329,0.996359,0.999234,0.998608,0.997439,0.999243,0.824967,0.818666,0.831094,0.005394,0.011694,0.020815,0.002778,0.007183,0.014151,1.0,1.0,1.0,0.974016,1.0,0.947075,0.928191,0.961201,0.933148,0.919039,0.944945,0.900863,0.890656,0.910213,0.875661,0.867829,0.883092,0.824967,0.818666,0.831094
r3_L4_positive,N@D,14363,11859,0.911514,0.904921,0.918107,0.628182,0.614023,0.642341,True,0,0.372935,"{""0"": 0.10000000000000002, ""1"": 0.10000000000000002}",0.501605,0.521078,0.547687,0.222858,0.279595,0.345928,1.0,1.0,1.0,0.974016,1.0,0.998607,0.992153,0.999754,0.997911,0.993876,0.999289,0.998329,0.996359,0.999234,0.998608,0.997439,0.999243,0.825663,0.819372,0.831781,0.005394,0.011687,0.020785,0.002778,0.007187,0.014182,1.0,1.0,1.0,0.974016,1.0,0.947075,0.928191,0.961201,0.933148,0.919039,0.944945,0.900585,0.890366,0.909947,0.875661,0.867829,0.883092,0.825663,0.819372,0.831781
r3_L4_positive,N@V,14363,11869,0.911568,0.90514,0.917997,0.62524,0.611452,0.639029,True,0,0.37383,"{""0"": 0.10000000000000002, ""1"": 0.10000000000000002}",0.501116,0.521078,0.547687,0.221881,0.279186,0.344988,1.0,1.0,1.0,0.974016,1.0,0.998607,0.992153,0.999754,0.997911,0.993876,0.999289,0.998329,0.996359,0.999234,0.998608,0.997439,0.999243,0.826359,0.820077,0.832467,0.00538,0.011687,0.020774,0.00279,0.007335,0.014197,1.0,1.0,1.0,0.974016,1.0,0.947075,0.928191,0.961201,0.933148,0.919039,0.944945,0.901142,0.890947,0.910479,0.874826,0.866972,0.882279,0.826359,0.820077,0.832467
r3_L4_positive,Nb.seq,14363,11958,0.912631,0.906195,0.919068,0.623424,0.609567,0.637281,True,0,0.380668,"{""0"": 0.10000000000000002, ""1"": 0.10000000000000002}",0.500382,0.520824,0.54742,0.218814,0.275798,0.336926,1.0,1.0,1.0,0.974016,1.0,0.998607,0.992153,0.999754,0.997911,0.993876,0.999289,0.998329,0.996359,0.999234,0.998747,0.99762,0.999341,0.832556,0.826361,0.838573,0.005377,0.011607,0.020737,0.00278,0.00738,0.014418,1.0,1.0,1.0,0.974016,1.0,0.947075,0.928191,0.961201,0.933844,0.919796,0.945577,0.903091,0.89298,0.912341,0.877471,0.869686,0.884854,0.832556,0.826361,0.838573
r3_L4_positive,V.full,14363,11772,0.863175,0.85426,0.872091,0.638234,0.627471,0.648998,True,0,0.254559,"{""0"": 0.10000000000000002, ""1"": 0.10000000000000002}",0.523629,0.602399,0.69952,0.307075,0.386854,0.474331,1.0,0.996222,0.993056,0.961715,0.998773,0.995822,0.987788,0.998578,0.993733,0.988131,0.996699,0.984962,0.980432,0.988456,0.96895,0.964681,0.972718,0.819606,0.813232,0.825809,0.023218,0.052129,0.090677,0.012233,0.031252,0.060432,1.0,0.972603,0.972222,0.930758,0.989146,0.951253,0.932961,0.964743,0.940808,0.927386,0.951877,0.904762,0.894724,0.913935,0.878307,0.870543,0.885666,0.819606,0.813232,0.825809
r3_L4_positive,V.timing,14363,11762,0.862747,0.855033,0.870461,0.651971,0.638824,0.665118,True,0,0.247245,"{""0"": 0.10000000000000002, ""1"": 0.10000000000000002}",0.525165,0.606235,0.710146,0.313743,0.388938,0.473752,1.0,0.996198,0.993056,0.961715,0.998773,0.994429,0.985764,0.997831,0.991643,0.98545,0.995213,0.985519,0.981061,0.98894,0.967558,0.963204,0.971412,0.81891,0.812527,0.825122,0.024541,0.052644,0.093768,0.012346,0.031351,0.059115,1.0,0.994505,0.993056,0.961715,0.998773,0.958217,0.94098,0.970578,0.956128,0.944262,0.96556,0.925369,0.916312,0.933517,0.876915,0.869114,0.884312,0.81891,0.812527,0.825122
r3_L8,A,14397,563,0.554631,0.520811,0.588451,0.507649,0.47911,0.536188,True,0,0.004905,"{""0"": 0.5011872336272725, ""1"": 0.5011872336272725}",0.029933,0.035098,0.04024,0.029326,0.033425,0.038248,0.0,0.055619,0.041667,0.019234,0.087918,0.05,0.036332,0.068444,0.052083,0.041752,0.064798,0.050014,0.04336,0.057627,0.046402,0.041779,0.051508,0.039105,0.03606,0.042397,0.011429,0.033523,0.063046,0.011429,0.032435,0.057158,0.0,0.065306,0.055556,0.028417,0.105791,0.048611,0.035158,0.066855,0.045833,0.036187,0.057896,0.041123,0.035109,0.048114,0.040428,0.036118,0.045229,0.039105,0.03606,0.042397
r3_L8,C,14397,663,0.558099,0.532332,0.583867,0.513942,0.490511,0.537373,True,0,0.005774,"{""0"": 0.5011872336272725, ""1"": 0.5011872336272725}",0.035512,0.040162,0.046908,0.033819,0.03885,0.045067,0.0,0.104167,0.104167,0.064148,0.164756,0.075,0.057935,0.096576,0.072917,0.060594,0.087512,0.057516,0.050371,0.065605,0.053209,0.048258,0.058637,0.046051,0.042747,0.049598,0.010205,0.036702,0.067011,0.009756,0.035718,0.065752,0.0,0.055432,0.027778,0.010854,0.069242,0.048611,0.035158,0.066855,0.047222,0.03742,0.059434,0.047513,0.041032,0.054959,0.047513,0.042835,0.052674,0.046051,0.042747,0.049598
r3_L8,D,14397,394,0.524012,0.494102,0.553922,0.484583,0.459747,0.509418,True,0,0.003643,"{""0"": 0.6309573444801935, ""1"": 0.6309573444801935}",0.020603,0.023495,0.026649,0.020473,0.023108,0.026236,0.0,0.063291,0.0625,0.033227,0.114509,0.031944,0.021379,0.047478,0.032639,0.024633,0.043132,0.030564,0.025422,0.036708,0.029453,0.025791,0.033616,0.027367,0.024825,0.030161,0.015038,0.043487,0.089612,0.015504,0.04512,0.092373,0.0,0.042929,0.034722,0.014921,0.078703,0.036111,0.024761,0.052385,0.025694,0.018698,0.035215,0.026396,0.021642,0.03216,0.026257,0.022808,0.030212,0.027367,0.024825,0.030161
r3_L8,F.full,14397,980,0.59474,0.576211,0.613269,0.55415,0.531228,0.577071,True,0,0.025325,"{""0"": 1.9952623149688802, ""1"": 1.9952623149688802}",0.075731,0.098917,0.123828,0.068252,0.08653,0.110242,0.0,0.2,0.194444,0.138095,0.266672,0.122222,0.100282,0.148172,0.113889,0.098498,0.131334,0.100861,0.091444,0.111129,0.084885,0.078665,0.091547,0.06807,0.06407,0.0723,0.128129,0.295396,0.571852,0.102034,0.240082,0.47513,0.0,0.152866,0.152778,0.103109,0.220491,0.123611,0.101548,0.149669,0.101389,0.086844,0.118055,0.086135,0.077404,0.095748,0.077522,0.071567,0.083927,0.06807,0.06407,0.0723
r3_L8,F.legs,14397,787,0.624526,0.606807,0.642246,0.569213,0.54991,0.588516,True,0,0.021247,"{""0"": 1.9952623149688802, ""1"": 1.9952623149688802}",0.07086,0.084901,0.102958,0.058549,0.076512,0.092111,0.000834,0.16,0.159722,0.108852,0.228275,0.122222,0.100282,0.148172,0.104861,0.090074,0.12175,0.083634,0.075028,0.093129,0.070853,0.065152,0.077012,0.054664,0.051068,0.058498,0.102938,0.244883,0.523861,0.070066,0.180426,0.395341,0.000417,0.138889,0.138889,0.091742,0.204802,0.090278,0.071462,0.113442,0.083333,0.070143,0.098741,0.077244,0.068965,0.086424,0.06474,0.059285,0.07066,0.054664,0.051068,0.058498
r3_L8,F.timing,14397,907,0.568287,0.546976,0.589598,0.514681,0.49679,0.532572,True,0,0.009389,"{""0"": 1.584893192461114, ""1"": 1.584893192461114}",0.060726,0.074593,0.08919,0.055433,0.068988,0.084196,0.0,0.093333,0.090278,0.053518,0.14833,0.084722,0.066521,0.107332,0.081944,0.068865,0.097248,0.0803,0.071863,0.089633,0.075715,0.069828,0.082056,0.062999,0.059146,0.067086,0.051642,0.137561,0.302339,0.046656,0.133532,0.276253,0.0,0.086735,0.0625,0.033227,0.114509,0.084722,0.066521,0.107332,0.070139,0.05806,0.084505,0.071409,0.063445,0.080287,0.064462,0.059018,0.070371,0.062999,0.059146,0.067086
r3_L8,GK.full,43191,1685,0.5589,0.541344,0.576455,0.512009,0.494879,0.529138,True,0,0.004362,"{""0"": 0.6309573444801935, ""1"": 0.6309573444801935}",0.030893,0.035304,0.040482,0.029565,0.033819,0.03872,0.0,0.066901,0.055556,0.037614,0.081332,0.056019,0.047086,0.066528,0.052558,0.046292,0.05962,0.049824,0.045878,0.05409,0.046212,0.043492,0.049094,0.039013,0.037227,0.04088,0.009132,0.026938,0.0593,0.009132,0.024924,0.055979,0.0,0.061151,0.048611,0.032012,0.073168,0.051389,0.042848,0.061522,0.044686,0.038918,0.051263,0.041304,0.037711,0.045223,0.040146,0.037609,0.042847,0.039013,0.037227,0.04088
r3_L8,GK.timing,43191,2161,0.547464,0.538731,0.556196,0.515224,0.502665,0.527783,True,0,0.009886,"{""0"": 0.6309573444801935, ""1"": 0.6309573444801935}",0.035101,0.040333,0.046862,0.033754,0.038985,0.045071,0.0,0.092466,0.090278,0.066743,0.121035,0.06713,0.057326,0.07847,0.071081,0.063793,0.079132,0.05927,0.054971,0.063883,0.055936,0.05295,0.059081,0.050034,0.048017,0.05213,0.01565,0.040351,0.07288,0.014225,0.037631,0.071247,0.0,0.059289,0.053241,0.035736,0.078621,0.052315,0.043694,0.062525,0.052327,0.046075,0.059375,0.052417,0.04837,0.056782,0.052047,0.049163,0.05509,0.050034,0.048017,0.05213
r3_L8,N.F,14397,373,0.547849,0.522252,0.573447,0.516268,0.481312,0.551224,True,0,0.005312,"{""0"": 1.0000000000000004, ""1"": 1.2589254117941677}",0.028423,0.031462,0.035442,0.027711,0.030853,0.034285,0.0,0.036565,0.006944,0.001227,0.038285,0.029167,0.019155,0.044176,0.026389,0.019286,0.036012,0.031398,0.026181,0.037614,0.030147,0.026441,0.034355,0.025908,0.023437,0.028632,0.014815,0.040822,0.075986,0.014185,0.036367,0.070067,0.0,0.041667,0.041667,0.019234,0.087918,0.031944,0.021379,0.047478,0.033333,0.025233,0.043917,0.029453,0.024411,0.035498,0.027785,0.024233,0.031842,0.025908,0.023437,0.028632
r3_L8,N@A,14397,619,0.559093,0.537653,0.580533,0.520342,0.505051,0.535632,True,0,0.009389,"{""0"": 0.39810717055349737, ""1"": 0.39810717055349737}",0.029469,0.034018,0.039733,0.028479,0.032587,0.037508,0.0,0.068607,0.0625,0.033227,0.114509,0.063889,0.048238,0.084169,0.064583,0.053011,0.078473,0.056682,0.04959,0.06472,0.050431,0.045611,0.05573,0.042995,0.039802,0.046432,0.004786,0.011584,0.020932,0.004144,0.010681,0.020375,0.000139,0.0681,0.034722,0.014921,0.078703,0.05,0.036332,0.068444,0.048611,0.038655,0.06097,0.04529,0.038968,0.052582,0.044735,0.040197,0.049758,0.042995,0.039802,0.046432
r3_L8,N@C,14397,624,0.555309,0.535092,0.575527,0.522763,0.507796,0.537729,True,0,0.009736,"{""0"": 0.39810717055349737, ""1"": 0.39810717055349737}",0.029383,0.033952,0.039558,0.028479,0.032587,0.037508,0.0,0.069647,0.0625,0.033227,0.114509,0.063889,0.048238,0.084169,0.065278,0.053641,0.079228,0.056405,0.04933,0.064425,0.050014,0.045214,0.055294,0.043342,0.040136,0.046792,0.005223,0.011584,0.020929,0.004141,0.010681,0.020375,0.000139,0.0681,0.034722,0.014921,0.078703,0.05,0.036332,0.068444,0.048611,0.038655,0.06097,0.045568,0.039226,0.05288,0.045151,0.040592,0.050196,0.043342,0.040136,0.046792
r3_L8,N@D,14397,627,0.559434,0.53932,0.579547,0.519258,0.505939,0.532576,True,0,0.009946,"{""0"": 0.39810717055349737, ""1"": 0.39810717055349737}",0.029527,0.033952,0.039849,0.028479,0.032587,0.037508,0.0,0.074468,0.069444,0.038155,0.123109,0.066667,0.05065,0.087283,0.066667,0.054902,0.080738,0.058072,0.050891,0.066194,0.050709,0.045875,0.056021,0.043551,0.040337,0.047008,0.004786,0.011314,0.020862,0.004142,0.010746,0.020375,0.000139,0.0681,0.034722,0.014921,0.078703,0.05,0.036332,0.068444,0.048611,0.038655,0.06097,0.045568,0.039226,0.05288,0.044735,0.040197,0.049758,0.043551,0.040337,0.047008
r3_L8,N@V,14397,627,0.555761,0.535595,0.575927,0.518216,0.50497,0.531462,True,0,0.009988,"{""0"": 0.39810717055349737, ""1"": 0.39810717055349737}",0.029383,0.033952,0.0395,0.028423,0.032587,0.037508,0.0,0.068638,0.055556,0.028417,0.105791,0.063889,0.048238,0.084169,0.064583,0.053011,0.078473,0.055849,0.048809,0.063835,0.050292,0.045479,0.055585,0.043551,0.040337,0.047008,0.004786,0.011444,0.020799,0.004144,0.010746,0.020375,0.000139,0.0681,0.034722,0.014921,0.078703,0.05,0.036332,0.068444,0.047917,0.038037,0.060202,0.045568,0.039226,0.05288,0.044735,0.040197,0.049758,0.043551,0.040337,0.047008
r3_L8,Nb.seq,14397,600,0.541621,0.51731,0.565933,0.514525,0.496941,0.532108,True,0,0.0083,"{""0"": 0.39810717055349737, ""1"": 0.39810717055349737}",0.028927,0.033425,0.038777,0.028271,0.032397,0.037289,0.0,0.065385,0.0625,0.033227,0.114509,0.063889,0.048238,0.084169,0.057639,0.046737,0.070895,0.049458,0.042842,0.057035,0.046124,0.041516,0.051216,0.041675,0.038531,0.045064,0.004659,0.011459,0.020831,0.004144,0.010746,0.020375,0.000139,0.0681,0.034722,0.014921,0.078703,0.048611,0.035158,0.066855,0.045139,0.035572,0.057126,0.044457,0.038195,0.05169,0.04279,0.038353,0.047714,0.041675,0.038531,0.045064
r3_L8,V.full,14397,586,0.546114,0.520945,0.571284,0.480989,0.459055,0.502923,True,0,0.00275,"{""0"": 0.5011872336272725, ""1"": 0.5011872336272725}",0.03323,0.038136,0.044433,0.03202,0.036854,0.042668,0.0,0.083333,0.083333,0.048311,0.140008,0.058333,0.043443,0.077911,0.054861,0.04424,0.06785,0.048902,0.042325,0.056442,0.04529,0.040724,0.050341,0.040703,0.037596,0.044055,0.00995,0.028045,0.05311,0.00995,0.029559,0.060018,0.000139,0.046243,0.041667,0.019234,0.087918,0.034722,0.023628,0.050755,0.036111,0.027643,0.047047,0.034732,0.029229,0.041227,0.038761,0.034542,0.043472,0.040703,0.037596,0.044055
r3_L8,V.timing,14397,602,0.528914,0.508154,0.549674,0.500415,0.475975,0.524854,True,0,0.018861,"{""0"": 0.6309573444801935, ""1"": 0.6309573444801935}",0.050893,0.062508,0.072546,0.049015,0.06029,0.071596,0.0,0.070064,0.0625,0.033227,0.114509,0.047222,0.033987,0.065263,0.048611,0.038655,0.06097,0.047791,0.041291,0.055256,0.046124,0.041516,0.051216,0.041814,0.038665,0.045208,0.021109,0.078472,0.195957,0.021506,0.071096,0.197656,0.0,0.044271,0.020833,0.00711,0.059458,0.034722,0.023628,0.050755,0.040972,0.031896,0.052491,0.040011,0.034083,0.04692,0.043068,0.038616,0.048006,0.041814,0.038665,0.045208
r3_L24,A,43471,546,0.517765,0.498472,0.537058,0.497312,0.469749,0.524874,True,0,0.002602,"{""0"": 0.6309573444801935, ""1"": 0.6309573444801935}",0.009032,0.009919,0.010894,0.008961,0.009842,0.010852,0.0,0.013839,0.004598,0.001262,0.016607,0.00828,0.005244,0.01305,0.010352,0.007746,0.013823,0.013066,0.011096,0.015379,0.013342,0.0119,0.014955,0.01256,0.011555,0.013651,0.010257,0.030459,0.068993,0.010257,0.031091,0.068993,0.0,0.013129,0.006897,0.002348,0.020078,0.00966,0.006327,0.014722,0.011042,0.008339,0.014609,0.012698,0.010758,0.014982,0.012422,0.011033,0.013983,0.01256,0.011555,0.013651
r3_L24,C,43471,656,0.526726,0.509492,0.54396,0.510711,0.492761,0.52866,True,0,0.003325,"{""0"": 0.6309573444801935, ""1"": 0.6309573444801935}",0.010642,0.011779,0.01309,0.010524,0.011604,0.012836,0.0,0.020921,0.011494,0.004919,0.026622,0.017019,0.012373,0.02337,0.017483,0.013992,0.021827,0.017667,0.015355,0.020319,0.016286,0.014687,0.018057,0.015091,0.013987,0.01628,0.008097,0.018266,0.043297,0.0,0.017858,0.043297,0.0,0.016213,0.006897,0.002348,0.020078,0.01104,0.00743,0.016374,0.011272,0.008537,0.01487,0.014446,0.012368,0.016867,0.015918,0.014338,0.01767,0.015091,0.013987,0.01628
r3_L24,D,43471,383,0.524256,0.498211,0.5503,0.518568,0.480676,0.55646,True,0,0.001434,"{""0"": 0.7943282347242819, ""1"": 0.6309573444801935}",0.006518,0.007314,0.00832,0.00648,0.007229,0.008159,0.0,0.018182,0.016092,0.007816,0.032839,0.014259,0.010064,0.020169,0.012422,0.009534,0.016172,0.010121,0.008405,0.012184,0.009247,0.008059,0.010609,0.00881,0.007974,0.009733,0.012904,0.038221,0.080043,0.012904,0.028171,0.067139,0.0,0.014493,0.011494,0.004919,0.026622,0.012879,0.008926,0.018552,0.010122,0.007549,0.01356,0.009661,0.007988,0.011681,0.009247,0.008059,0.010609,0.00881,0.007974,0.009733
r3_L24,F.full,43471,1016,0.570404,0.557043,0.583765,0.552984,0.534449,0.571519,True,0,0.007131,"{""0"": 2.5118864315095815, ""1"": 1.9952623149688802}",0.025979,0.032397,0.038699,0.023108,0.029729,0.036283,0.0,0.034509,0.029885,0.017547,0.050454,0.028979,0.022716,0.036904,0.032666,0.027781,0.038377,0.030456,0.027388,0.033857,0.028432,0.026305,0.030726,0.023372,0.021993,0.024835,0.080091,0.220711,0.476843,0.069295,0.171373,0.362945,0.0,0.049251,0.045977,0.029957,0.069945,0.037718,0.030491,0.046577,0.034967,0.029903,0.040851,0.03064,0.027562,0.03405,0.026684,0.024624,0.028911,0.023372,0.021993,0.024835
r3_L24,F.legs,43471,733,0.646771,0.63143,0.662113,0.601267,0.584195,0.618339,True,0,0.009239,"{""0"": 1.9952623149688802, ""1"": 1.9952623149688802}",0.026721,0.030673,0.035235,0.022839,0.027603,0.031957,4.6e-05,0.050575,0.050575,0.033633,0.075385,0.035879,0.028843,0.044551,0.031516,0.026722,0.037137,0.028708,0.025731,0.032018,0.023785,0.021842,0.025897,0.016862,0.015693,0.018116,0.065264,0.188362,0.404377,0.035302,0.105616,0.270861,0.0,0.03908,0.03908,0.024541,0.06169,0.032199,0.025564,0.040484,0.030366,0.025665,0.035896,0.02604,0.023209,0.029205,0.021945,0.02008,0.023979,0.016862,0.015693,0.018116
r3_L24,F.timing,43471,890,0.553041,0.53425,0.571831,0.530338,0.515217,0.54546,True,0,0.006241,"{""0"": 1.584893192461114, ""1"": 1.584893192461114}",0.023119,0.027657,0.032517,0.021205,0.026339,0.031278,0.0,0.040816,0.03908,0.024541,0.06169,0.026219,0.020292,0.033817,0.026685,0.022296,0.03191,0.025856,0.023035,0.029011,0.023463,0.021534,0.025561,0.020473,0.019184,0.021848,0.031253,0.095753,0.209154,0.019617,0.088022,0.194184,0.0,0.03886,0.032184,0.019266,0.053292,0.028979,0.022716,0.036904,0.025305,0.021039,0.030409,0.022635,0.020003,0.025605,0.021945,0.02008,0.023979,0.020473,0.019184,0.021848
r3_L24,GK.full,130413,1743,0.537777,0.51953,0.556024,0.517528,0.502553,0.532503,True,0,0.002909,"{""0"": 0.6309573444801935, ""1"": 0.6309573444801935}",0.009547,0.010548,0.011597,0.009391,0.010352,0.011384,0.0,0.018679,0.016871,0.011168,0.025413,0.016102,0.013319,0.019454,0.01618,0.014152,0.018492,0.015213,0.013941,0.0166,0.014922,0.01402,0.015882,0.013365,0.012756,0.014003,0.003442,0.020068,0.042982,0.003231,0.019608,0.041211,0.0,0.017641,0.016871,0.011168,0.025413,0.013495,0.010967,0.016596,0.014033,0.012152,0.016199,0.014109,0.012885,0.015448,0.014032,0.013158,0.014964,0.013365,0.012756,0.014003
r3_L24,GK.timing,130413,1803,0.539528,0.53089,0.548166,0.513791,0.498615,0.528967,True,0,0.00276,"{""0"": 0.7943282347242819, ""1"": 0.7943282347242819}",0.009733,0.011134,0.012798,0.009502,0.010814,0.012393,0.0,0.022222,0.022239,0.015528,0.031757,0.020549,0.017377,0.024285,0.018787,0.016594,0.021263,0.01687,0.015528,0.018326,0.015351,0.014436,0.016324,0.013825,0.013206,0.014474,0.007624,0.039017,0.072937,0.004796,0.034233,0.071873,0.0,0.016469,0.01227,0.007567,0.019838,0.014415,0.011795,0.017607,0.014416,0.012509,0.01661,0.014262,0.013031,0.015608,0.014293,0.01341,0.015233,0.013825,0.013206,0.014474
r3_L24,N.F,43471,387,0.533063,0.508546,0.557581,0.500922,0.470749,0.531094,True,0,0.002721,"{""0"": 1.0000000000000004, ""1"": 1.0000000000000004}",0.011023,0.011688,0.012393,0.010894,0.011552,0.012249,0.0,0.016092,0.016092,0.007816,0.032839,0.01196,0.008175,0.017466,0.010812,0.008141,0.014347,0.010397,0.008656,0.012485,0.009937,0.008703,0.011345,0.008902,0.008062,0.00983,0.0,0.022305,0.043485,0.0,0.022305,0.05092,0.0,0.010172,0.004598,0.001262,0.016607,0.0092,0.005963,0.014167,0.009202,0.006765,0.012505,0.008465,0.006908,0.01037,0.008971,0.007802,0.010314,0.008902,0.008062,0.00983
r3_L24,N@A,43471,589,0.512774,0.485287,0.54026,0.505001,0.487343,0.52266,True,0,0.00437,"{""0"": 0.5011872336272725, ""1"": 0.5011872336272725}",0.00832,0.009102,0.010075,0.008288,0.009067,0.009958,0.0,0.026119,0.025287,0.014178,0.044708,0.017939,0.013151,0.024429,0.015413,0.012155,0.019526,0.015458,0.013304,0.017955,0.013664,0.012204,0.015295,0.013549,0.012505,0.01468,0.002688,0.008,0.015339,0.002014,0.007527,0.014895,0.0,0.014244,0.009195,0.003582,0.023402,0.01104,0.00743,0.016374,0.011962,0.009134,0.015652,0.013618,0.011604,0.015975,0.013986,0.012509,0.015635,0.013549,0.012505,0.01468
r3_L24,N@C,43471,595,0.515173,0.489186,0.541161,0.507461,0.489873,0.52505,True,0,0.004509,"{""0"": 0.5011872336272725, ""1"": 0.5011872336272725}",0.00834,0.009102,0.010115,0.008288,0.009067,0.009958,0.0,0.026168,0.025287,0.014178,0.044708,0.018399,0.013541,0.024957,0.016103,0.012766,0.020295,0.015826,0.013645,0.01835,0.013848,0.012378,0.01549,0.013687,0.012637,0.014823,0.002705,0.008,0.01485,0.002014,0.007527,0.014895,0.0,0.014443,0.009195,0.003582,0.023402,0.01104,0.00743,0.016374,0.011962,0.009134,0.015652,0.013618,0.011604,0.015975,0.01417,0.012682,0.015829,0.013687,0.012637,0.014823
r3_L24,N@D,43471,585,0.516695,0.487708,0.545683,0.507812,0.489251,0.526372,True,0,0.004278,"{""0"": 0.5011872336272725, ""1"": 0.5011872336272725}",0.00832,0.009102,0.010115,0.008288,0.009067,0.009958,0.0,0.025641,0.025287,0.014178,0.044708,0.017939,0.013151,0.024429,0.015643,0.012359,0.019783,0.015734,0.01356,0.018251,0.013756,0.012291,0.015393,0.013457,0.012416,0.014584,0.002688,0.008,0.015493,0.002014,0.007527,0.014895,0.0,0.014244,0.009195,0.003582,0.023402,0.01104,0.00743,0.016374,0.011962,0.009134,0.015652,0.013618,0.011604,0.015975,0.014078,0.012595,0.015732,0.013457,0.012416,0.014584
r3_L24,N@V,43471,599,0.523084,0.493367,0.552802,0.510483,0.493061,0.527906,True,0,0.004608,"{""0"": 0.5011872336272725, ""1"": 0.5011872336272725}",0.008337,0.009138,0.010154,0.008288,0.009067,0.009958,0.0,0.025918,0.025287,0.014178,0.044708,0.018399,0.013541,0.024957,0.016563,0.013174,0.020806,0.016562,0.014328,0.019138,0.014538,0.01303,0.016217,0.013779,0.012726,0.014919,0.002701,0.008,0.015504,0.002014,0.007527,0.014895,0.0,0.014907,0.009195,0.003582,0.023402,0.01196,0.008175,0.017466,0.012652,0.009734,0.016432,0.013986,0.011944,0.016372,0.014262,0.012769,0.015926,0.013779,0.012726,0.014919
r3_L24,Nb.seq,43471,583,0.526227,0.500703,0.551751,0.517248,0.499651,0.534845,True,0,0.004274,"{""0"": 0.5011872336272725, ""1"": 0.5011872336272725}",0.008353,0.009123,0.010056,0.008254,0.009032,0.009919,0.0,0.03012,0.027586,0.01585,0.047594,0.018859,0.013932,0.025484,0.017713,0.014197,0.022082,0.014906,0.012793,0.017362,0.014216,0.012726,0.015878,0.013411,0.012372,0.014536,0.003314,0.008,0.015905,0.002014,0.007527,0.014895,0.0,0.014877,0.006897,0.002348,0.020078,0.0115,0.007801,0.016921,0.013343,0.010336,0.017208,0.013802,0.011774,0.016174,0.013986,0.012509,0.015635,0.013411,0.012372,0.014536
r3_L24,V.full,43471,543,0.550121,0.528346,0.571896,0.511056,0.491472,0.530641,True,0,0.00081,"{""0"": 0.6309573444801935, ""1"": 0.6309573444801935}",0.010684,0.011825,0.013192,0.010395,0.011552,0.012836,4.6e-05,0.025,0.011494,0.004919,0.026622,0.018859,0.013932,0.025484,0.016103,0.012766,0.020295,0.015366,0.013219,0.017856,0.01394,0.012465,0.015587,0.012491,0.011489,0.013579,0.009132,0.033617,0.066375,0.008511,0.033617,0.066375,0.0,0.018391,0.018391,0.009348,0.035866,0.014259,0.010064,0.020169,0.014723,0.011547,0.018756,0.012514,0.010589,0.014783,0.012698,0.011293,0.014275,0.012491,0.011489,0.013579
r3_L24,V.timing,43471,602,0.525084,0.509851,0.540318,0.499262,0.478028,0.520496,True,0,0.002646,"{""0"": 0.7943282347242819, ""1"": 0.7943282347242819}",0.014832,0.016807,0.018814,0.014603,0.016547,0.018495,0.0,0.018258,0.009195,0.003582,0.023402,0.015179,0.010829,0.02124,0.016333,0.01297,0.020551,0.016102,0.013901,0.018645,0.014814,0.013292,0.016508,0.013848,0.012792,0.014991,0.018127,0.041926,0.110001,0.012195,0.048009,0.113524,0.0,0.016307,0.011494,0.004919,0.026622,0.015639,0.011213,0.021774,0.014263,0.011142,0.018241,0.013526,0.01152,0.015876,0.013342,0.0119,0.014955,0.013848,0.012792,0.014991
r3_L40,A,72282,545,0.521431,0.492409,0.550453,0.514044,0.491571,0.536517,True,0,0.001788,"{""0"": 0.6309573444801935, ""1"": 0.6309573444801935}",0.005247,0.005741,0.006354,0.005166,0.005674,0.00628,0.0,0.011065,0.011065,0.005617,0.021681,0.008578,0.00605,0.012149,0.008854,0.006941,0.01129,0.008688,0.007436,0.01015,0.007996,0.007129,0.008968,0.00754,0.006935,0.008197,0.0,0.018869,0.05884,0.0,0.017095,0.05884,0.0,0.009557,0.008299,0.003809,0.017986,0.008578,0.00605,0.012149,0.008854,0.006941,0.01129,0.007692,0.006519,0.009075,0.007747,0.006894,0.008705,0.00754,0.006935,0.008197
r3_L40,C,72282,578,0.535132,0.515785,0.55448,0.510136,0.481621,0.538651,True,0,0.001004,"{""0"": 0.6309573444801935, ""1"": 0.6309573444801935}",0.00643,0.007034,0.007755,0.006354,0.006927,0.007576,0.0,0.011952,0.008299,0.003809,0.017986,0.011068,0.008139,0.015036,0.010376,0.008286,0.012986,0.010127,0.008768,0.011695,0.008661,0.007756,0.009669,0.007996,0.007373,0.008672,0.0,0.007168,0.048397,0.0,0.007168,0.046884,0.0,0.011364,0.008299,0.003809,0.017986,0.008854,0.006279,0.012473,0.008854,0.006941,0.01129,0.008522,0.007283,0.009971,0.008162,0.007286,0.009144,0.007996,0.007373,0.008672
r3_L40,D,72282,358,0.510014,0.480841,0.539188,0.512469,0.487012,0.537927,True,0,0.001346,"{""0"": 0.7943282347242819, ""1"": 0.7943282347242819}",0.003349,0.003614,0.00385,0.003349,0.003593,0.00384,0.0,0.009184,0.006916,0.002957,0.016086,0.005257,0.003368,0.008197,0.005534,0.004067,0.007527,0.004981,0.004054,0.006118,0.005091,0.004408,0.005879,0.004953,0.004467,0.005492,0.0,0.024392,0.047628,0.0,0.024392,0.047628,0.0,0.008416,0.006916,0.002957,0.016086,0.005811,0.003804,0.008867,0.005257,0.003833,0.007207,0.004759,0.003856,0.005873,0.005091,0.004408,0.005879,0.004953,0.004467,0.005492
r3_L40,F.full,72282,937,0.53829,0.523241,0.553338,0.548343,0.527317,0.56937,True,0,0.003723,"{""0"": 2.5118864315095815, ""1"": 2.5118864315095815}",0.015066,0.017752,0.019881,0.014209,0.017139,0.019535,0.0,0.016958,0.008299,0.003809,0.017986,0.015772,0.012194,0.020378,0.015634,0.01302,0.018762,0.015163,0.013482,0.017051,0.01425,0.013078,0.015524,0.012963,0.012164,0.013814,0.072012,0.179502,0.35038,0.058294,0.143578,0.294249,0.0,0.022015,0.019364,0.011569,0.032239,0.017986,0.014137,0.022858,0.018816,0.015929,0.022213,0.016491,0.014735,0.018454,0.014748,0.013556,0.016043,0.012963,0.012164,0.013814
r3_L40,F.legs,72282,737,0.636954,0.616084,0.657824,0.601306,0.583294,0.619318,True,0,0.005587,"{""0"": 1.9952623149688802, ""1"": 1.9952623149688802}",0.016612,0.018602,0.021164,0.01438,0.017072,0.019535,0.0,0.028846,0.027663,0.017977,0.04234,0.020199,0.016096,0.025321,0.019092,0.016183,0.022512,0.016104,0.014369,0.018045,0.014056,0.012893,0.015322,0.010196,0.009489,0.010955,0.060911,0.163746,0.374302,0.031738,0.093117,0.25503,0.0,0.01835,0.013831,0.00753,0.025272,0.015772,0.012194,0.020378,0.018262,0.015422,0.021615,0.015274,0.013586,0.017168,0.013254,0.012125,0.014485,0.010196,0.009489,0.010955
r3_L40,F.timing,72282,885,0.537988,0.524016,0.551961,0.517451,0.501213,0.533689,True,0,0.004592,"{""0"": 1.584893192461114, ""1"": 1.584893192461114}",0.014746,0.017341,0.020155,0.013879,0.016807,0.019421,0.0,0.015748,0.009682,0.004698,0.019849,0.013282,0.010033,0.017564,0.014942,0.012392,0.018008,0.014499,0.012857,0.016348,0.013503,0.012363,0.014745,0.012244,0.011468,0.013072,0.019598,0.079249,0.184922,0.013794,0.081044,0.174314,0.0,0.023715,0.023513,0.014731,0.037331,0.015772,0.012194,0.020378,0.013697,0.011264,0.016646,0.013116,0.011557,0.014881,0.012175,0.011095,0.013358,0.012244,0.011468,0.013072
r3_L40,GK.full,216846,1472,0.53493,0.520162,0.549697,0.550642,0.534328,0.566956,True,0,0.001848,"{""0"": 0.7943282347242819, ""1"": 0.7943282347242819}",0.004531,0.004994,0.005457,0.004477,0.00491,0.005355,0.0,0.009567,0.006919,0.004197,0.011385,0.009316,0.007673,0.011306,0.0095,0.008293,0.01088,0.008282,0.007553,0.009081,0.007489,0.006993,0.00802,0.006788,0.006451,0.007143,0.00316,0.033337,0.064981,0.0,0.022188,0.049214,0.0,0.011312,0.01107,0.00745,0.016419,0.009316,0.007673,0.011306,0.008347,0.00722,0.009648,0.008116,0.007395,0.008907,0.007784,0.007278,0.008325,0.006788,0.006451,0.007143
r3_L40,GK.timing,216846,1527,0.527522,0.510843,0.544201,0.522586,0.5078,0.537372,True,0,0.00042,"{""0"": 0.7943282347242819, ""1"": 0.7943282347242819}",0.00595,0.006653,0.007396,0.005818,0.006531,0.007329,0.0,0.009922,0.009225,0.00598,0.014207,0.008393,0.006842,0.010293,0.007563,0.006494,0.008806,0.007305,0.006622,0.008057,0.00772,0.007216,0.008258,0.007042,0.006699,0.007403,0.00201,0.016767,0.068993,0.0,0.006888,0.057421,0.0,0.009214,0.006919,0.004197,0.011385,0.007932,0.006428,0.009785,0.008116,0.007006,0.009401,0.007581,0.006885,0.008347,0.007443,0.006949,0.007972,0.007042,0.006699,0.007403
r3_L40,N.F,72282,402,0.514715,0.481616,0.547815,0.515361,0.491022,0.5397,True,0,0.001716,"{""0"": 1.0000000000000004, ""1"": 1.0000000000000004}",0.006925,0.007285,0.007665,0.006898,0.007257,0.007635,0.0,0.008119,0.0,0.0,0.005285,0.006364,0.004245,0.009532,0.005672,0.004184,0.007686,0.006198,0.005154,0.007452,0.0057,0.004975,0.00653,0.005562,0.005045,0.006131,0.0,0.033226,0.075508,0.0,0.033226,0.075508,0.0,0.013415,0.011065,0.005617,0.021681,0.008024,0.005593,0.011501,0.006779,0.005132,0.00895,0.005921,0.004903,0.00715,0.005755,0.005026,0.006589,0.005562,0.005045,0.006131
r3_L40,N@A,72282,609,0.526182,0.503185,0.549179,0.503403,0.476052,0.530755,True,0,0.00391,"{""0"": 0.6309573444801935, ""1"": 0.6309573444801935}",0.004233,0.004541,0.00485,0.004167,0.004488,0.004834,0.0,0.010094,0.008299,0.003809,0.017986,0.009408,0.00674,0.013117,0.008439,0.006576,0.010825,0.008744,0.007487,0.010209,0.009242,0.008306,0.010282,0.008425,0.007785,0.009118,0.0,0.006031,0.013996,0.0,0.006597,0.012081,0.0,0.020548,0.019364,0.011569,0.032239,0.010791,0.007904,0.014717,0.010791,0.008656,0.013447,0.008854,0.007589,0.010329,0.008218,0.007338,0.009202,0.008425,0.007785,0.009118
r3_L40,N@C,72282,608,0.528577,0.505361,0.551793,0.504707,0.477594,0.53182,True,0,0.003896,"{""0"": 0.6309573444801935, ""1"": 0.6309573444801935}",0.004233,0.004541,0.004853,0.004167,0.004488,0.004834,0.0,0.010171,0.008299,0.003809,0.017986,0.009685,0.006972,0.013439,0.008716,0.006819,0.011135,0.008799,0.007538,0.010269,0.009269,0.008332,0.010311,0.008411,0.007771,0.009104,0.0,0.006037,0.013526,0.0,0.006597,0.012081,0.0,0.020548,0.019364,0.011569,0.032239,0.010791,0.007904,0.014717,0.010515,0.008409,0.01314,0.008799,0.007538,0.010269,0.008218,0.007338,0.009202,0.008411,0.007771,0.009104
r3_L40,N@D,72282,611,0.529452,0.504235,0.554669,0.502884,0.474704,0.531064,True,0,0.003937,"{""0"": 0.6309573444801935, ""1"": 0.6309573444801935}",0.004233,0.004541,0.004853,0.004167,0.004488,0.004834,0.0,0.010458,0.009682,0.004698,0.019849,0.009961,0.007204,0.013759,0.008716,0.006819,0.011135,0.00891,0.00764,0.010388,0.009297,0.008358,0.01034,0.008453,0.007811,0.009147,0.0,0.006022,0.013347,0.0,0.006597,0.012081,0.0,0.019178,0.017981,0.010538,0.030519,0.010515,0.00767,0.014399,0.010376,0.008286,0.012986,0.008744,0.007487,0.010209,0.008218,0.007338,0.009202,0.008453,0.007811,0.009147
r3_L40,N@V,72282,601,0.531799,0.506957,0.556641,0.508165,0.478021,0.538309,True,0,0.003802,"{""0"": 0.6309573444801935, ""1"": 0.6309573444801935}",0.004233,0.004541,0.004853,0.004167,0.004488,0.004834,0.0,0.010208,0.008299,0.003809,0.017986,0.009408,0.00674,0.013117,0.008301,0.006455,0.01067,0.008854,0.007589,0.010329,0.009159,0.008227,0.010194,0.008315,0.007678,0.009003,0.0,0.006597,0.014184,0.0,0.006597,0.012081,0.0,0.021918,0.020747,0.012613,0.033947,0.010791,0.007904,0.014717,0.010376,0.008286,0.012986,0.008799,0.007538,0.010269,0.008356,0.007469,0.009348,0.008315,0.007678,0.009003
r3_L40,Nb.seq,72282,590,0.544512,0.519117,0.569908,0.524321,0.506574,0.542068,True,0,0.003663,"{""0"": 0.6309573444801935, ""1"": 0.6309573444801935}",0.004233,0.004577,0.004872,0.004151,0.004471,0.004815,0.0,0.012016,0.011065,0.005617,0.021681,0.008854,0.006279,0.012473,0.008301,0.006455,0.01067,0.009463,0.008152,0.010983,0.009325,0.008385,0.010369,0.008162,0.007532,0.008845,0.000669,0.006629,0.013369,0.0,0.006597,0.012081,0.0,0.017808,0.016598,0.00952,0.028785,0.009961,0.007204,0.013759,0.010238,0.008164,0.012833,0.008578,0.007334,0.010031,0.008522,0.007625,0.009523,0.008162,0.007532,0.008845
r3_L40,V.full,72282,535,0.547206,0.513765,0.580647,0.523776,0.498852,0.548701,True,0,0.002084,"{""0"": 0.7943282347242819, ""1"": 0.7943282347242819}",0.004891,0.005393,0.0059,0.004797,0.005268,0.005786,0.0,0.010321,0.009682,0.004698,0.019849,0.009685,0.006972,0.013439,0.009408,0.007428,0.011909,0.009297,0.007998,0.010805,0.008328,0.007442,0.009319,0.007402,0.006802,0.008053,0.0,0.027399,0.101782,0.0,0.018692,0.092894,0.0,0.019364,0.019364,0.011569,0.032239,0.009685,0.006972,0.013439,0.009823,0.007795,0.012371,0.00819,0.006977,0.009613,0.007775,0.00692,0.008734,0.007402,0.006802,0.008053
r3_L40,V.timing,72282,651,0.524864,0.503117,0.546611,0.538745,0.511685,0.565806,True,0,0.000402,"{""0"": 0.7943282347242819, ""1"": 0.7943282347242819}",0.007999,0.008754,0.009502,0.007847,0.008618,0.009428,0.0,0.015845,0.015214,0.008516,0.027037,0.011621,0.008609,0.015671,0.010238,0.008164,0.012833,0.009629,0.008306,0.011161,0.00974,0.008778,0.010806,0.009006,0.008343,0.009722,0.0,0.027399,0.041243,0.0,0.016349,0.041243,0.0,0.015214,0.015214,0.008516,0.027037,0.010515,0.00767,0.014399,0.011345,0.00915,0.014059,0.010736,0.009334,0.012346,0.010127,0.009146,0.011213,0.009006,0.008343,0.009722
r1_L40,F.full,72282,23787,0.585382,0.57958,0.591183,0.619393,0.613282,0.625504,True,0,0.210527,"{""0"": 6.309573444801938, ""1"": 6.309573444801938}",0.020836,0.167117,0.494311,0.016939,0.036496,0.333978,0.05271,0.77931,0.7787,0.747012,0.807442,0.509961,0.493661,0.52624,0.46389,0.452416,0.475403,0.427892,0.420694,0.43512,0.385435,0.38043,0.390464,0.329086,0.32567,0.332521,0.231086,0.633648,2.367893,0.129029,0.331284,0.825183,0.102321,0.921379,0.921162,0.899219,0.938653,0.613448,0.597459,0.629195,0.503182,0.491657,0.514704,0.47482,0.467545,0.482106,0.409397,0.404337,0.414475,0.329086,0.32567,0.332521
r1_L40,F.timing,72282,1228,0.612379,0.597212,0.627546,0.531974,0.517902,0.546046,True,0,0.002439,"{""0"": 1.584893192461114, ""1"": 1.584893192461114}",0.017329,0.022136,0.027874,0.010725,0.019459,0.024598,2.8e-05,0.085282,0.084371,0.066242,0.106893,0.039292,0.033431,0.046131,0.031267,0.027497,0.035535,0.025401,0.023206,0.027798,0.022053,0.020589,0.023618,0.016989,0.016072,0.017957,0.011758,0.079137,0.183686,0.002466,0.071528,0.146633,0.0,0.040214,0.040111,0.028071,0.057012,0.02601,0.021302,0.031724,0.022966,0.019758,0.026681,0.021195,0.019195,0.023399,0.017819,0.016506,0.019235,0.016989,0.016072,0.017957
r1_L40,N.F,72282,398,0.521017,0.488689,0.553346,0.513312,0.484736,0.541887,True,0,0.001488,"{""0"": 1.0000000000000004, ""1"": 1.2589254117941677}",0.00633,0.006965,0.00771,0.006305,0.006871,0.007635,0.0,0.011378,0.011065,0.005617,0.021681,0.009131,0.006509,0.012795,0.007333,0.005611,0.009578,0.005755,0.004753,0.006968,0.0057,0.004975,0.00653,0.005506,0.004992,0.006073,0.0,0.019048,0.090151,0.0,0.013334,0.090151,0.0,0.011618,0.006916,0.002957,0.016086,0.007471,0.00514,0.010848,0.005811,0.004302,0.007845,0.005479,0.004503,0.006665,0.005645,0.004923,0.006471,0.005506,0.004992,0.006073
r1_L40,Nb.seq,72282,569,0.548092,0.521736,0.574447,0.524253,0.502966,0.54554,True,0,0.002892,"{""0"": 0.6309573444801935, ""1"": 0.6309573444801935}",0.004722,0.005027,0.005414,0.004613,0.004931,0.005309,0.0,0.012658,0.012448,0.006563,0.023487,0.008854,0.006279,0.012473,0.010376,0.008286,0.012986,0.009076,0.007794,0.010567,0.00891,0.007992,0.009932,0.007872,0.007253,0.008543,0.000622,0.008331,0.017722,0.0,0.008128,0.016456,0.0,0.012262,0.011065,0.005617,0.021681,0.008578,0.00605,0.012149,0.009131,0.007184,0.0116,0.008633,0.007385,0.01009,0.008301,0.007416,0.00929,0.007872,0.007253,0.008543
r3_L40_w40,A,16144,109,0.55162,0.504521,0.59872,0.515806,0.454959,0.576653,True,0,0.001034,"{""0"": 0.6309573444801935, ""1"": 0.6309573444801935}",0.005289,0.0059,0.006354,0.005166,0.005652,0.006232,0.0,0.008989,0.006211,0.001097,0.03434,0.006196,0.002649,0.014421,0.007435,0.004258,0.012951,0.007929,0.005622,0.011171,0.007929,0.006214,0.010111,0.006752,0.005601,0.008138,0.0,0.017095,0.080761,0.0,0.017095,0.059423,0.0,0.013393,0.006211,0.001097,0.03434,0.009913,0.005032,0.019439,0.009913,0.006111,0.016043,0.008176,0.005828,0.01146,0.006442,0.004916,0.008437,0.006752,0.005601,0.008138
r3_L40_w40,C,16144,116,0.547012,0.499515,0.594509,0.515067,0.464793,0.565341,True,0,0.000266,"{""0"": 0.6309573444801935, ""1"": 0.6309573444801935}",0.006468,0.007035,0.007554,0.006305,0.006871,0.007487,0.0,0.016575,0.012422,0.003413,0.044156,0.007435,0.003412,0.016125,0.008055,0.004713,0.013732,0.007929,0.005622,0.011171,0.008176,0.006432,0.010388,0.007185,0.005995,0.008611,0.0,0.007194,0.04746,0.0,0.007168,0.046884,0.0,0.012346,0.012422,0.003413,0.044156,0.004957,0.001929,0.012675,0.006815,0.00381,0.012163,0.007433,0.005212,0.010591,0.007929,0.006214,0.010111,0.007185,0.005995,0.008611
r3_L40_w40,D,16144,88,0.518416,0.458524,0.578308,0.470433,0.403156,0.53771,True,0,0.001877,"{""0"": 0.7943282347242819, ""1"": 0.7943282347242819}",0.003323,0.003621,0.003869,0.003336,0.003565,0.003809,0.0,0.008099,0.006211,0.001097,0.03434,0.003717,0.001265,0.010872,0.004957,0.002514,0.00975,0.006442,0.0044,0.009423,0.005946,0.004488,0.007875,0.005451,0.004427,0.00671,0.0,0.012579,0.042112,0.0,0.024392,0.049393,0.0,0.009091,0.0,0.0,0.023304,0.006196,0.002649,0.014421,0.006196,0.003369,0.011368,0.004708,0.003016,0.007341,0.003717,0.002605,0.005301,0.005451,0.004427,0.00671
r3_L40_w40,F.full,16144,211,0.596712,0.564258,0.629166,0.543688,0.502321,0.585055,True,0,0.003449,"{""0"": 2.5118864315095815, ""1"": 2.5118864315095815}",0.015851,0.018032,0.020673,0.013988,0.016939,0.019307,0.0,0.04717,0.043478,0.021218,0.087016,0.024783,0.0161,0.037969,0.022924,0.016677,0.031437,0.018583,0.014851,0.02323,0.016601,0.014034,0.019627,0.01307,0.01143,0.014941,0.079664,0.159454,0.334751,0.055876,0.140923,0.291716,0.0,0.035156,0.031056,0.013337,0.070632,0.019827,0.01224,0.031963,0.016729,0.011522,0.02423,0.014866,0.011567,0.019088,0.014247,0.011883,0.017073,0.01307,0.01143,0.014941
r3_L40_w40,F.legs,16144,173,0.662054,0.632389,0.69172,0.612687,0.568955,0.656418,True,0,0.004853,"{""0"": 1.9952623149688802, ""1"": 1.9952623149688802}",0.016939,0.018495,0.020795,0.014209,0.016807,0.019267,0.0,0.036585,0.031056,0.013337,0.070632,0.024783,0.0161,0.037969,0.021685,0.015633,0.030009,0.015857,0.012438,0.020197,0.016229,0.013694,0.019224,0.010716,0.00924,0.012425,0.058357,0.171104,0.348547,0.027691,0.09054,0.247101,0.0,0.033898,0.031056,0.013337,0.070632,0.022305,0.014155,0.034981,0.017968,0.012539,0.025686,0.017096,0.013532,0.021579,0.014866,0.012448,0.017746,0.010716,0.00924,0.012425
r3_L40_w40,F.timing,16144,210,0.555264,0.506077,0.604451,0.535633,0.487734,0.583532,True,0,0.003755,"{""0"": 1.584893192461114, ""1"": 1.584893192461114}",0.014587,0.017683,0.020483,0.013664,0.016677,0.019345,0.0,0.032491,0.024845,0.009703,0.062132,0.023544,0.015124,0.036479,0.019207,0.013564,0.027133,0.016601,0.013094,0.021027,0.015238,0.012787,0.01815,0.013008,0.011372,0.014875,0.020078,0.098999,0.197989,0.012975,0.0825,0.172919,0.0,0.031532,0.031056,0.013337,0.070632,0.01487,0.008526,0.02581,0.016729,0.011522,0.02423,0.016105,0.012656,0.020474,0.014123,0.01177,0.016938,0.013008,0.011372,0.014875
r3_L40_w40,GK.full,48432,316,0.532263,0.506924,0.557601,0.505117,0.473897,0.536338,True,0,0.001624,"{""0"": 0.7943282347242819, ""1"": 0.7943282347242819}",0.004558,0.00493,0.005356,0.004462,0.004872,0.005309,0.0,0.008457,0.004132,0.001134,0.01494,0.007432,0.004706,0.011718,0.008053,0.005897,0.010989,0.007516,0.006126,0.009218,0.006979,0.006006,0.008108,0.006525,0.005846,0.007282,0.0,0.017984,0.055848,0.0,0.020619,0.047791,0.0,0.008005,0.006198,0.00211,0.018063,0.007019,0.004387,0.011212,0.005988,0.004173,0.008587,0.007351,0.005978,0.009036,0.006359,0.005434,0.007442,0.006525,0.005846,0.007282
r3_L40_w40,GK.timing,48432,339,0.516953,0.481854,0.552052,0.514855,0.484681,0.545029,True,0,0.000377,"{""0"": 0.7943282347242819, ""1"": 0.7943282347242819}",0.005927,0.006631,0.007236,0.005878,0.006522,0.007272,0.0,0.007921,0.006198,0.00211,0.018063,0.006193,0.003757,0.010194,0.005782,0.004003,0.008343,0.00669,0.005386,0.008306,0.007433,0.006427,0.008596,0.007,0.006295,0.007782,0.001005,0.006719,0.04256,0.0,0.004025,0.051293,0.0,0.007636,0.002066,0.000365,0.011609,0.004542,0.002538,0.008115,0.00702,0.005028,0.009794,0.006607,0.005312,0.008215,0.007392,0.006388,0.008552,0.007,0.006295,0.007782
r3_L40_w40,N.F,16144,72,0.513151,0.441617,0.584685,0.49123,0.419074,0.563387,True,0,0.002781,"{""0"": 1.0000000000000004, ""1"": 1.0000000000000004}",0.006811,0.007271,0.007725,0.006862,0.007229,0.007576,0.0,0.006529,0.006211,0.001097,0.03434,0.001239,0.000219,0.006985,0.004337,0.002102,0.008925,0.005699,0.0038,0.008537,0.004708,0.003432,0.006455,0.00446,0.003543,0.005612,0.0,0.027214,0.075508,0.0,0.033226,0.075508,0.0,0.004801,0.0,0.0,0.023304,0.001239,0.000219,0.006985,0.003717,0.001705,0.008087,0.003717,0.002254,0.006123,0.00446,0.003223,0.006168,0.00446,0.003543,0.005612
r3_L40_w40,N@A,16144,122,0.520248,0.477795,0.5627,0.516731,0.457846,0.575615,True,0,0.003084,"{""0"": 0.6309573444801935, ""1"": 0.6309573444801935}",0.004233,0.004488,0.004773,0.004151,0.004454,0.004797,0.0,0.011662,0.0,0.0,0.023304,0.006196,0.002649,0.014421,0.006196,0.003369,0.011368,0.007185,0.005008,0.0103,0.008053,0.006323,0.01025,0.007557,0.006333,0.009015,0.0,0.006022,0.013358,0.0,0.006042,0.011314,0.0,0.013652,0.006211,0.001097,0.03434,0.009913,0.005032,0.019439,0.008674,0.005174,0.014507,0.008672,0.006242,0.012036,0.007433,0.005779,0.009555,0.007557,0.006333,0.009015
r3_L40_w40,N@C,16144,127,0.518817,0.473195,0.564439,0.507117,0.45272,0.561515,True,0,0.003394,"{""0"": 0.6309573444801935, ""1"": 0.6309573444801935}",0.004233,0.004488,0.004759,0.004151,0.004454,0.004797,0.0,0.011628,0.0,0.0,0.023304,0.006196,0.002649,0.014421,0.006196,0.003369,0.011368,0.007185,0.005008,0.0103,0.008548,0.00676,0.010803,0.007867,0.006616,0.009351,0.0,0.005994,0.013062,0.0,0.006042,0.011314,0.0,0.013652,0.006211,0.001097,0.03434,0.009913,0.005032,0.019439,0.008674,0.005174,0.014507,0.008672,0.006242,0.012036,0.007433,0.005779,0.009555,0.007867,0.006616,0.009351
r3_L40_w40,N@D,16144,121,0.520436,0.479538,0.561334,0.505057,0.446401,0.563712,True,0,0.003022,"{""0"": 0.6309573444801935, ""1"": 0.6309573444801935}",0.004233,0.004488,0.004759,0.004151,0.004454,0.004797,0.0,0.008696,0.0,0.0,0.023304,0.004957,0.001929,0.012675,0.005576,0.002936,0.010564,0.006938,0.004804,0.010009,0.008053,0.006323,0.01025,0.007495,0.006277,0.008948,0.0,0.005994,0.013325,0.0,0.006042,0.011314,0.0,0.013652,0.006211,0.001097,0.03434,0.009913,0.005032,0.019439,0.008674,0.005174,0.014507,0.008424,0.006035,0.011748,0.007061,0.005455,0.009137,0.007495,0.006277,0.008948
r3_L40_w40,N@V,16144,129,0.517729,0.477673,0.557784,0.506008,0.445772,0.566244,True,0,0.003521,"{""0"": 0.6309573444801935, ""1"": 0.6309573444801935}",0.004218,0.004488,0.004759,0.004135,0.004454,0.004797,0.0,0.011799,0.0,0.0,0.023304,0.006196,0.002649,0.014421,0.006196,0.003369,0.011368,0.007433,0.005212,0.010591,0.008548,0.00676,0.010803,0.007991,0.006729,0.009486,0.0,0.005994,0.012146,0.0,0.006042,0.011314,0.0,0.013652,0.006211,0.001097,0.03434,0.009913,0.005032,0.019439,0.008674,0.005174,0.014507,0.008424,0.006035,0.011748,0.007433,0.005779,0.009555,0.007991,0.006729,0.009486
r3_L40_w40,Nb.seq,16144,109,0.502134,0.455866,0.548402,0.540672,0.491248,0.590096,True,0,0.002295,"{""0"": 0.6309573444801935, ""1"": 0.6309573444801935}",0.004184,0.004484,0.004704,0.004135,0.004436,0.004778,0.0,0.007505,0.0,0.0,0.023304,0.003717,0.001265,0.010872,0.004337,0.002102,0.008925,0.005451,0.003603,0.00824,0.007185,0.005563,0.009277,0.006752,0.005601,0.008138,0.001357,0.006022,0.014805,0.0,0.006042,0.011314,0.0,0.013825,0.006211,0.001097,0.03434,0.011152,0.005878,0.021059,0.008674,0.005174,0.014507,0.008176,0.005828,0.01146,0.006566,0.005024,0.008578,0.006752,0.005601,0.008138
r3_L40_w40,V.full,16144,118,0.531492,0.45967,0.603314,0.530968,0.48222,0.579716,True,0,0.002032,"{""0"": 0.7943282347242819, ""1"": 0.7943282347242819}",0.00482,0.005309,0.005826,0.004778,0.005227,0.005718,0.0,0.016645,0.006211,0.001097,0.03434,0.016109,0.009438,0.027365,0.010533,0.006587,0.016804,0.008176,0.005828,0.01146,0.007929,0.006214,0.010111,0.007309,0.006107,0.008745,0.0,0.036368,0.108894,0.0,0.018692,0.092894,0.0,0.012248,0.0,0.0,0.023304,0.007435,0.003412,0.016125,0.011152,0.007066,0.01756,0.009167,0.006658,0.01261,0.007681,0.005997,0.009833,0.007309,0.006107,0.008745
r3_L40_w40,V.timing,16144,116,0.525763,0.468662,0.582865,0.513311,0.474896,0.551726,True,0,0.001301,"{""0"": 0.7943282347242819, ""1"": 0.7943282347242819}",0.008056,0.008703,0.009283,0.007816,0.008551,0.009318,0.0,0.010283,0.0,0.0,0.023304,0.006196,0.002649,0.014421,0.008055,0.004713,0.013732,0.00669,0.004602,0.009716,0.007681,0.005997,0.009833,0.007185,0.005995,0.008611,0.0,0.016722,0.041243,0.0,0.016086,0.041243,0.0,0.008138,0.0,0.0,0.023304,0.006196,0.002649,0.014421,0.007435,0.004258,0.012951,0.006442,0.0044,0.009423,0.007433,0.005779,0.009555,0.007185,0.005995,0.008611
r3_L40_s1,N@V,72424,565,0.53672,0.51781,0.55563,0.541094,0.520594,0.561595,True,0,0.003315,"{""0"": 0.6309573444801935, ""1"": 0.6309573444801935}",0.0042,0.004524,0.004891,0.004119,0.004467,0.004834,0.0,0.013162,0.01105,0.005609,0.021651,0.012151,0.009064,0.016272,0.010771,0.008639,0.013421,0.008837,0.007574,0.010308,0.008837,0.007924,0.009854,0.007801,0.007186,0.008469,0.001359,0.006707,0.015556,0.0,0.006075,0.013325,0.0,0.01121,0.006906,0.002953,0.016064,0.010494,0.007655,0.014371,0.009528,0.007536,0.01204,0.009003,0.007727,0.010486,0.008616,0.007715,0.009621,0.007801,0.007186,0.008469
r3_L40_s1,V.full,72424,519,0.529595,0.50527,0.553921,0.531267,0.50882,0.553715,True,0,0.001933,"{""0"": 0.7943282347242819, ""1"": 0.7943282347242819}",0.004843,0.005255,0.005718,0.004724,0.005186,0.005674,0.0,0.009235,0.006906,0.002953,0.016064,0.008837,0.006267,0.012449,0.006904,0.005241,0.00909,0.007622,0.006455,0.008997,0.007926,0.007063,0.008892,0.007166,0.006577,0.007807,0.008439,0.027651,0.070618,0.0,0.025533,0.069593,0.0,0.008493,0.002762,0.000758,0.010016,0.005523,0.003578,0.008516,0.006628,0.005003,0.008776,0.00845,0.007217,0.009892,0.007953,0.007089,0.008922,0.007166,0.006577,0.007807
r3_L40_s1,V.timing,72424,570,0.518003,0.493162,0.542844,0.506249,0.488924,0.523574,True,0,0.001173,"{""0"": 0.7943282347242819, ""1"": 0.7943282347242819}",0.008296,0.009174,0.010075,0.008159,0.009102,0.010075,0.0,0.016064,0.013812,0.007519,0.025237,0.006904,0.004681,0.010173,0.007318,0.0056,0.009559,0.008008,0.00681,0.009415,0.008312,0.007428,0.009301,0.00787,0.007252,0.00854,0.0,0.04256,0.06486,0.0,0.04256,0.06486,0.0,0.008414,0.001381,0.000244,0.007782,0.006076,0.004016,0.009182,0.007733,0.00596,0.010027,0.008285,0.007065,0.009713,0.008008,0.007141,0.00898,0.00787,0.007252,0.00854
r3_L40_s0.5,N@V,72282,623,0.531835,0.503748,0.559923,0.505595,0.483067,0.528123,True,0,0.004107,"{""0"": 0.6309573444801935, ""1"": 0.6309573444801935}",0.004228,0.004559,0.004853,0.004167,0.004488,0.004834,0.0,0.009921,0.008299,0.003809,0.017986,0.009685,0.006972,0.013439,0.008854,0.006941,0.01129,0.009297,0.007998,0.010805,0.009629,0.008673,0.010689,0.008619,0.007971,0.00932,0.0,0.006058,0.013053,0.0,0.006597,0.012146,0.0,0.022368,0.02213,0.013667,0.035644,0.010238,0.007437,0.014079,0.010376,0.008286,0.012986,0.008688,0.007436,0.01015,0.008467,0.007573,0.009465,0.008619,0.007971,0.00932
r3_L40_s0.5,V.full,72282,529,0.54304,0.519974,0.566106,0.528649,0.50362,0.553678,True,0,0.002026,"{""0"": 0.7943282347242819, ""1"": 0.7943282347242819}",0.004853,0.00537,0.005854,0.004778,0.005248,0.005741,0.0,0.011065,0.011065,0.005617,0.021681,0.008301,0.005821,0.011825,0.008163,0.006334,0.010514,0.008854,0.007589,0.010329,0.008301,0.007416,0.00929,0.007319,0.006723,0.007967,0.0,0.035402,0.083382,0.0,0.027399,0.083382,0.0,0.022167,0.020747,0.012613,0.033947,0.012175,0.009082,0.016304,0.009546,0.007551,0.012063,0.007969,0.006773,0.009374,0.007886,0.007025,0.008851,0.007319,0.006723,0.007967
r3_L40_s0.5,V.timing,72282,637,0.509496,0.486918,0.532073,0.524822,0.499083,0.55056,True,0,0.000236,"{""0"": 0.7943282347242819, ""1"": 0.7943282347242819}",0.007877,0.008652,0.009465,0.007847,0.008618,0.009391,0.0,0.012448,0.012448,0.006563,0.023487,0.009961,0.007204,0.013759,0.00927,0.007306,0.011754,0.009131,0.007845,0.010626,0.009159,0.008227,0.010194,0.008813,0.008157,0.009521,0.005391,0.015666,0.036943,0.0,0.015666,0.031091,0.0,0.013831,0.013831,0.00753,0.025272,0.011345,0.008374,0.015353,0.0101,0.008041,0.012679,0.009353,0.00805,0.010864,0.009352,0.008411,0.010398,0.008813,0.008157,0.009521
r3_L40_s0.1,N@V,72282,601,0.53955,0.517071,0.562028,0.507372,0.479512,0.535233,True,0,0.003804,"{""0"": 0.6309573444801935, ""1"": 0.6309573444801935}",0.004233,0.004559,0.004874,0.004167,0.004471,0.004827,0.0,0.010469,0.009682,0.004698,0.019849,0.009685,0.006972,0.013439,0.009131,0.007184,0.0116,0.009574,0.008255,0.011102,0.009435,0.008489,0.010485,0.008315,0.007678,0.009003,0.0,0.006042,0.01457,0.0,0.006597,0.012122,0.0,0.019685,0.019364,0.011569,0.032239,0.009961,0.007204,0.013759,0.009823,0.007795,0.012371,0.00891,0.00764,0.010388,0.008162,0.007286,0.009144,0.008315,0.007678,0.009003
r3_L40_s0.1,V.full,72282,515,0.549567,0.521948,0.577187,0.528624,0.504203,0.553045,True,0,0.001821,"{""0"": 0.7943282347242819, ""1"": 0.7943282347242819}",0.004872,0.005393,0.005877,0.004778,0.005248,0.005763,0.0,0.009861,0.008299,0.003809,0.017986,0.008301,0.005821,0.011825,0.008854,0.006941,0.01129,0.008246,0.007028,0.009673,0.008052,0.007181,0.009027,0.007125,0.006537,0.007765,0.0,0.027399,0.109815,0.0,0.027399,0.108894,0.0,0.018785,0.017981,0.010538,0.030519,0.013835,0.01051,0.018192,0.009961,0.007918,0.012525,0.008024,0.006824,0.009434,0.007415,0.006582,0.008354,0.007125,0.006537,0.007765
r3_L40_s0.1,V.timing,72282,626,0.522712,0.502143,0.543281,0.535738,0.510975,0.560502,True,0,5.8e-05,"{""0"": 0.7943282347242819, ""1"": 0.7943282347242819}",0.007916,0.008725,0.009502,0.007847,0.008618,0.009428,0.0,0.014757,0.011065,0.005617,0.021681,0.011345,0.008374,0.015353,0.010376,0.008286,0.012986,0.009519,0.008203,0.011042,0.009186,0.008253,0.010223,0.008661,0.008011,0.009363,0.0,0.021623,0.042788,0.0,0.016261,0.035994,0.0,0.01322,0.011065,0.005617,0.021681,0.011345,0.008374,0.015353,0.010376,0.008286,0.012986,0.010515,0.009128,0.012109,0.009906,0.008935,0.01098,0.008661,0.008011,0.009363
r3_L200_s1,N@V,342152,299,0.499646,0.45714,0.542153,0.576913,0.543366,0.61046,True,0,0.000429,"{""0"": 0.7943282347242819, ""1"": 0.7943282347242819}",0.000424,0.000444,0.000466,0.000425,0.000444,0.000466,0.0,0.001576,0.001461,0.000624,0.003416,0.000935,0.000576,0.001519,0.000994,0.000711,0.001388,0.000912,0.000731,0.001138,0.000865,0.000737,0.001016,0.000874,0.00078,0.000979,0.0,0.0,0.010464,0.0,0.0,0.003314,0.0,0.002272,0.002046,0.000991,0.004217,0.001461,0.00099,0.002156,0.001607,0.001235,0.002092,0.001344,0.00112,0.001613,0.001011,0.000871,0.001173,0.000874,0.00078,0.000979
r3_L200_s1,V.full,342152,62,0.428809,0.355068,0.502549,0.469506,0.419403,0.519609,True,0,0.000274,"{""0"": 1.0000000000000004, ""1"": 1.0000000000000004}",0.000417,0.000445,0.000475,0.000431,0.000455,0.00048,0.0,0.000313,0.0,0.0,0.001121,0.000175,6e-05,0.000515,0.000175,8e-05,0.000383,0.000175,0.000106,0.000289,0.00014,9.4e-05,0.000209,0.000181,0.000141,0.000232,0.0,0.0,0.0,0.0,0.0,0.0,0.0,0.000182,0.0,0.0,0.001121,5.8e-05,1e-05,0.000331,8.8e-05,3e-05,0.000258,0.000105,5.5e-05,0.0002,0.000164,0.000113,0.000237,0.000181,0.000141,0.000232
r3_L200_s1,V.timing,342152,350,0.511558,0.48382,0.539296,0.517764,0.497379,0.538149,True,0,0.000173,"{""0"": 1.0000000000000004, ""1"": 1.0000000000000004}",0.000808,0.00087,0.000926,0.000805,0.000867,0.000923,0.0,0.002046,0.002046,0.000991,0.004217,0.001403,0.000943,0.002087,0.000964,0.000687,0.001354,0.001052,0.000856,0.001293,0.001052,0.000909,0.001217,0.001023,0.000921,0.001136,0.0,0.0,0.0,0.0,0.0,0.0,0.0,0.001381,0.000877,0.000298,0.002575,0.000994,0.000621,0.001591,0.001344,0.001008,0.001793,0.001169,0.000961,0.001422,0.000994,0.000855,0.001155,0.001023,0.000921,0.001136
r3_L200_s0.5,N@V,358946,437,0.495798,0.463649,0.527946,0.547577,0.524781,0.570373,True,0,0.000763,"{""0"": 0.7943282347242819, ""1"": 0.7943282347242819}",0.000436,0.000455,0.000477,0.000434,0.000455,0.000477,0.0,0.001285,0.000557,0.000153,0.00203,0.000892,0.000549,0.001448,0.001003,0.000725,0.001388,0.001237,0.001027,0.001489,0.001187,0.001038,0.001357,0.001217,0.001109,0.001337,0.0,0.0,0.006597,0.0,0.0,0.003314,0.0,0.001822,0.001672,0.000766,0.003643,0.001393,0.000944,0.002056,0.001588,0.001226,0.002057,0.001705,0.001456,0.001997,0.001415,0.001252,0.0016,0.001217,0.001109,0.001337
r3_L200_s0.5,V.full,358946,359,0.505675,0.46927,0.54208,0.521283,0.497613,0.544952,True,0,0.000576,"{""0"": 1.0000000000000004, ""1"": 1.0000000000000004}",0.000406,0.000426,0.000446,0.000405,0.000426,0.000444,0.0,0.001428,0.001115,0.000433,0.002862,0.001226,0.00081,0.001855,0.000947,0.000678,0.001323,0.001048,0.000856,0.001282,0.00102,0.000882,0.001178,0.001,0.000902,0.001109,0.0,0.0,0.008772,0.0,0.0,0.008772,0.0,0.001248,0.000279,4.9e-05,0.001577,0.000892,0.000549,0.001448,0.00078,0.00054,0.001127,0.001181,0.000977,0.001428,0.001126,0.000981,0.001292,0.001,0.000902,0.001109
r3_L200_s0.5,V.timing,358946,487,0.521248,0.491879,0.550617,0.516877,0.496552,0.537203,True,0,0.000562,"{""0"": 1.0000000000000004, ""1"": 1.0000000000000004}",0.000757,0.000811,0.00086,0.00075,0.000805,0.000857,0.0,0.00195,0.00195,0.000945,0.004021,0.00156,0.00108,0.002254,0.001532,0.001177,0.001994,0.001527,0.001292,0.001804,0.001399,0.001236,0.001582,0.001357,0.001242,0.001483,0.0,0.0,0.0,0.0,0.0,0.0,0.0,0.001822,0.001393,0.000595,0.003257,0.00156,0.00108,0.002254,0.001616,0.00125,0.002088,0.001504,0.001271,0.00178,0.001449,0.001283,0.001636,0.001357,0.001242,0.001483
r3_L200_s0.1,N@V,340919,419,0.507002,0.473295,0.540709,0.528974,0.503744,0.554205,True,0,0.000775,"{""0"": 0.7943282347242819, ""1"": 0.7943282347242819}",0.000434,0.000457,0.000479,0.000434,0.000455,0.000477,0.0,0.001453,0.00088,0.000299,0.002584,0.001056,0.000668,0.001669,0.001173,0.000862,0.001597,0.001326,0.001103,0.001594,0.001273,0.001115,0.001454,0.001229,0.001117,0.001352,0.0,0.0,0.006597,0.0,0.0,0.003314,0.0,0.001857,0.00176,0.000807,0.003835,0.001701,0.001185,0.002442,0.001437,0.001087,0.001899,0.00149,0.001253,0.001772,0.001349,0.001186,0.001535,0.001229,0.001117,0.001352
r3_L200_s0.1,V.full,340919,365,0.499569,0.469877,0.52926,0.531927,0.512601,0.551253,True,0,0.000651,"{""0"": 1.0000000000000004, ""1"": 1.0000000000000004}",0.0004,0.000421,0.000441,0.0004,0.000421,0.000441,0.0,0.00115,0.00088,0.000299,0.002584,0.000997,0.000623,0.001597,0.001056,0.000763,0.001461,0.001056,0.000859,0.001298,0.00105,0.000907,0.001216,0.001071,0.000966,0.001186,0.0,0.0,0.00885,0.0,0.0,0.00885,0.0,0.001375,0.000293,5.2e-05,0.00166,0.000763,0.000446,0.001304,0.000909,0.000641,0.00129,0.001267,0.00105,0.00153,0.001238,0.001082,0.001416,0.001071,0.000966,0.001186
r3_L200_s0.1,V.timing,340919,486,0.503832,0.470021,0.537642,0.505795,0.489157,0.522433,True,0,0.000637,"{""0"": 1.0000000000000004, ""1"": 1.0000000000000004}",0.000741,0.0008,0.00085,0.000744,0.000802,0.00085,0.0,0.00176,0.00176,0.000807,0.003835,0.001467,0.000994,0.002164,0.001525,0.001163,0.001999,0.001502,0.001263,0.001785,0.00142,0.001252,0.00161,0.001426,0.001304,0.001558,0.0,0.0,0.0,0.0,0.0,0.0,0.0,0.001928,0.001467,0.000627,0.003429,0.001467,0.000994,0.002164,0.001613,0.00124,0.002099,0.001572,0.001328,0.001862,0.001373,0.001208,0.00156,0.001426,0.001304,0.001558
r3_L200,A,358946,363,0.529359,0.494618,0.564101,0.527356,0.504601,0.550112,True,0,0.000564,"{""0"": 1.0000000000000004, ""1"": 1.0000000000000004}",0.000432,0.000451,0.000473,0.000427,0.000448,0.000469,0.0,0.001251,0.000279,4.9e-05,0.001577,0.00117,0.000765,0.001788,0.001031,0.000748,0.00142,0.00117,0.000967,0.001416,0.00107,0.000929,0.001232,0.001011,0.000913,0.001121,0.0,0.0,0.008439,0.0,0.0,0.008439,0.0,0.001363,0.000836,0.000284,0.002455,0.000947,0.000592,0.001517,0.001087,0.000795,0.001485,0.001215,0.001007,0.001465,0.001103,0.00096,0.001268,0.001011,0.000913,0.001121
r3_L200,C,358946,426,0.505305,0.472877,0.537733,0.585963,0.559367,0.612559,True,0,0.000597,"{""0"": 0.7943282347242819, ""1"": 1.0000000000000004}",0.000536,0.000591,0.000647,0.000538,0.000585,0.000642,0.0,0.001968,0.001672,0.000766,0.003643,0.00156,0.00108,0.002254,0.001309,0.000985,0.001741,0.001259,0.001048,0.001514,0.001237,0.001085,0.001411,0.001187,0.001079,0.001305,0.0,0.0,0.017453,0.0,0.0,0.010619,0.0,0.002203,0.001115,0.000433,0.002862,0.00156,0.00108,0.002254,0.002062,0.001643,0.002587,0.001917,0.001651,0.002225,0.001415,0.001252,0.0016,0.001187,0.001079,0.001305
r3_L200,D,358946,236,0.499502,0.461764,0.537239,0.534789,0.493953,0.575626,True,0,0.000301,"{""0"": 1.0000000000000004, ""1"": 1.0000000000000004}",0.00033,0.000354,0.000386,0.00033,0.000358,0.000383,0.0,0.001204,0.001115,0.000433,0.002862,0.000724,0.000423,0.001239,0.000947,0.000678,0.001323,0.000724,0.000568,0.000923,0.000624,0.000519,0.000751,0.000657,0.000579,0.000747,0.0,0.0,0.01005,0.0,0.0,0.01005,0.0,0.000919,0.0,0.0,0.001069,0.000669,0.000383,0.001168,0.000752,0.000517,0.001094,0.000847,0.000677,0.00106,0.000719,0.000605,0.000854,0.000657,0.000579,0.000747
r3_L200,F.full,358946,753,0.470911,0.453189,0.488633,0.498337,0.476017,0.520658,True,0,0.000645,"{""0"": 3.162277660168381, ""1"": 3.162277660168381}",0.002598,0.002875,0.003073,0.002628,0.002921,0.003121,0.0,0.002953,0.002229,0.00113,0.004393,0.001616,0.001125,0.00232,0.00156,0.001202,0.002025,0.001504,0.001271,0.00178,0.001911,0.001719,0.002124,0.002098,0.001953,0.002253,0.021242,0.052368,0.105373,0.020273,0.052717,0.109978,0.0,0.002147,0.000557,0.000153,0.00203,0.001504,0.001034,0.002188,0.001894,0.001495,0.002401,0.002017,0.001744,0.002333,0.002089,0.001889,0.002312,0.002098,0.001953,0.002253
r3_L200,F.legs,358946,678,0.560224,0.543763,0.576685,0.563634,0.54655,0.580719,True,0,0.000103,"{""0"": 3.162277660168381, ""1"": 3.162277660168381}",0.002184,0.002259,0.002338,0.002115,0.00224,0.002329,0.0,0.002987,0.002786,0.001514,0.005122,0.001672,0.001171,0.002385,0.002034,0.001618,0.002556,0.002095,0.001816,0.002416,0.002128,0.001926,0.002353,0.001889,0.001752,0.002036,0.013243,0.037759,0.077956,0.00279,0.029083,0.070536,0.0,0.002385,0.001672,0.000766,0.003643,0.001894,0.001356,0.002646,0.002062,0.001643,0.002587,0.002095,0.001816,0.002416,0.002195,0.001989,0.002423,0.001889,0.001752,0.002036
r3_L200,F.timing,358946,914,0.527652,0.510492,0.544813,0.502934,0.487405,0.518463,True,0,0.001017,"{""0"": 1.584893192461114, ""1"": 1.584893192461114}",0.003085,0.003593,0.004335,0.002972,0.003551,0.0042,0.0,0.004999,0.003901,0.002325,0.006537,0.002953,0.002259,0.00386,0.003176,0.002645,0.003814,0.002942,0.002608,0.003318,0.002691,0.002462,0.002942,0.002546,0.002387,0.002717,0.0,0.0,0.053663,0.0,0.0,0.051023,0.0,0.003384,0.003344,0.001914,0.005835,0.002507,0.001875,0.003353,0.002396,0.001941,0.002958,0.002652,0.002336,0.003011,0.00258,0.002356,0.002825,0.002546,0.002387,0.002717
r3_L200,GK.full,1076838,617,0.505384,0.479441,0.531326,0.528059,0.513099,0.543019,True,0,0.000157,"{""0"": 1.0000000000000004, ""1"": 1.0000000000000004}",0.000398,0.000418,0.000437,0.000399,0.000417,0.000436,0.0,0.000762,0.000464,0.000198,0.001087,0.000743,0.000546,0.001011,0.000631,0.000498,0.0008,0.000598,0.000513,0.000698,0.000579,0.000519,0.000647,0.000573,0.00053,0.00062,0.0,0.0,0.007547,0.0,0.0,0.007547,0.0,0.001101,0.001022,0.000571,0.001828,0.000743,0.000546,0.001011,0.000761,0.000614,0.000945,0.000717,0.000623,0.000825,0.000602,0.00054,0.000671,0.000573,0.00053,0.00062
r3_L200,GK.timing,1076838,310,0.646234,0.610923,0.681546,0.52203,0.497302,0.546759,True,0,0.000227,"{""0"": 1.0000000000000004, ""1"": 1.0000000000000004}",0.000652,0.000705,0.000777,0.0,0.000658,0.000747,0.0,0.000462,0.000279,9.5e-05,0.000819,0.00039,0.000255,0.000596,0.00039,0.000289,0.000527,0.000412,0.000342,0.000496,0.00041,0.00036,0.000468,0.000288,0.000258,0.000322,0.0,0.0,0.021111,0.0,0.0,0.0,0.0,0.000395,9.3e-05,1.6e-05,0.000526,0.00026,0.000155,0.000436,0.000353,0.000257,0.000484,0.000357,0.000292,0.000435,0.000329,0.000284,0.000381,0.000288,0.000258,0.000322
r3_L200,N.F,358946,358,0.510926,0.489927,0.531926,0.493848,0.47919,0.508506,True,0,0.000503,"{""0"": 1.0000000000000004, ""1"": 1.0000000000000004}",0.001463,0.001503,0.001544,0.001457,0.001498,0.001545,0.0,0.001362,0.000279,4.9e-05,0.001577,0.001282,0.000854,0.001922,0.001309,0.000985,0.001741,0.000981,0.000796,0.001208,0.001031,0.000893,0.00119,0.000997,0.000899,0.001106,0.0,0.0,0.0,0.0,0.0,0.0,0.0,0.001029,0.0,0.0,0.001069,0.000557,0.000303,0.001025,0.000891,0.000632,0.001258,0.000936,0.000756,0.001159,0.000997,0.000862,0.001154,0.000997,0.000899,0.001106
r3_L200,N@A,358946,523,0.484404,0.459425,0.509383,0.528963,0.507362,0.550564,True,0,0.001002,"{""0"": 0.7943282347242819, ""1"": 0.7943282347242819}",0.000434,0.000453,0.000476,0.000434,0.000455,0.000477,0.0,0.001467,0.000279,4.9e-05,0.001577,0.001059,0.000678,0.001653,0.001198,0.00089,0.001613,0.001371,0.001149,0.001635,0.001382,0.00122,0.001565,0.001457,0.001337,0.001587,0.0,0.0,0.006597,0.0,0.0,0.003314,0.0,0.001906,0.001393,0.000595,0.003257,0.001672,0.001171,0.002385,0.001783,0.001397,0.002276,0.001816,0.001558,0.002117,0.001538,0.001367,0.00173,0.001457,0.001337,0.001587
r3_L200,N@C,358946,524,0.485985,0.463468,0.508503,0.527533,0.503378,0.551688,True,0,0.001005,"{""0"": 0.7943282347242819, ""1"": 0.7943282347242819}",0.000434,0.000453,0.000477,0.000434,0.000455,0.000477,0.0,0.001471,0.000279,4.9e-05,0.001577,0.001059,0.000678,0.001653,0.001142,0.000842,0.001549,0.001382,0.001159,0.001647,0.001393,0.001231,0.001577,0.00146,0.00134,0.00159,0.0,0.0,0.006597,0.0,0.0,0.003314,0.0,0.001862,0.001115,0.000433,0.002862,0.00156,0.00108,0.002254,0.001727,0.001348,0.002213,0.001794,0.001538,0.002093,0.001549,0.001377,0.001742,0.00146,0.00134,0.00159
r3_L200,N@D,358946,528,0.488578,0.465348,0.511808,0.524646,0.501078,0.548214,True,0,0.001016,"{""0"": 0.7943282347242819, ""1"": 0.7943282347242819}",0.000434,0.000453,0.000477,0.000434,0.000455,0.000477,0.0,0.001499,0.000279,4.9e-05,0.001577,0.001059,0.000678,0.001653,0.001254,0.000937,0.001677,0.001426,0.0012,0.001696,0.001404,0.001241,0.001588,0.001471,0.001351,0.001602,0.0,0.0,0.006597,0.0,0.0,0.003314,0.0,0.00181,0.001115,0.000433,0.002862,0.001504,0.001034,0.002188,0.001699,0.001323,0.002182,0.001783,0.001527,0.002081,0.001543,0.001372,0.001736,0.001471,0.001351,0.001602
r3_L200,N@V,358946,473,0.490818,0.465545,0.516091,0.537934,0.514227,0.561641,True,0,0.000863,"{""0"": 0.7943282347242819, ""1"": 0.7943282347242819}",0.000436,0.000454,0.000477,0.000434,0.000455,0.000477,0.0,0.001632,0.000557,0.000153,0.00203,0.001114,0.000722,0.001721,0.001198,0.00089,0.001613,0.001259,0.001048,0.001514,0.001254,0.0011,0.001428,0.001318,0.001204,0.001442,0.0,0.0,0.006597,0.0,0.0,0.003314,0.0,0.001751,0.001393,0.000595,0.003257,0.001337,0.000899,0.001989,0.001504,0.001153,0.001962,0.001727,0.001476,0.002021,0.001477,0.001309,0.001665,0.001318,0.001204,0.001442
r3_L200,Nb.seq,358946,315,0.473694,0.442115,0.505273,0.564744,0.527608,0.601881,True,0,0.000423,"{""0"": 0.7943282347242819, ""1"": 0.7943282347242819}",0.000433,0.000453,0.000471,0.000434,0.000455,0.000477,0.0,0.001002,0.000557,0.000153,0.00203,0.000501,0.000264,0.000953,0.000613,0.000405,0.000928,0.000735,0.000578,0.000936,0.000825,0.000702,0.000969,0.000878,0.000786,0.00098,0.0,0.0,0.010464,0.0,0.0,0.003314,0.0,0.001496,0.001393,0.000595,0.003257,0.001114,0.000722,0.001721,0.001337,0.001009,0.001772,0.001304,0.001088,0.001562,0.001064,0.000924,0.001226,0.000878,0.000786,0.00098
r3_L200,V.full,358946,385,0.498297,0.464352,0.532242,0.530218,0.513637,0.5468,True,0,0.00065,"{""0"": 1.0000000000000004, ""1"": 1.0000000000000004}",0.000405,0.000422,0.000444,0.000403,0.000424,0.000444,0.0,0.001132,0.000836,0.000284,0.002455,0.000836,0.000507,0.001379,0.000836,0.000586,0.001193,0.001103,0.000906,0.001343,0.001048,0.000908,0.001208,0.001073,0.000971,0.001185,0.0,0.0,0.031045,0.0,0.0,0.018182,0.0,0.001556,0.000836,0.000284,0.002455,0.001003,0.000635,0.001585,0.001477,0.001129,0.001931,0.001293,0.001078,0.00155,0.001198,0.001048,0.001369,0.001073,0.000971,0.001185
r3_L200,V.timing,358946,519,0.522556,0.488646,0.556466,0.515904,0.49713,0.534678,True,0,0.000653,"{""0"": 1.0000000000000004, ""1"": 1.0000000000000004}",0.000756,0.000811,0.00086,0.000748,0.000805,0.000853,0.0,0.002725,0.002508,0.00132,0.004759,0.001616,0.001125,0.00232,0.001588,0.001226,0.002057,0.001627,0.001384,0.001913,0.001532,0.001362,0.001724,0.001446,0.001327,0.001576,0.0,0.0,0.0,0.0,0.0,0.0,0.0,0.001962,0.001393,0.000595,0.003257,0.001616,0.001125,0.00232,0.001588,0.001226,0.002057,0.001649,0.001404,0.001937,0.001477,0.001309,0.001665,0.001446,0.001327,0.001576
r1_L200,F.full,358946,23010,0.570805,0.567238,0.574371,0.555898,0.552117,0.559678,True,0,0.04997,"{""0"": 7.943282347242821, ""1"": 7.943282347242821}",0.004797,0.06112,0.101164,0.003118,0.036963,0.08755,0.000167,0.136501,0.13625,0.125414,0.147863,0.095336,0.091126,0.09972,0.085054,0.082212,0.087984,0.077383,0.075652,0.079149,0.081377,0.080121,0.082651,0.064104,0.063308,0.06491,0.065891,0.191169,0.751244,0.049969,0.138645,0.368214,0.000262,0.105249,0.104765,0.095164,0.11521,0.08826,0.084197,0.092499,0.079092,0.076345,0.081929,0.084871,0.083065,0.086712,0.074267,0.073063,0.07549,0.064104,0.063308,0.06491
r1_L200,F.timing,358946,1364,0.612015,0.602313,0.621717,0.532628,0.519379,0.545877,True,0,0.000968,"{""0"": 1.584893192461114, ""1"": 1.584893192461114}",0.004505,0.005718,0.007145,0.002031,0.005007,0.006339,0.0,0.013862,0.013653,0.010343,0.018003,0.008748,0.007487,0.010219,0.006965,0.006156,0.007879,0.005761,0.005287,0.006278,0.005004,0.004688,0.005341,0.0038,0.003604,0.004007,0.0,0.0,0.059226,0.0,0.0,0.031123,0.0,0.008929,0.008359,0.005861,0.011908,0.006073,0.005038,0.007321,0.005683,0.004957,0.006516,0.00458,0.004159,0.005044,0.004123,0.003837,0.00443,0.0038,0.003604,0.004007
r1_L200,N.F,358946,368,0.491117,0.456618,0.525616,0.501173,0.482461,0.519886,True,0,0.000448,"{""0"": 1.0000000000000004, ""1"": 1.0000000000000004}",0.001423,0.001463,0.001521,0.001423,0.001474,0.001521,0.0,0.001592,0.001115,0.000433,0.002862,0.001226,0.00081,0.001855,0.001003,0.000725,0.001388,0.001025,0.000836,0.001257,0.000981,0.000846,0.001137,0.001025,0.000926,0.001135,0.0,0.0,0.0,0.0,0.0,0.0,0.0,0.00153,0.001115,0.000433,0.002862,0.001226,0.00081,0.001855,0.000975,0.000701,0.001356,0.001059,0.000866,0.001294,0.000997,0.000862,0.001154,0.001025,0.000926,0.001135
r1_L200,Nb.seq,358946,328,0.520306,0.493471,0.547142,0.554361,0.53229,0.576431,True,0,0.000389,"{""0"": 0.7943282347242819, ""1"": 0.7943282347242819}",0.000506,0.000528,0.000547,0.000502,0.000524,0.000547,0.0,0.001604,0.001115,0.000433,0.002862,0.000947,0.000592,0.001517,0.00078,0.00054,0.001127,0.000958,0.000776,0.001183,0.000953,0.00082,0.001107,0.000914,0.00082,0.001018,0.0,0.0,0.015437,0.0,0.0,0.0075,0.0,0.001744,0.001393,0.000595,0.003257,0.001393,0.000944,0.002056,0.001254,0.000937,0.001677,0.001304,0.001088,0.001562,0.001081,0.000939,0.001244,0.000914,0.00082,0.001018
