config,scenario,variant,devices,interval_min,L,inv_L,runs,n_scored,accuracy,ci_lo,ci_hi,above_inv_L,random_assignment,feasible_candidates,top_decile_accuracy,n_gap_ge_2,first_run_same_L,gpa_sequencing_same_L,study,round,record,label,window_min,nodes,validator0_share,lift,lift_lo,lift_hi,top3,accuracy_per_decision,auc_posterior,auc_posterior_lo,auc_posterior_hi,auc_gap,auc_stable,runs_needed_for_auc,ece,posterior_yield_coverage_at_p50,posterior_best_precision_cov1,signal,minus_N_a,minus_N_a_lo,minus_N_a_hi,minus_Nb_main,minus_Nb_main_lo,minus_Nb_main_hi
excl,F,timing,80,20,8.0,0.125,200,1610,0.0758,0.0627,0.0889,False,0.0335,34.58,0.0994,0,0.0779,0.0423,rounds_2_3,,,,,,,,,,,,,,,,,,,,,,,,,,,
excl,F,full,80,20,8.0,0.125,200,1610,0.6019,0.5759,0.6264,True,0.2826,4.26,0.9938,624,0.7536,0.0423,rounds_2_3,,,,,,,,,,,,,,,,,,,,,,,,,,,
excl,F,timing,240,20,24.0,0.0417,200,4877,0.0244,0.02,0.0288,False,0.0125,99.24,0.0246,0,0.0246,0.0148,rounds_2_3,,,,,,,,,,,,,,,,,,,,,,,,,,,
excl,F,full,240,20,24.0,0.0417,200,4877,0.301,0.2893,0.3133,True,0.1046,10.84,0.4918,912,0.4792,0.0148,rounds_2_3,,,,,,,,,,,,,,,,,,,,,,,,,,,
excl,F,timing,400,20,40.0,0.025,200,7930,0.0173,0.0145,0.02,False,0.0071,165.68,0.0227,0,0.0166,0.0081,rounds_2_3,,,,,,,,,,,,,,,,,,,,,,,,,,,
excl,F,full,400,20,40.0,0.025,200,7930,0.1805,0.1711,0.1894,True,0.0541,17.27,0.2812,1335,0.3262,0.0081,rounds_2_3,,,,,,,,,,,,,,,,,,,,,,,,,,,
excl,I,timing,80,20,8.0,0.125,200,1597,0.0789,0.0661,0.0921,False,0.0388,33.75,0.1062,0,0.0847,0.0423,rounds_2_3,,,,,,,,,,,,,,,,,,,,,,,,,,,
excl,I,full,80,20,8.0,0.125,200,1597,0.5999,0.5763,0.6234,True,0.2905,4.21,0.9812,609,0.7648,0.0423,rounds_2_3,,,,,,,,,,,,,,,,,,,,,,,,,,,
excl,I,timing,240,20,24.0,0.0417,200,4754,0.0246,0.0201,0.0288,False,0.0133,99.1,0.0378,0,0.0276,0.0148,rounds_2_3,,,,,,,,,,,,,,,,,,,,,,,,,,,
excl,I,full,240,20,24.0,0.0417,200,4754,0.2833,0.2717,0.2954,True,0.0953,10.76,0.4811,843,0.4758,0.0148,rounds_2_3,,,,,,,,,,,,,,,,,,,,,,,,,,,
excl,I,timing,400,20,40.0,0.025,200,8062,0.0174,0.0145,0.0204,False,0.0062,164.85,0.0297,0,0.0179,0.0081,rounds_2_3,,,,,,,,,,,,,,,,,,,,,,,,,,,
excl,I,full,400,20,40.0,0.025,200,8062,0.1842,0.1753,0.1933,True,0.0557,17.38,0.2825,1347,0.332,0.0081,rounds_2_3,,,,,,,,,,,,,,,,,,,,,,,,,,,
excl,C,timing,80,20,8.0,0.125,200,1561,0.0846,0.0692,0.0997,False,0.0109,146.81,0.0892,0,0.092,0.0423,rounds_2_3,,,,,,,,,,,,,,,,,,,,,,,,,,,
excl,C,timing,240,20,24.0,0.0417,200,4786,0.0378,0.0322,0.0435,False,0.0046,478.05,0.0382,0,0.0273,0.0148,rounds_2_3,,,,,,,,,,,,,,,,,,,,,,,,,,,
excl,C,timing,400,20,40.0,0.025,200,7737,0.0185,0.0156,0.0216,False,0.0028,868.62,0.0179,0,0.0157,0.0081,rounds_2_3,,,,,,,,,,,,,,,,,,,,,,,,,,,
ring,F,timing,80,20,8.0,0.125,200,1610,0.0758,0.0627,0.0889,False,0.0335,34.58,0.0994,0,0.0779,0.0423,rounds_2_3,,,,,,,,,,,,,,,,,,,,,,,,,,,
ring,F,full,80,20,8.0,0.125,200,1610,0.2422,0.2212,0.2625,True,0.0193,56.2,0.5963,435,0.7536,0.0423,rounds_2_3,,,,,,,,,,,,,,,,,,,,,,,,,,,
ring,F,legs,80,20,8.0,0.125,200,1610,0.2199,0.2006,0.2403,True,0.0161,56.2,0.5652,422,,0.0423,rounds_2_3,,,,,,,,,,,,,,,,,,,,,,,,,,,
ring,F,timing,240,20,24.0,0.0417,200,4877,0.0244,0.02,0.0288,False,0.0125,99.24,0.0246,0,0.0246,0.0148,rounds_2_3,,,,,,,,,,,,,,,,,,,,,,,,,,,
ring,F,full,240,20,24.0,0.0417,200,4877,0.0753,0.0677,0.0826,True,0.0066,167.74,0.1762,810,0.4792,0.0148,rounds_2_3,,,,,,,,,,,,,,,,,,,,,,,,,,,
ring,F,legs,240,20,24.0,0.0417,200,4877,0.0607,0.0542,0.068,True,0.0088,167.74,0.1393,742,,0.0148,rounds_2_3,,,,,,,,,,,,,,,,,,,,,,,,,,,
ring,F,timing,400,20,40.0,0.025,200,7930,0.0173,0.0145,0.02,False,0.0071,165.68,0.0227,0,0.0166,0.0081,rounds_2_3,,,,,,,,,,,,,,,,,,,,,,,,,,,
ring,F,full,400,20,40.0,0.025,200,7930,0.0311,0.027,0.0353,True,0.0039,277.83,0.0681,748,0.3262,0.0081,rounds_2_3,,,,,,,,,,,,,,,,,,,,,,,,,,,
ring,F,legs,400,20,40.0,0.025,200,7930,0.026,0.0222,0.0297,False,0.0034,277.83,0.0643,628,,0.0081,rounds_2_3,,,,,,,,,,,,,,,,,,,,,,,,,,,
ring,I,timing,80,20,8.0,0.125,200,1597,0.0789,0.0661,0.0921,False,0.0388,33.75,0.1062,0,0.0847,0.0423,rounds_2_3,,,,,,,,,,,,,,,,,,,,,,,,,,,
ring,I,full,80,20,8.0,0.125,200,1597,0.2498,0.2276,0.2722,True,0.0131,57.24,0.5938,443,0.7648,0.0423,rounds_2_3,,,,,,,,,,,,,,,,,,,,,,,,,,,
ring,I,legs,80,20,8.0,0.125,200,1597,0.2242,0.2027,0.2475,True,0.0194,57.24,0.5062,433,,0.0423,rounds_2_3,,,,,,,,,,,,,,,,,,,,,,,,,,,
ring,I,timing,240,20,24.0,0.0417,200,4754,0.0246,0.0201,0.0288,False,0.0133,99.1,0.0378,0,0.0276,0.0148,rounds_2_3,,,,,,,,,,,,,,,,,,,,,,,,,,,
ring,I,full,240,20,24.0,0.0417,200,4754,0.0732,0.0663,0.0802,True,0.0059,167.07,0.1765,785,0.4758,0.0148,rounds_2_3,,,,,,,,,,,,,,,,,,,,,,,,,,,
ring,I,legs,240,20,24.0,0.0417,200,4754,0.0621,0.0548,0.069,True,0.0063,167.07,0.1429,729,,0.0148,rounds_2_3,,,,,,,,,,,,,,,,,,,,,,,,,,,
ring,I,timing,400,20,40.0,0.025,200,8062,0.0174,0.0145,0.0204,False,0.0062,164.85,0.0297,0,0.0179,0.0081,rounds_2_3,,,,,,,,,,,,,,,,,,,,,,,,,,,
ring,I,full,400,20,40.0,0.025,200,8062,0.0323,0.0284,0.0366,True,0.0032,280.12,0.0706,808,0.332,0.0081,rounds_2_3,,,,,,,,,,,,,,,,,,,,,,,,,,,
ring,I,legs,400,20,40.0,0.025,200,8062,0.0247,0.0213,0.0284,False,0.0026,280.12,0.0545,663,,0.0081,rounds_2_3,,,,,,,,,,,,,,,,,,,,,,,,,,,
ring,C,timing,80,20,8.0,0.125,200,1561,0.0846,0.0692,0.0997,False,0.0109,146.81,0.0892,0,0.092,0.0423,rounds_2_3,,,,,,,,,,,,,,,,,,,,,,,,,,,
ring,C,timing,240,20,24.0,0.0417,200,4786,0.0378,0.0322,0.0435,False,0.0046,478.05,0.0382,0,0.0273,0.0148,rounds_2_3,,,,,,,,,,,,,,,,,,,,,,,,,,,
ring,C,timing,400,20,40.0,0.025,200,7737,0.0185,0.0156,0.0216,False,0.0028,868.62,0.0179,0,0.0157,0.0081,rounds_2_3,,,,,,,,,,,,,,,,,,,,,,,,,,,
gkhold,F,timing,80,20,8.0,0.125,200,1610,0.0708,0.0595,0.0835,False,0.0273,43.09,0.0932,0,0.0779,0.0423,rounds_2_3,,,,,,,,,,,,,,,,,,,,,,,,,,,
gkhold,F,full,80,20,8.0,0.125,200,1610,0.0634,0.0506,0.076,False,0.0174,56.12,0.1304,14,0.7536,0.0423,rounds_2_3,,,,,,,,,,,,,,,,,,,,,,,,,,,
gkhold,F,legs,80,20,8.0,0.125,200,1610,0.0491,0.0392,0.0597,False,0.018,56.12,0.1056,0,,0.0423,rounds_2_3,,,,,,,,,,,,,,,,,,,,,,,,,,,
gkhold,F,timing,240,20,24.0,0.0417,200,4877,0.0209,0.0166,0.0252,False,0.0092,127.33,0.0328,0,0.0246,0.0148,rounds_2_3,,,,,,,,,,,,,,,,,,,,,,,,,,,
gkhold,F,full,240,20,24.0,0.0417,200,4877,0.0193,0.0157,0.0231,False,0.0064,167.61,0.0369,3,0.4792,0.0148,rounds_2_3,,,,,,,,,,,,,,,,,,,,,,,,,,,
gkhold,F,legs,240,20,24.0,0.0417,200,4877,0.0162,0.0128,0.0198,False,0.0053,167.61,0.0389,0,,0.0148,rounds_2_3,,,,,,,,,,,,,,,,,,,,,,,,,,,
gkhold,F,timing,400,20,40.0,0.025,200,7930,0.0139,0.0111,0.0168,False,0.0052,211.17,0.0139,0,0.0166,0.0081,rounds_2_3,,,,,,,,,,,,,,,,,,,,,,,,,,,
gkhold,F,full,400,20,40.0,0.025,200,7930,0.0125,0.0104,0.0147,False,0.0038,277.59,0.0177,0,0.3262,0.0081,rounds_2_3,,,,,,,,,,,,,,,,,,,,,,,,,,,
gkhold,F,legs,400,20,40.0,0.025,200,7930,0.0097,0.0075,0.0121,False,0.0029,277.59,0.0214,0,,0.0081,rounds_2_3,,,,,,,,,,,,,,,,,,,,,,,,,,,
gkhold,I,timing,80,20,8.0,0.125,200,1597,0.0526,0.0408,0.065,False,0.0282,43.41,0.075,0,0.0847,0.0423,rounds_2_3,,,,,,,,,,,,,,,,,,,,,,,,,,,
gkhold,I,full,80,20,8.0,0.125,200,1597,0.0657,0.0539,0.0775,False,0.0175,57.1,0.0938,11,0.7648,0.0423,rounds_2_3,,,,,,,,,,,,,,,,,,,,,,,,,,,
gkhold,I,legs,80,20,8.0,0.125,200,1597,0.0532,0.0422,0.0644,False,0.0175,57.1,0.1187,1,,0.0423,rounds_2_3,,,,,,,,,,,,,,,,,,,,,,,,,,,
gkhold,I,timing,240,20,24.0,0.0417,200,4754,0.0196,0.0156,0.024,False,0.0072,127.23,0.0294,0,0.0276,0.0148,rounds_2_3,,,,,,,,,,,,,,,,,,,,,,,,,,,
gkhold,I,full,240,20,24.0,0.0417,200,4754,0.0194,0.0156,0.0233,False,0.0042,167.05,0.0336,3,0.4758,0.0148,rounds_2_3,,,,,,,,,,,,,,,,,,,,,,,,,,,
gkhold,I,legs,240,20,24.0,0.0417,200,4754,0.0145,0.0113,0.0177,False,0.0057,167.05,0.021,0,,0.0148,rounds_2_3,,,,,,,,,,,,,,,,,,,,,,,,,,,
gkhold,I,timing,400,20,40.0,0.025,200,8062,0.0125,0.0102,0.0151,False,0.0055,212.81,0.0186,0,0.0179,0.0081,rounds_2_3,,,,,,,,,,,,,,,,,,,,,,,,,,,
gkhold,I,full,400,20,40.0,0.025,200,8062,0.0138,0.0113,0.0163,False,0.0033,280.0,0.0186,0,0.332,0.0081,rounds_2_3,,,,,,,,,,,,,,,,,,,,,,,,,,,
gkhold,I,legs,400,20,40.0,0.025,200,8062,0.0108,0.0086,0.013,False,0.0047,280.0,0.0223,0,,0.0081,rounds_2_3,,,,,,,,,,,,,,,,,,,,,,,,,,,
gkhold,C,timing,80,20,8.0,0.125,200,1561,0.0448,0.0345,0.0558,False,0.0115,147.97,0.044,0,0.092,0.0423,rounds_2_3,,,,,,,,,,,,,,,,,,,,,,,,,,,
gkhold,C,timing,240,20,24.0,0.0417,200,4786,0.0127,0.0097,0.016,False,0.0036,483.16,0.011,0,0.0273,0.0148,rounds_2_3,,,,,,,,,,,,,,,,,,,,,,,,,,,
gkhold,C,timing,400,20,40.0,0.025,200,7737,0.0083,0.0062,0.0104,False,0.0017,876.15,0.0076,0,0.0157,0.0081,rounds_2_3,,,,,,,,,,,,,,,,,,,,,,,,,,,
gkhold_fresh,F,timing,80,20,8.0,0.125,200,1610,0.0714,0.0589,0.0851,False,0.0261,42.52,0.0932,0,0.0779,0.0423,rounds_2_3,,,,,,,,,,,,,,,,,,,,,,,,,,,
gkhold_fresh,F,full,80,20,8.0,0.125,200,1610,0.0665,0.0557,0.0781,False,0.0186,56.05,0.1366,12,0.7536,0.0423,rounds_2_3,,,,,,,,,,,,,,,,,,,,,,,,,,,
gkhold_fresh,F,legs,80,20,8.0,0.125,200,1610,0.0522,0.042,0.0634,False,0.0161,56.05,0.0932,1,,0.0423,rounds_2_3,,,,,,,,,,,,,,,,,,,,,,,,,,,
gkhold_fresh,F,timing,240,20,24.0,0.0417,200,4877,0.0182,0.0147,0.022,False,0.0094,125.73,0.0307,0,0.0246,0.0148,rounds_2_3,,,,,,,,,,,,,,,,,,,,,,,,,,,
gkhold_fresh,F,full,240,20,24.0,0.0417,200,4877,0.0226,0.0182,0.0269,False,0.0068,167.73,0.0328,3,0.4792,0.0148,rounds_2_3,,,,,,,,,,,,,,,,,,,,,,,,,,,
gkhold_fresh,F,legs,240,20,24.0,0.0417,200,4877,0.0162,0.0128,0.0197,False,0.0051,167.73,0.0184,0,,0.0148,rounds_2_3,,,,,,,,,,,,,,,,,,,,,,,,,,,
gkhold_fresh,F,timing,400,20,40.0,0.025,200,7930,0.0092,0.0071,0.0114,False,0.0048,208.74,0.0126,0,0.0166,0.0081,rounds_2_3,,,,,,,,,,,,,,,,,,,,,,,,,,,
gkhold_fresh,F,full,400,20,40.0,0.025,200,7930,0.0132,0.0107,0.0158,False,0.0042,277.68,0.0202,0,0.3262,0.0081,rounds_2_3,,,,,,,,,,,,,,,,,,,,,,,,,,,
gkhold_fresh,F,legs,400,20,40.0,0.025,200,7930,0.0117,0.0094,0.0141,False,0.003,277.68,0.0214,0,,0.0081,rounds_2_3,,,,,,,,,,,,,,,,,,,,,,,,,,,
gkhold_fresh,I,timing,80,20,8.0,0.125,200,1597,0.0539,0.0439,0.0649,False,0.0288,43.11,0.0312,0,0.0847,0.0423,rounds_2_3,,,,,,,,,,,,,,,,,,,,,,,,,,,
gkhold_fresh,I,full,80,20,8.0,0.125,200,1597,0.0614,0.0491,0.0744,False,0.0163,57.16,0.1,17,0.7648,0.0423,rounds_2_3,,,,,,,,,,,,,,,,,,,,,,,,,,,
gkhold_fresh,I,legs,80,20,8.0,0.125,200,1597,0.0495,0.0391,0.0601,False,0.0169,57.16,0.0875,1,,0.0423,rounds_2_3,,,,,,,,,,,,,,,,,,,,,,,,,,,
gkhold_fresh,I,timing,240,20,24.0,0.0417,200,4754,0.02,0.0158,0.0244,False,0.0074,125.42,0.0252,0,0.0276,0.0148,rounds_2_3,,,,,,,,,,,,,,,,,,,,,,,,,,,
gkhold_fresh,I,full,240,20,24.0,0.0417,200,4754,0.0227,0.0188,0.0272,False,0.0046,167.13,0.0399,4,0.4758,0.0148,rounds_2_3,,,,,,,,,,,,,,,,,,,,,,,,,,,
gkhold_fresh,I,legs,240,20,24.0,0.0417,200,4754,0.0183,0.0149,0.0221,False,0.0059,167.13,0.0273,0,,0.0148,rounds_2_3,,,,,,,,,,,,,,,,,,,,,,,,,,,
gkhold_fresh,I,timing,400,20,40.0,0.025,200,8062,0.012,0.0097,0.0145,False,0.0057,209.37,0.0111,0,0.0179,0.0081,rounds_2_3,,,,,,,,,,,,,,,,,,,,,,,,,,,
gkhold_fresh,I,full,400,20,40.0,0.025,200,8062,0.0143,0.0117,0.0171,False,0.0035,279.96,0.0161,0,0.332,0.0081,rounds_2_3,,,,,,,,,,,,,,,,,,,,,,,,,,,
gkhold_fresh,I,legs,400,20,40.0,0.025,200,8062,0.0094,0.0072,0.0118,False,0.0046,279.96,0.0161,0,,0.0081,rounds_2_3,,,,,,,,,,,,,,,,,,,,,,,,,,,
gkhold_fresh,C,timing,80,20,8.0,0.125,200,1561,0.0474,0.0383,0.0578,False,0.0141,144.18,0.057,0,0.092,0.0423,rounds_2_3,,,,,,,,,,,,,,,,,,,,,,,,,,,
gkhold_fresh,C,timing,240,20,24.0,0.0417,200,4786,0.014,0.0107,0.0174,False,0.0025,468.95,0.0138,0,0.0273,0.0148,rounds_2_3,,,,,,,,,,,,,,,,,,,,,,,,,,,
gkhold_fresh,C,timing,400,20,40.0,0.025,200,7737,0.0092,0.0069,0.0114,False,0.003,851.97,0.0096,0,0.0157,0.0081,rounds_2_3,,,,,,,,,,,,,,,,,,,,,,,,,,,
round3,A,,40,20,4.0,0.25,40,14363,0.072478,0.068659,0.076328,False,0.026784,,,,,,extension,3,A,network address (device id),180.0,20,0.0,0.289912,0.274635,0.305312,0.213604,0.073035,0.556523,0.537661,0.575384,0.520746,True,0,0.006888,0.0,0.108108,True,-0.007867,-0.013907,-0.002202,0.071712,0.067952,0.075621
round3,C,,40,20,4.0,0.25,40,14363,0.091067,0.08647,0.095873,False,0.026548,,,,,,extension,3,C,transaction (manufacturer via key_ref),180.0,20,0.0,0.364269,0.345881,0.38349,0.262619,0.091833,0.566959,0.549577,0.584341,0.502857,True,0,0.004004,0.0,0.173611,True,0.010931,0.005418,0.016988,0.090301,0.085838,0.095094
round3,D,,40,20,4.0,0.25,40,14363,0.052426,0.049297,0.05554,False,0.015444,,,,,,extension,3,D,network address (device id),180.0,20,0.0,0.209705,0.197189,0.222161,0.157975,0.052148,0.557898,0.535381,0.580415,0.515414,True,0,0.009163,0.0,0.152174,True,-0.028058,-0.033504,-0.022573,0.051661,0.048558,0.054712
round3,F,full,40,20,4.0,0.25,40,14363,0.136462,0.131223,0.142187,False,0.036281,,,,,,extension,3,F.full,content (ContentHash),180.0,20,0.0,0.545847,0.524893,0.568748,0.357864,0.135487,0.625505,0.615237,0.635774,0.567441,True,0,0.030894,0.000278,0.316129,True,0.082295,0.07711,0.087642,0.135696,0.130444,0.141294
round3,F,legs,40,20,4.0,0.25,40,14363,0.110005,0.105936,0.11427,False,0.036281,,,,,,extension,3,F.legs,content (ContentHash),180.0,20,0.0,0.440019,0.423746,0.45708,0.299937,0.110562,0.658143,0.642651,0.673634,0.583087,True,0,0.029748,0.0,0.312925,True,0.055838,0.050087,0.061821,0.109239,0.105079,0.113752
round3,F,timing,40,20,4.0,0.25,40,14363,0.118847,0.113807,0.123997,False,0.050688,,,,,,extension,3,F.timing,content (ContentHash),180.0,20,0.0,0.475388,0.45523,0.495988,0.349718,0.119334,0.58219,0.567261,0.597119,0.518643,True,0,0.01208,0.0,0.304813,True,0.06468,0.058108,0.071295,0.118081,0.113087,0.123356
round3,GK,full,40,20,4.0,0.25,40,43089,0.093829,0.090433,0.097489,False,0.019598,,,,,,extension,3,GK.full,transaction (manufacturer known),180.0,20,0.0,0.375316,0.361734,0.389955,0.26248,0.093736,0.579383,0.567187,0.591579,0.521303,True,0,0.016054,4.6e-05,0.173638,True,0.01237,0.006736,0.017972,0.093063,0.089405,0.096667
round3,GK,timing,40,20,4.0,0.25,40,43089,0.093435,0.090395,0.09661,False,0.018675,,,,,,extension,3,GK.timing,transaction (manufacturer known),180.0,20,0.0,0.373738,0.361579,0.38644,0.259974,0.093945,0.56143,0.550594,0.572266,0.515691,True,0,0.019886,4.6e-05,0.164609,True,0.011975,0.00611,0.017482,0.092669,0.089341,0.095671
round3,N,paired with F,40,20,4.0,0.25,40,14363,0.054167,0.050492,0.05792,False,0.018936,,,,,,extension,3,N.F,none (wire only),180.0,20,0.0,0.216668,0.201967,0.231678,0.165773,0.055559,0.559129,0.538644,0.579614,0.501584,True,0,0.0109,0.0,0.094675,True,,,,,,
round3,N,paired with A,40,20,4.0,0.25,40,14363,0.080345,0.075574,0.084991,False,0.025379,,,,,,extension,3,N@A,none (wire only),180.0,20,0.0,0.321381,0.302295,0.339964,0.234631,0.080276,0.569662,0.552172,0.587153,0.501432,True,0,0.01344,0.000139,0.152778,True,,,,,,
round3,N,paired with C,40,20,4.0,0.25,40,14363,0.080136,0.075588,0.084497,False,0.025379,,,,,,extension,3,N@C,none (wire only),180.0,20,0.0,0.320546,0.302352,0.337988,0.234631,0.080276,0.568583,0.552251,0.584915,0.503104,True,0,0.013233,0.000139,0.163399,True,,,,,,
round3,N,paired with D,40,20,4.0,0.25,40,14363,0.080485,0.075921,0.085026,False,0.025379,,,,,,extension,3,N@D,none (wire only),180.0,20,0.0,0.321938,0.303685,0.340106,0.234631,0.080276,0.565531,0.549565,0.581497,0.501335,True,0,0.013578,0.000139,0.155914,True,,,,,,
round3,N,paired with V,40,20,4.0,0.25,40,14363,0.08132,0.07703,0.085632,False,0.025379,,,,,,extension,3,N@V,none (wire only),180.0,20,0.0,0.32528,0.30812,0.342529,0.234631,0.080276,0.567884,0.550217,0.585551,0.5022,True,0,0.014518,0.000139,0.165563,True,,,,,,
round3,N,published sequencing,40,20,4.0,0.25,40,14363,0.081459,0.076822,0.086176,False,0.025379,,,,,,extension,3,Nb.seq,none (wire only),180.0,20,0.0,0.325837,0.307288,0.344703,0.234631,0.080276,0.574399,0.556828,0.591971,0.508214,True,0,0.015167,0.000139,0.166667,True,,,,,,
round3,V,full,40,20,4.0,0.25,40,14363,0.084801,0.07961,0.090194,False,0.022363,,,,,,extension,3,V.full,device identity,180.0,20,0.0,0.339205,0.318441,0.360776,0.254404,0.08696,0.574474,0.556675,0.592272,0.509784,True,0,0.009538,0.000278,0.165877,True,0.003481,-0.002402,0.009664,0.084035,0.078775,0.089858
round3,V,timing,40,20,4.0,0.25,40,14363,0.080206,0.075889,0.084455,False,0.026633,,,,,,extension,3,V.timing,device identity,180.0,20,0.0,0.320824,0.303558,0.33782,0.235397,0.079371,0.547755,0.529908,0.565603,0.519487,True,0,0.026984,0.0,0.145161,True,-0.001114,-0.006795,0.004609,0.07944,0.075144,0.0836
round3,N,published main attack,40,20,4.0,0.25,40,14363,0.000766,0.000349,0.001193,,,,,,,,extension,3,Nb.main,none (wire only),180.0,20,0.0,0.003063,,,,,,,,,,,,,,,,,,,,
round2,A,,40,20,4.0,0.25,40,14363,0.074358,0.071159,0.077855,False,0.025887,,,,,,extension,2,A,network address (device id),180.0,20,0.0,0.297431,0.284636,0.311418,0.219035,0.074845,0.570515,0.55486,0.586171,0.514098,True,0,0.008875,0.0,0.14245,True,-0.018102,-0.02408,-0.012263,0.073313,0.069846,0.076945
round2,C,,40,20,4.0,0.25,40,14363,0.154633,0.149768,0.160491,False,0.029352,,,,,,extension,2,C,transaction (manufacturer via key_ref),180.0,20,0.0,0.618534,0.599073,0.641965,0.389891,0.154216,0.571979,0.557875,0.586083,0.534407,True,0,0.009512,0.000975,0.353659,True,0.061895,0.054228,0.06983,0.153589,0.148473,0.15922
round2,D,,40,20,4.0,0.25,40,14363,0.059528,0.056175,0.062932,False,0.017376,,,,,,extension,2,D,network address (device id),180.0,20,0.0,0.238112,0.2247,0.251729,0.17552,0.058971,0.564745,0.541896,0.587595,0.507321,True,0,0.008478,0.0,0.133333,True,-0.033001,-0.039262,-0.026428,0.058484,0.055175,0.061865
round2,F,full,40,20,4.0,0.25,40,14363,0.381188,0.367043,0.395243,True,0.036234,,,,,,extension,2,F.full,content (ContentHash),180.0,20,0.0,1.524751,1.468174,1.58097,0.561651,0.379795,0.868986,0.862609,0.875363,0.838993,True,0,0.042061,0.715589,0.941176,True,0.327021,0.312561,0.339967,0.380143,0.365809,0.393662
round2,F,legs,40,20,4.0,0.25,40,14363,0.344287,0.331448,0.357674,True,0.036234,,,,,,extension,2,F.legs,content (ContentHash),180.0,20,0.0,1.37715,1.325792,1.430696,0.465919,0.345541,0.910266,0.904136,0.916395,0.889391,True,0,0.023608,0.664485,0.901695,True,0.29012,0.276843,0.302911,0.343243,0.329159,0.357211
round2,F,timing,40,20,4.0,0.25,40,14363,0.155747,0.150358,0.16111,False,0.076835,,,,,,extension,2,F.timing,content (ContentHash),180.0,20,0.0,0.62299,0.601431,0.64444,0.427209,0.154912,0.641577,0.630716,0.652438,0.573352,True,0,0.010025,0.007519,0.473054,True,0.10158,0.096731,0.106735,0.154703,0.149334,0.160209
round2,GK,full,40,20,4.0,0.25,40,43089,0.121214,0.115347,0.126625,False,0.019047,,,,,,extension,2,GK.full,transaction (manufacturer known),180.0,20,0.0,0.484857,0.461386,0.506501,0.309174,0.122746,0.586782,0.572173,0.60139,0.523595,True,0,0.021825,0.000232,0.228311,True,0.031052,0.024056,0.038945,0.12017,0.11472,0.125862
round2,GK,timing,40,20,4.0,0.25,40,43089,0.091949,0.088782,0.095025,False,0.021278,,,,,,extension,2,GK.timing,transaction (manufacturer known),180.0,20,0.0,0.367797,0.355127,0.380101,0.257026,0.092831,0.560102,0.551979,0.568224,0.50849,True,0,0.015976,4.6e-05,0.136048,True,0.001787,-0.004153,0.007842,0.090905,0.087703,0.094061
round2,N,paired with F,40,20,4.0,0.25,40,14363,0.054167,0.050571,0.057782,False,0.018936,,,,,,extension,2,N.F,none (wire only),180.0,20,0.0,0.216668,0.202285,0.231128,0.165773,0.055559,0.559129,0.538644,0.579614,0.501584,True,0,0.0109,0.0,0.094675,True,,,,,,
round2,N,paired with A,40,20,4.0,0.25,40,14363,0.09246,0.087611,0.09726,False,0.025508,,,,,,extension,2,N@A,none (wire only),180.0,20,0.0,0.369839,0.350446,0.389039,0.251479,0.092529,0.568076,0.550573,0.585579,0.510523,True,0,0.019793,0.0,0.173611,True,,,,,,
round2,N,paired with C,40,20,4.0,0.25,40,14363,0.092738,0.087748,0.097628,False,0.025508,,,,,,extension,2,N@C,none (wire only),180.0,20,0.0,0.370953,0.350994,0.390513,0.251479,0.092529,0.566635,0.549369,0.583902,0.511379,True,0,0.020227,0.0,0.166667,True,,,,,,
round2,N,paired with D,40,20,4.0,0.25,40,14363,0.092529,0.087736,0.097226,False,0.025508,,,,,,extension,2,N@D,none (wire only),180.0,20,0.0,0.370118,0.350945,0.388904,0.251479,0.092529,0.566557,0.549305,0.583809,0.509242,True,0,0.020177,0.0,0.159722,True,,,,,,
round2,N,paired with V,40,20,4.0,0.25,40,14363,0.091833,0.087094,0.09651,False,0.025508,,,,,,extension,2,N@V,none (wire only),180.0,20,0.0,0.367333,0.348375,0.386041,0.251479,0.092529,0.566573,0.550909,0.582238,0.512467,True,0,0.019539,0.0,0.159722,True,,,,,,
round2,N,published sequencing,40,20,4.0,0.25,40,14363,0.090162,0.085451,0.095014,False,0.025508,,,,,,extension,2,Nb.seq,none (wire only),180.0,20,0.0,0.360649,0.341803,0.380057,0.251479,0.092529,0.572167,0.556399,0.587934,0.518211,True,0,0.01883,0.0,0.154446,True,,,,,,
round2,V,full,40,20,4.0,0.25,40,14363,0.114113,0.109171,0.118821,False,0.023204,,,,,,extension,2,V.full,device identity,180.0,20,0.0,0.456451,0.436685,0.475283,0.291722,0.113416,0.572943,0.55475,0.591136,0.525881,True,0,0.015447,0.000835,0.222222,True,0.022279,0.01533,0.029267,0.113068,0.107956,0.117863
round2,V,timing,40,20,4.0,0.25,40,14363,0.082643,0.078373,0.087008,False,0.02635,,,,,,extension,2,V.timing,device identity,180.0,20,0.0,0.330572,0.313494,0.348033,0.235327,0.082713,0.550653,0.533213,0.568092,0.515488,True,0,0.028584,0.000278,0.184211,True,-0.00919,-0.015333,-0.002883,0.081599,0.07735,0.085725
round2,N,published main attack,40,20,4.0,0.25,40,14363,0.001044,0.000625,0.001514,,,,,,,,extension,2,Nb.main,none (wire only),180.0,20,0.0,0.004177,,,,,,,,,,,,,,,,,,,,
round1,A,,40,20,4.0,0.25,40,14363,0.068092,0.064113,0.072256,False,0.027322,,,,,,extension,1,A,network address (device id),180.0,20,0.0,0.272366,0.256452,0.289023,0.209288,0.068161,0.546503,0.527574,0.565433,0.49598,True,0,0.006151,0.0,0.104991,True,-0.016779,-0.022411,-0.011072,0.067326,0.063389,0.071205
round1,C,,40,20,4.0,0.25,40,14363,0.15526,0.149681,0.161726,False,0.030809,,,,,,extension,1,C,transaction (manufacturer via key_ref),180.0,20,0.0,0.62104,0.598722,0.646903,0.398524,0.155608,0.561159,0.550277,0.572041,0.521926,True,0,0.012884,0.0,0.325153,True,0.07032,0.063275,0.077776,0.154494,0.148847,0.160636
round1,D,,40,20,4.0,0.25,40,14363,0.058344,0.055221,0.061642,False,0.017618,,,,,,extension,1,D,network address (device id),180.0,20,0.0,0.233377,0.220884,0.246568,0.179976,0.058344,0.543273,0.524332,0.562213,0.502141,True,0,0.009439,0.0,0.105528,True,-0.026666,-0.032684,-0.020914,0.057579,0.054188,0.060984
round1,F,full,40,20,4.0,0.25,40,14363,0.862285,0.854434,0.869791,True,0.35407,,,,,,extension,1,F.full,content (ContentHash),180.0,20,0.0,3.44914,3.417735,3.479166,0.984961,0.860127,0.770716,0.760001,0.781431,0.854814,True,0,0.185804,1.0,1.0,True,0.810137,0.801316,0.818319,0.861519,0.85421,0.869037
round1,F,timing,40,20,4.0,0.25,40,14363,0.151361,0.145607,0.157375,False,0.076873,,,,,,extension,1,F.timing,content (ContentHash),180.0,20,0.0,0.605445,0.582426,0.629501,0.411961,0.149829,0.627371,0.61925,0.635491,0.553577,True,0,0.012191,0.00557,0.457516,True,0.099213,0.093397,0.105462,0.150595,0.14483,0.156265
round1,N,paired with F,40,20,4.0,0.25,40,14363,0.052148,0.04875,0.055799,False,0.018801,,,,,,extension,1,N.F,none (wire only),180.0,20,0.0,0.208592,0.195,0.223195,0.162083,0.052983,0.563869,0.539918,0.587821,0.510312,True,0,0.011867,0.0,0.085938,True,,,,,,
round1,N,paired with A,40,20,4.0,0.25,40,14363,0.084871,0.079991,0.089743,False,0.025637,,,,,,extension,1,N@A,none (wire only),180.0,20,0.0,0.339483,0.319964,0.358972,0.23853,0.08494,0.575726,0.557044,0.594409,0.524054,True,0,0.011547,0.000278,0.202312,True,,,,,,
round1,N,paired with C,40,20,4.0,0.25,40,14363,0.08494,0.080419,0.089716,False,0.025637,,,,,,extension,1,N@C,none (wire only),180.0,20,0.0,0.339762,0.321677,0.358864,0.23853,0.08494,0.57335,0.553946,0.592755,0.520757,True,0,0.011612,0.000278,0.201183,True,,,,,,
round1,N,paired with D,40,20,4.0,0.25,40,14363,0.08501,0.080254,0.089622,False,0.025637,,,,,,extension,1,N@D,none (wire only),180.0,20,0.0,0.34004,0.321014,0.358487,0.23853,0.08494,0.572432,0.553387,0.591476,0.522036,True,0,0.011682,0.000278,0.197674,True,,,,,,
round1,N,published sequencing,40,20,4.0,0.25,40,14363,0.085289,0.080917,0.089851,False,0.025637,,,,,,extension,1,Nb.seq,none (wire only),180.0,20,0.0,0.341154,0.323667,0.359403,0.23853,0.08494,0.57337,0.555515,0.591225,0.527225,True,0,0.012984,0.000278,0.20915,True,,,,,,
round1,N,published main attack,40,20,4.0,0.25,40,14363,0.000766,0.000349,0.001251,,,,,,,,extension,1,Nb.main,none (wire only),180.0,20,0.0,0.003063,,,,,,,,,,,,,,,,,,,,
round3_positive,A,,40,20,4.0,0.25,40,14363,0.814523,0.806597,0.822061,True,0.812862,,,,,,extension,3,A,network address (device id),180.0,20,0.0,3.258094,3.226387,3.288244,0.968878,0.814315,0.878269,0.871741,0.884797,0.664495,True,0,0.248193,1.0,1.0,True,-0.011209,-0.017998,-0.004312,-0.122328,-0.130894,-0.114676
round3_positive,C,,40,20,4.0,0.25,40,14363,0.818631,0.810494,0.826041,True,0.81538,,,,,,extension,3,C,transaction (manufacturer via key_ref),180.0,20,0.0,3.274525,3.241977,3.304165,0.970132,0.818422,0.864618,0.855746,0.87349,0.64027,True,0,0.252603,1.0,0.996222,True,-0.006336,-0.013326,0.0,-0.11822,-0.126056,-0.110431
round3_positive,D,,40,20,4.0,0.25,40,14363,0.824131,0.816569,0.831756,True,0.811481,,,,,,extension,3,D,network address (device id),180.0,20,0.0,3.296526,3.266277,3.327022,0.969296,0.823574,0.853622,0.846012,0.861231,0.632256,True,0,0.247576,1.0,1.0,True,-0.001532,-0.00793,0.004424,-0.11272,-0.121504,-0.104329
round3_positive,F,full,40,20,4.0,0.25,40,14363,0.99631,0.99558,0.997061,True,0.786115,,,,,,extension,3,F.full,content (ContentHash),180.0,20,0.0,3.98524,3.982321,3.988243,1.0,0.99631,0.997403,0.996601,0.998206,0.997413,True,0,0.000765,1.0,1.0,True,0.000278,6.9e-05,0.000558,0.059458,0.055922,0.063464
round3_positive,F,legs,40,20,4.0,0.25,40,14363,0.791896,0.784417,0.798988,True,0.786115,,,,,,extension,3,F.legs,content (ContentHash),180.0,20,0.0,3.167583,3.137667,3.195952,0.995753,0.788275,0.8962,0.891243,0.901157,0.888562,True,0,0.004105,1.0,1.0,True,-0.204136,-0.211739,-0.197118,-0.144956,-0.152602,-0.136972
round3_positive,F,timing,40,20,4.0,0.25,40,14363,0.996031,0.995226,0.996819,True,0.991587,,,,,,extension,3,F.timing,content (ContentHash),180.0,20,0.0,3.984126,3.980902,3.987275,1.0,0.996031,0.997792,0.997116,0.998468,0.997785,True,0,0.000604,1.0,1.0,True,0.0,0.0,0.0,0.05918,0.055574,0.063151
round3_positive,GK,full,40,20,4.0,0.25,40,43089,0.824178,0.816086,0.832025,True,0.815377,,,,,,extension,3,GK.full,transaction (manufacturer known),180.0,20,0.0,3.296711,3.264343,3.328101,0.968809,0.816589,0.86204,0.852555,0.871525,0.640819,True,0,0.263193,1.0,0.996245,True,-0.008378,-0.015762,-0.001541,-0.112674,-0.121094,-0.104281
round3_positive,GK,timing,40,20,4.0,0.25,40,43089,0.8268,0.81964,0.833345,True,0.814685,,,,,,extension,3,GK.timing,transaction (manufacturer known),180.0,20,0.0,3.307201,3.278561,3.333381,0.970039,0.818933,0.880434,0.873102,0.887766,0.644345,True,0,0.287579,1.0,1.0,True,-0.005756,-0.011527,-0.00016,-0.110051,-0.116958,-0.102838
round3_positive,N,paired with F,40,20,4.0,0.25,40,14363,0.996031,0.995253,0.996829,True,0.991448,,,,,,extension,3,N.F,none (wire only),180.0,20,0.0,3.984126,3.981011,3.987317,1.0,0.996031,0.997757,0.997047,0.998467,0.997767,True,0,0.000572,1.0,1.0,True,,,,,,
round3_positive,N,paired with A,40,20,4.0,0.25,40,14363,0.825733,0.818017,0.833288,True,0.814313,,,,,,extension,3,N@A,none (wire only),180.0,20,0.0,3.302931,3.272067,3.33315,0.973891,0.825245,0.911568,0.90509,0.918046,0.628971,True,0,0.37301,1.0,1.0,True,,,,,,
round3_positive,N,paired with C,40,20,4.0,0.25,40,14363,0.824967,0.817389,0.832414,True,0.814313,,,,,,extension,3,N@C,none (wire only),180.0,20,0.0,3.299868,3.269558,3.329655,0.973891,0.825245,0.912028,0.905581,0.918474,0.629172,True,0,0.372233,1.0,1.0,True,,,,,,
round3_positive,N,paired with D,40,20,4.0,0.25,40,14363,0.825663,0.818607,0.832544,True,0.814313,,,,,,extension,3,N@D,none (wire only),180.0,20,0.0,3.302653,3.274428,3.330177,0.973891,0.825245,0.911514,0.904921,0.918107,0.628182,True,0,0.372935,1.0,1.0,True,,,,,,
round3_positive,N,paired with V,40,20,4.0,0.25,40,14363,0.826359,0.818412,0.833616,True,0.814313,,,,,,extension,3,N@V,none (wire only),180.0,20,0.0,3.305438,3.273647,3.334465,0.973891,0.825245,0.911568,0.90514,0.917997,0.62524,True,0,0.37383,1.0,1.0,True,,,,,,
round3_positive,N,published sequencing,40,20,4.0,0.25,40,14363,0.832556,0.824704,0.840403,True,0.814313,,,,,,extension,3,Nb.seq,none (wire only),180.0,20,0.0,3.330223,3.298816,3.361614,0.973891,0.825245,0.912631,0.906195,0.919068,0.623424,True,0,0.380668,1.0,1.0,True,,,,,,
round3_positive,V,full,40,20,4.0,0.25,40,14363,0.819606,0.811965,0.827321,True,0.81538,,,,,,extension,3,V.full,device identity,180.0,20,0.0,3.278424,3.247862,3.309285,0.970132,0.818422,0.863175,0.85426,0.872091,0.638234,True,0,0.254559,1.0,0.996222,True,-0.006753,-0.013886,-0.000138,-0.117246,-0.12507,-0.109067
round3_positive,V,timing,40,20,4.0,0.25,40,14363,0.81891,0.811277,0.825904,True,0.814381,,,,,,extension,3,V.timing,device identity,180.0,20,0.0,3.275639,3.245107,3.303616,0.972011,0.81703,0.862747,0.855033,0.870461,0.651971,True,0,0.247245,1.0,0.996198,True,-0.00745,-0.014005,-0.001256,-0.117942,-0.125864,-0.110199
round3_positive,N,published main attack,40,20,4.0,0.25,40,14363,0.936852,0.932757,0.940357,,,,,,,,extension,3,Nb.main,none (wire only),180.0,20,0.0,3.747407,,,,,,,,,,,,,,,,,,,,
round3,A,,80,20,8.0,0.125,20,14397,0.039105,0.035948,0.042231,False,0.013068,,,,,,extension,3,A,network address (device id),180.0,20,0.0,0.312843,0.287581,0.337851,0.114538,0.038897,0.554631,0.520811,0.588451,0.507649,True,0,0.004905,0.0,0.055619,True,-0.00389,-0.009018,0.00082,0.038411,0.035353,0.041601
round3,C,,80,20,8.0,0.125,20,14397,0.046051,0.04272,0.049335,False,0.014299,,,,,,extension,3,C,transaction (manufacturer via key_ref),180.0,20,0.0,0.36841,0.341759,0.394684,0.142113,0.04619,0.558099,0.532332,0.583867,0.513942,True,0,0.005774,0.0,0.104167,True,0.002709,-0.00268,0.007385,0.045357,0.042031,0.048821
round3,D,,80,20,8.0,0.125,20,14397,0.027367,0.024477,0.030268,False,0.007284,,,,,,extension,3,D,network address (device id),180.0,20,0.0,0.218935,0.195816,0.242141,0.086407,0.027853,0.524012,0.494102,0.553922,0.484583,True,0,0.003643,0.0,0.063291,False,-0.016184,-0.020403,-0.011602,0.026672,0.023642,0.029883
round3,F,full,80,20,8.0,0.125,20,14397,0.06807,0.064085,0.072145,False,0.017978,,,,,,extension,3,F.full,content (ContentHash),180.0,20,0.0,0.544558,0.512679,0.577164,0.188373,0.068625,0.59474,0.576211,0.613269,0.55415,True,0,0.025325,0.0,0.2,True,0.042162,0.037444,0.04712,0.067375,0.063321,0.07167
round3,F,legs,80,20,8.0,0.125,20,14397,0.054664,0.050536,0.058315,False,0.017978,,,,,,extension,3,F.legs,content (ContentHash),180.0,20,0.0,0.437313,0.40429,0.466517,0.149684,0.055428,0.624526,0.606807,0.642246,0.569213,True,0,0.021247,0.000834,0.16,True,0.028756,0.024738,0.032739,0.05397,0.049954,0.057675
round3,F,timing,80,20,8.0,0.125,20,14397,0.062999,0.059947,0.066114,False,0.024939,,,,,,extension,3,F.timing,content (ContentHash),180.0,20,0.0,0.503994,0.479576,0.528912,0.188511,0.062305,0.568287,0.546976,0.589598,0.514681,True,0,0.009389,0.0,0.093333,True,0.037091,0.033055,0.041057,0.062305,0.059216,0.065438
round3,GK,full,80,20,8.0,0.125,20,43191,0.039013,0.036828,0.041544,False,0.009196,,,,,,extension,3,GK.full,transaction (manufacturer known),180.0,20,0.0,0.312102,0.294625,0.332351,0.124632,0.039777,0.5589,0.541344,0.576455,0.512009,True,0,0.004362,0.0,0.066901,True,-0.002663,-0.00731,0.001835,0.038318,0.036034,0.040957
round3,GK,timing,80,20,8.0,0.125,20,43191,0.050034,0.047463,0.052673,False,0.009315,,,,,,extension,3,GK.timing,transaction (manufacturer known),180.0,20,0.0,0.400269,0.379703,0.421383,0.140608,0.050913,0.547464,0.538731,0.556196,0.515224,True,0,0.009886,0.0,0.092466,True,0.008358,0.003633,0.012574,0.049339,0.046611,0.052131
round3,N,paired with F,80,20,8.0,0.125,20,14397,0.025908,0.023627,0.02851,False,0.009189,,,,,,extension,3,N.F,none (wire only),180.0,20,0.0,0.207265,0.18902,0.228077,0.087171,0.026117,0.547849,0.522252,0.573447,0.516268,True,0,0.005312,0.0,0.036565,True,,,,,,
round3,N,paired with A,80,20,8.0,0.125,20,14397,0.042995,0.039265,0.047048,False,0.012159,,,,,,extension,3,N@A,none (wire only),180.0,20,0.0,0.343961,0.314119,0.376381,0.126693,0.04369,0.559093,0.537653,0.580533,0.520342,True,0,0.009389,0.0,0.068607,True,,,,,,
round3,N,paired with C,80,20,8.0,0.125,20,14397,0.043342,0.039323,0.047265,False,0.012159,,,,,,extension,3,N@C,none (wire only),180.0,20,0.0,0.346739,0.314587,0.378119,0.126693,0.04369,0.555309,0.535092,0.575527,0.522763,True,0,0.009736,0.0,0.069647,True,,,,,,
round3,N,paired with D,80,20,8.0,0.125,20,14397,0.043551,0.039748,0.047619,False,0.012159,,,,,,extension,3,N@D,none (wire only),180.0,20,0.0,0.348406,0.317984,0.380952,0.126693,0.04369,0.559434,0.53932,0.579547,0.519258,True,0,0.009946,0.0,0.074468,True,,,,,,
round3,N,paired with V,80,20,8.0,0.125,20,14397,0.043551,0.040184,0.047435,False,0.012159,,,,,,extension,3,N@V,none (wire only),180.0,20,0.0,0.348406,0.321471,0.379478,0.126693,0.04369,0.555761,0.535595,0.575927,0.518216,True,0,0.009988,0.0,0.068638,True,,,,,,
round3,N,published sequencing,80,20,8.0,0.125,20,14397,0.041675,0.038191,0.045446,False,0.012159,,,,,,extension,3,Nb.seq,none (wire only),180.0,20,0.0,0.333403,0.305526,0.36357,0.126693,0.04369,0.541621,0.51731,0.565933,0.514525,True,0,0.0083,0.0,0.065385,True,,,,,,
round3,V,full,80,20,8.0,0.125,20,14397,0.040703,0.037978,0.043637,False,0.011261,,,,,,extension,3,V.full,device identity,180.0,20,0.0,0.325623,0.303825,0.349094,0.122317,0.039939,0.546114,0.520945,0.571284,0.480989,True,0,0.00275,0.0,0.083333,True,-0.002848,-0.006636,0.000697,0.040008,0.037361,0.043229
round3,V,timing,80,20,8.0,0.125,20,14397,0.041814,0.03921,0.044425,False,0.013861,,,,,,extension,3,V.timing,device identity,180.0,20,0.0,0.334514,0.313681,0.355399,0.117247,0.041675,0.528914,0.508154,0.549674,0.500415,True,0,0.018861,0.0,0.070064,False,-0.001736,-0.006994,0.003119,0.04112,0.038563,0.043781
round3,N,published main attack,80,20,8.0,0.125,20,14397,0.000695,0.000346,0.001109,,,,,,,,extension,3,Nb.main,none (wire only),180.0,20,0.0,0.005557,,,,,,,,,,,,,,,,,,,,
round3,A,,240,20,24.0,0.041667,20,43471,0.01256,0.01154,0.013659,False,0.003533,,,,,,extension,3,A,network address (device id),180.0,20,0.0,0.301442,0.276966,0.327805,0.037197,0.012215,0.517765,0.498472,0.537058,0.497312,True,0,0.002602,0.0,0.013839,False,-0.000989,-0.002437,0.000416,0.012008,0.011052,0.013071
round3,C,,240,20,24.0,0.041667,20,43471,0.015091,0.013725,0.016353,False,0.003826,,,,,,extension,3,C,transaction (manufacturer via key_ref),180.0,20,0.0,0.362172,0.329398,0.392482,0.048285,0.015068,0.526726,0.509492,0.54396,0.510711,True,0,0.003325,0.0,0.020921,True,0.001403,-0.000345,0.003175,0.014538,0.013304,0.01577
round3,D,,240,20,24.0,0.041667,20,43471,0.00881,0.008086,0.009587,False,0.002155,,,,,,extension,3,D,network address (device id),180.0,20,0.0,0.211451,0.194063,0.230082,0.027329,0.008879,0.524256,0.498211,0.5503,0.518568,True,0,0.001434,0.0,0.018182,False,-0.004647,-0.005723,-0.003585,0.008258,0.007521,0.009039
round3,F,full,240,20,24.0,0.041667,20,43471,0.023372,0.022171,0.024684,False,0.00595,,,,,,extension,3,F.full,content (ContentHash),180.0,20,0.0,0.560926,0.532101,0.592408,0.061535,0.023073,0.570404,0.557043,0.583765,0.552984,True,0,0.007131,0.0,0.034509,True,0.014469,0.01294,0.016039,0.02282,0.02159,0.024147
round3,F,legs,240,20,24.0,0.041667,20,43471,0.016862,0.015598,0.01811,False,0.00595,,,,,,extension,3,F.legs,content (ContentHash),180.0,20,0.0,0.404684,0.374346,0.434641,0.044696,0.017345,0.646771,0.63143,0.662113,0.601267,True,0,0.009239,4.6e-05,0.050575,True,0.007959,0.006504,0.009373,0.01631,0.015121,0.017517
round3,F,timing,240,20,24.0,0.041667,20,43471,0.020473,0.019476,0.021425,False,0.008265,,,,,,extension,3,F.timing,content (ContentHash),180.0,20,0.0,0.491362,0.467436,0.514196,0.063054,0.021164,0.553041,0.53425,0.571831,0.530338,True,0,0.006241,0.0,0.040816,True,0.011571,0.01022,0.012805,0.019921,0.018913,0.021056
round3,GK,full,240,20,24.0,0.041667,20,130413,0.013365,0.012906,0.013795,False,0.002157,,,,,,extension,3,GK.full,transaction (manufacturer known),180.0,20,0.0,0.320766,0.309734,0.331086,0.040364,0.014653,0.537777,0.51953,0.556024,0.517528,True,0,0.002909,0.0,0.018679,True,-4.6e-05,-0.0009,0.000798,0.012813,0.012291,0.013303
round3,GK,timing,240,20,24.0,0.041667,20,130413,0.013825,0.013188,0.014478,False,0.002572,,,,,,extension,3,GK.timing,transaction (manufacturer known),180.0,20,0.0,0.331807,0.316514,0.347474,0.045218,0.016816,0.539528,0.53089,0.548166,0.513791,True,0,0.00276,0.0,0.022222,True,0.000414,-0.000552,0.001347,0.013273,0.012554,0.013998
round3,N,paired with F,240,20,24.0,0.041667,20,43471,0.008902,0.00821,0.009635,False,0.003003,,,,,,extension,3,N.F,none (wire only),180.0,20,0.0,0.21366,0.197032,0.231234,0.031607,0.009041,0.533063,0.508546,0.557581,0.500922,True,0,0.002721,0.0,0.016092,False,,,,,,
round3,N,paired with A,240,20,24.0,0.041667,20,43471,0.013549,0.012724,0.014408,False,0.003378,,,,,,extension,3,N@A,none (wire only),180.0,20,0.0,0.325182,0.305384,0.345793,0.039176,0.013434,0.512774,0.485287,0.54026,0.505001,True,0,0.00437,0.0,0.026119,False,,,,,,
round3,N,paired with C,240,20,24.0,0.041667,20,43471,0.013687,0.012763,0.01453,False,0.003378,,,,,,extension,3,N@C,none (wire only),180.0,20,0.0,0.328495,0.306307,0.348729,0.039176,0.013434,0.515173,0.489186,0.541161,0.507461,True,0,0.004509,0.0,0.026168,False,,,,,,
round3,N,paired with D,240,20,24.0,0.041667,20,43471,0.013457,0.01262,0.014233,False,0.003378,,,,,,extension,3,N@D,none (wire only),180.0,20,0.0,0.322974,0.302869,0.3416,0.039176,0.013434,0.516695,0.487708,0.545683,0.507812,True,0,0.004278,0.0,0.025641,False,,,,,,
round3,N,paired with V,240,20,24.0,0.041667,20,43471,0.013779,0.012948,0.014662,False,0.003378,,,,,,extension,3,N@V,none (wire only),180.0,20,0.0,0.330703,0.31076,0.351898,0.039176,0.013434,0.523084,0.493367,0.552802,0.510483,True,0,0.004608,0.0,0.025918,False,,,,,,
round3,N,published sequencing,240,20,24.0,0.041667,20,43471,0.013411,0.012727,0.014191,False,0.003378,,,,,,extension,3,Nb.seq,none (wire only),180.0,20,0.0,0.32187,0.305456,0.340578,0.039176,0.013434,0.526227,0.500703,0.551751,0.517248,True,0,0.004274,0.0,0.03012,False,,,,,,
round3,V,full,240,20,24.0,0.041667,20,43471,0.012491,0.011514,0.013494,False,0.002913,,,,,,extension,3,V.full,device identity,180.0,20,0.0,0.299786,0.276336,0.323856,0.039544,0.013158,0.550121,0.528346,0.571896,0.511056,True,0,0.00081,4.6e-05,0.025,True,-0.001288,-0.002558,-6.8e-05,0.011939,0.010946,0.01303
round3,V,timing,240,20,24.0,0.041667,20,43471,0.013848,0.013175,0.014531,False,0.003638,,,,,,extension,3,V.timing,device identity,180.0,20,0.0,0.33236,0.316202,0.348747,0.039728,0.013756,0.525084,0.509851,0.540318,0.499262,True,0,0.002646,0.0,0.018258,True,6.9e-05,-0.001057,0.001245,0.013296,0.01258,0.014003
round3,N,published main attack,240,20,24.0,0.041667,20,43471,0.000552,0.000323,0.000805,,,,,,,,extension,3,Nb.main,none (wire only),180.0,20,0.0,0.01325,,,,,,,,,,,,,,,,,,,,
round3,A,,400,20,40.0,0.025,20,72282,0.00754,0.006833,0.008212,False,0.00174,,,,,,extension,3,A,network address (device id),180.0,20,0.0,0.301597,0.273329,0.328489,0.022039,0.007651,0.521431,0.492409,0.550453,0.514044,True,0,0.001788,0.0,0.011065,False,-0.000885,-0.002003,0.000166,0.007222,0.006532,0.007865
round3,C,,400,20,40.0,0.025,20,72282,0.007996,0.007278,0.008743,False,0.001802,,,,,,extension,3,C,transaction (manufacturer via key_ref),180.0,20,0.0,0.319858,0.29111,0.349702,0.024598,0.008024,0.535132,0.515785,0.55448,0.510136,True,0,0.001004,0.0,0.011952,True,-0.000415,-0.001298,0.000487,0.007678,0.006886,0.008505
round3,D,,400,20,40.0,0.025,20,72282,0.004953,0.004431,0.005468,False,0.001104,,,,,,extension,3,D,network address (device id),180.0,20,0.0,0.198113,0.177248,0.218705,0.015094,0.005036,0.510014,0.480841,0.539188,0.512469,True,0,0.001346,0.0,0.009184,False,-0.0035,-0.004427,-0.002689,0.004635,0.004059,0.005226
round3,F,full,400,20,40.0,0.025,20,72282,0.012963,0.012032,0.013886,False,0.003536,,,,,,extension,3,F.full,content (ContentHash),180.0,20,0.0,0.518525,0.481262,0.555433,0.036247,0.012935,0.53829,0.523241,0.553338,0.548343,True,0,0.003723,0.0,0.016958,True,0.007402,0.006421,0.008411,0.012645,0.011672,0.013578
round3,F,legs,400,20,40.0,0.025,20,72282,0.010196,0.009353,0.010968,False,0.003536,,,,,,extension,3,F.legs,content (ContentHash),180.0,20,0.0,0.407847,0.374106,0.438721,0.026646,0.010487,0.636954,0.616084,0.657824,0.601306,True,0,0.005587,0.0,0.028846,True,0.004635,0.003684,0.005497,0.009878,0.008961,0.010759
round3,F,timing,400,20,40.0,0.025,20,72282,0.012244,0.011608,0.013029,False,0.004877,,,,,,extension,3,F.timing,content (ContentHash),180.0,20,0.0,0.489748,0.464332,0.521172,0.039457,0.012216,0.537988,0.524016,0.551961,0.517451,True,0,0.004592,0.0,0.015748,True,0.006682,0.005949,0.007629,0.011926,0.011221,0.012725
round3,GK,full,400,20,40.0,0.025,20,216846,0.006788,0.006443,0.007136,False,0.001212,,,,,,extension,3,GK.full,transaction (manufacturer known),180.0,20,0.0,0.271529,0.257711,0.285424,0.021697,0.007826,0.53493,0.520162,0.549697,0.550642,True,0,0.001848,0.0,0.009567,True,-0.001374,-0.002068,-0.00069,0.00647,0.00612,0.006835
round3,GK,timing,400,20,40.0,0.025,20,216846,0.007042,0.006777,0.007341,False,0.001248,,,,,,extension,3,GK.timing,transaction (manufacturer known),180.0,20,0.0,0.281675,0.271061,0.293621,0.026853,0.00968,0.527522,0.510843,0.544201,0.522586,True,0,0.00042,0.0,0.009922,True,-0.001121,-0.001622,-0.000586,0.006724,0.006402,0.007072
round3,N,paired with F,400,20,40.0,0.025,20,72282,0.005562,0.005092,0.006026,False,0.001811,,,,,,extension,3,N.F,none (wire only),180.0,20,0.0,0.222462,0.20368,0.241022,0.019701,0.005492,0.514715,0.481616,0.547815,0.515361,True,0,0.001716,0.0,0.008119,False,,,,,,
round3,N,paired with A,400,20,40.0,0.025,20,72282,0.008425,0.007763,0.009065,False,0.001723,,,,,,extension,3,N@A,none (wire only),180.0,20,0.0,0.337013,0.310538,0.362598,0.023588,0.008425,0.526182,0.503185,0.549179,0.503403,True,0,0.00391,0.0,0.010094,False,,,,,,
round3,N,paired with C,400,20,40.0,0.025,20,72282,0.008411,0.007808,0.008999,False,0.001723,,,,,,extension,3,N@C,none (wire only),180.0,20,0.0,0.33646,0.312339,0.359951,0.023588,0.008425,0.528577,0.505361,0.551793,0.504707,True,0,0.003896,0.0,0.010171,False,,,,,,
round3,N,paired with D,400,20,40.0,0.025,20,72282,0.008453,0.007833,0.009068,False,0.001723,,,,,,extension,3,N@D,none (wire only),180.0,20,0.0,0.33812,0.31332,0.362723,0.023588,0.008425,0.529452,0.504235,0.554669,0.502884,True,0,0.003937,0.0,0.010458,False,,,,,,
round3,N,paired with V,400,20,40.0,0.025,20,72282,0.008315,0.007634,0.008934,False,0.001723,,,,,,extension,3,N@V,none (wire only),180.0,20,0.0,0.332586,0.305375,0.357373,0.023588,0.008425,0.531799,0.506957,0.556641,0.508165,True,0,0.003802,0.0,0.010208,False,,,,,,
round3,N,published sequencing,400,20,40.0,0.025,20,72282,0.008162,0.007649,0.008727,False,0.001723,,,,,,extension,3,Nb.seq,none (wire only),180.0,20,0.0,0.326499,0.305951,0.349075,0.023588,0.008425,0.544512,0.519117,0.569908,0.524321,True,0,0.003663,0.0,0.012016,True,,,,,,
round3,V,full,400,20,40.0,0.025,20,72282,0.007402,0.006694,0.008135,False,0.001421,,,,,,extension,3,V.full,device identity,180.0,20,0.0,0.296063,0.267775,0.325388,0.022468,0.007623,0.547206,0.513765,0.580647,0.523776,True,0,0.002084,0.0,0.010321,False,-0.000913,-0.002027,6.9e-05,0.007083,0.006404,0.007744
round3,V,timing,400,20,40.0,0.025,20,72282,0.009006,0.008348,0.009675,False,0.001752,,,,,,extension,3,V.timing,device identity,180.0,20,0.0,0.360256,0.333934,0.386991,0.024916,0.008965,0.524864,0.503117,0.546611,0.538745,True,0,0.000402,0.0,0.015845,False,0.000692,-0.000207,0.001575,0.008688,0.007973,0.009409
round3,N,published main attack,400,20,40.0,0.025,20,72282,0.000318,0.000195,0.000455,,,,,,,,extension,3,Nb.main,none (wire only),180.0,20,0.0,0.012728,,,,,,,,,,,,,,,,,,,,
round1,F,full,400,20,40.0,0.025,20,72282,0.329086,0.322985,0.335057,True,0.044752,,,,,,extension,1,F.full,content (ContentHash),180.0,20,0.0,13.163443,12.919409,13.402266,0.673999,0.328021,0.585382,0.57958,0.591183,0.619393,True,0,0.210527,0.05271,0.77931,True,0.32358,0.317885,0.329416,0.328796,0.322985,0.334808
round1,F,timing,400,20,40.0,0.025,20,72282,0.016989,0.016191,0.017865,False,0.00761,,,,,,extension,1,F.timing,content (ContentHash),180.0,20,0.0,0.679561,0.647633,0.714603,0.052987,0.017183,0.612379,0.597212,0.627546,0.531974,True,0,0.002439,2.8e-05,0.085282,True,0.011483,0.010557,0.012439,0.016698,0.015903,0.0176
round1,N,paired with F,400,20,40.0,0.025,20,72282,0.005506,0.005009,0.005998,False,0.001794,,,,,,extension,1,N.F,none (wire only),180.0,20,0.0,0.220248,0.200364,0.239903,0.01822,0.005492,0.521017,0.488689,0.553346,0.513312,True,0,0.001488,0.0,0.011378,False,,,,,,
round1,N,published sequencing,400,20,40.0,0.025,20,72282,0.007872,0.00741,0.008356,False,0.001825,,,,,,extension,1,Nb.seq,none (wire only),180.0,20,0.0,0.314878,0.296403,0.334237,0.023713,0.008647,0.548092,0.521736,0.574447,0.524253,True,0,0.002892,0.0,0.012658,True,,,,,,
round1,N,published main attack,400,20,40.0,0.025,20,72282,0.000291,0.000193,0.000399,,,,,,,,extension,1,Nb.main,none (wire only),180.0,20,0.0,0.011621,,,,,,,,,,,,,,,,,,,,
round3,A,,400,20,40.0,0.025,20,16144,0.006752,0.005657,0.007884,False,0.001726,,,,,,extension,3,A,network address (device id),40.0,20,0.0,0.270069,0.226287,0.315355,0.022671,0.006752,0.55162,0.504521,0.59872,0.515806,True,0,0.001034,0.0,0.008989,False,-0.000805,-0.002346,0.000627,0.006318,0.005248,0.007464
round3,C,,400,20,40.0,0.025,20,16144,0.007185,0.005898,0.008419,False,0.001789,,,,,,extension,3,C,transaction (manufacturer via key_ref),40.0,20,0.0,0.287413,0.235907,0.336775,0.022857,0.007619,0.547012,0.499515,0.594509,0.515067,True,0,0.000266,0.0,0.016575,False,-0.000681,-0.002171,0.0008,0.006752,0.005575,0.008058
round3,D,,400,20,40.0,0.025,20,16144,0.005451,0.004385,0.006606,False,0.001097,,,,,,extension,3,D,network address (device id),40.0,20,0.0,0.218038,0.175393,0.264229,0.015857,0.005451,0.518416,0.458524,0.578308,0.470433,True,0,0.001877,0.0,0.008099,False,-0.002044,-0.003592,-0.000494,0.005017,0.004037,0.006101
round3,F,full,400,20,40.0,0.025,20,16144,0.01307,0.011482,0.014594,False,0.003514,,,,,,extension,3,F.full,content (ContentHash),40.0,20,0.0,0.522795,0.459284,0.58375,0.037042,0.013194,0.596712,0.564258,0.629166,0.543688,True,0,0.003449,0.0,0.04717,True,0.00861,0.006918,0.010502,0.012636,0.010922,0.014192
round3,F,legs,400,20,40.0,0.025,20,16144,0.010716,0.008986,0.01258,False,0.003514,,,,,,extension,3,F.legs,content (ContentHash),40.0,20,0.0,0.428642,0.35942,0.503214,0.026945,0.010406,0.662054,0.632389,0.69172,0.612687,True,0,0.004853,0.0,0.036585,True,0.006256,0.004244,0.008545,0.010282,0.008591,0.011983
round3,F,timing,400,20,40.0,0.025,20,16144,0.013008,0.011089,0.014851,False,0.004843,,,,,,extension,3,F.timing,content (ContentHash),40.0,20,0.0,0.520317,0.443558,0.594056,0.040201,0.01276,0.555264,0.506077,0.604451,0.535633,True,0,0.003755,0.0,0.032491,False,0.008548,0.006234,0.010881,0.012574,0.010587,0.014569
round3,GK,full,400,20,40.0,0.025,20,48432,0.006525,0.006065,0.00702,False,0.001203,,,,,,extension,3,GK.full,transaction (manufacturer known),40.0,20,0.0,0.260984,0.242586,0.280799,0.022134,0.007536,0.532263,0.506924,0.557601,0.505117,True,0,0.001624,0.0,0.008457,False,-0.000227,-0.001473,0.00108,0.006091,0.005642,0.006544
round3,GK,timing,400,20,40.0,0.025,20,48432,0.007,0.006332,0.007692,False,0.00124,,,,,,extension,3,GK.timing,transaction (manufacturer known),40.0,20,0.0,0.27998,0.253282,0.307667,0.027379,0.009931,0.516953,0.481854,0.552052,0.514855,True,0,0.000377,0.0,0.007921,False,0.000248,-0.001015,0.001494,0.006566,0.005827,0.007312
round3,N,paired with F,400,20,40.0,0.025,20,16144,0.00446,0.003553,0.005309,False,0.001804,,,,,,extension,3,N.F,none (wire only),40.0,20,0.0,0.178394,0.142109,0.212343,0.019078,0.004398,0.513151,0.441617,0.584685,0.49123,True,0,0.002781,0.0,0.006529,False,,,,,,
round3,N,paired with A,400,20,40.0,0.025,20,16144,0.007557,0.006636,0.008546,False,0.001709,,,,,,extension,3,N@A,none (wire only),40.0,20,0.0,0.302279,0.265438,0.341841,0.021432,0.007681,0.520248,0.477795,0.5627,0.516731,True,0,0.003084,0.0,0.011662,False,,,,,,
round3,N,paired with C,400,20,40.0,0.025,20,16144,0.007867,0.006963,0.008791,False,0.001709,,,,,,extension,3,N@C,none (wire only),40.0,20,0.0,0.314668,0.278532,0.351647,0.021432,0.007681,0.518817,0.473195,0.564439,0.507117,True,0,0.003394,0.0,0.011628,False,,,,,,
round3,N,paired with D,400,20,40.0,0.025,20,16144,0.007495,0.006551,0.008514,False,0.001709,,,,,,extension,3,N@D,none (wire only),40.0,20,0.0,0.299802,0.262034,0.340568,0.021432,0.007681,0.520436,0.479538,0.561334,0.505057,True,0,0.003022,0.0,0.008696,False,,,,,,
round3,N,paired with V,400,20,40.0,0.025,20,16144,0.007991,0.006975,0.00901,False,0.001709,,,,,,extension,3,N@V,none (wire only),40.0,20,0.0,0.319623,0.279004,0.360382,0.021432,0.007681,0.517729,0.477673,0.557784,0.506008,True,0,0.003521,0.0,0.011799,False,,,,,,
round3,N,published sequencing,400,20,40.0,0.025,20,16144,0.006752,0.005729,0.007845,False,0.001709,,,,,,extension,3,Nb.seq,none (wire only),40.0,20,0.0,0.270069,0.229146,0.313794,0.021432,0.007681,0.502134,0.455866,0.548402,0.540672,True,0,0.002295,0.0,0.007505,False,,,,,,
round3,V,full,400,20,40.0,0.025,20,16144,0.007309,0.006294,0.008255,False,0.00141,,,,,,extension,3,V.full,device identity,40.0,20,0.0,0.292369,0.251757,0.33019,0.021246,0.007,0.531492,0.45967,0.603314,0.530968,True,0,0.002032,0.0,0.016645,False,-0.000681,-0.002228,0.000864,0.006876,0.005777,0.00787
round3,V,timing,400,20,40.0,0.025,20,16144,0.007185,0.006019,0.008436,False,0.001738,,,,,,extension,3,V.timing,device identity,40.0,20,0.0,0.287413,0.240769,0.33746,0.022175,0.007495,0.525763,0.468662,0.582865,0.513311,True,0,0.001301,0.0,0.010283,False,-0.000805,-0.002508,0.000739,0.006752,0.005584,0.007932
round3,N,published main attack,400,20,40.0,0.025,20,16144,0.000434,0.000125,0.000747,,,,,,,,extension,3,Nb.main,none (wire only),40.0,20,0.0,0.017344,,,,,,,,,,,,,,,,,,,,
round3,N,paired with V,400,20,40.0,0.025,20,72424,0.007801,0.007063,0.008592,False,0.001721,,,,,,extension,3,N@V,none (wire only),180.0,20,1.0,0.312051,0.282515,0.343669,0.022548,0.008864,0.53672,0.51781,0.55563,0.541094,True,0,0.003315,0.0,0.013162,True,,,,,,
round3,V,full,400,20,40.0,0.025,20,72424,0.007166,0.006483,0.007835,False,0.001474,,,,,,extension,3,V.full,device identity,180.0,20,1.0,0.286645,0.259307,0.313405,0.02252,0.007953,0.529595,0.50527,0.553921,0.531267,True,0,0.001933,0.0,0.009235,False,-0.000635,-0.001627,0.000399,,,
round3,V,timing,400,20,40.0,0.025,20,72424,0.00787,0.007412,0.008391,False,0.001826,,,,,,extension,3,V.timing,device identity,180.0,20,1.0,0.314813,0.296475,0.335634,0.022769,0.008533,0.518003,0.493162,0.542844,0.506249,True,0,0.001173,0.0,0.016064,False,6.9e-05,-0.000864,0.000909,,,
round3,N,paired with V,400,20,40.0,0.025,20,72282,0.008619,0.00808,0.009175,False,0.001723,,,,,,extension,3,N@V,none (wire only),180.0,20,0.5,0.344761,0.323214,0.366986,0.023491,0.008522,0.531835,0.503748,0.559923,0.505595,True,0,0.004107,0.0,0.009921,False,,,,,,
round3,V,full,400,20,40.0,0.025,20,72282,0.007319,0.006753,0.007877,False,0.001421,,,,,,extension,3,V.full,device identity,180.0,20,0.5,0.292742,0.270102,0.315085,0.022108,0.007706,0.54304,0.519974,0.566106,0.528649,True,0,0.002026,0.0,0.011065,True,-0.0013,-0.002154,-0.000403,,,
round3,V,timing,400,20,40.0,0.025,20,72282,0.008813,0.008183,0.009442,False,0.001752,,,,,,extension,3,V.timing,device identity,180.0,20,0.5,0.352508,0.3273,0.377669,0.024183,0.008716,0.509496,0.486918,0.532073,0.524822,True,0,0.000236,0.0,0.012448,False,0.000194,-0.000593,0.001,,,
round3,N,paired with V,400,20,40.0,0.025,20,72282,0.008315,0.00777,0.008844,False,0.001722,,,,,,extension,3,N@V,none (wire only),180.0,20,0.1,0.332586,0.310806,0.353769,0.023519,0.008536,0.53955,0.517071,0.562028,0.507372,True,0,0.003804,0.0,0.010469,True,,,,,,
round3,V,full,400,20,40.0,0.025,20,72282,0.007125,0.006594,0.007618,False,0.00142,,,,,,extension,3,V.full,device identity,180.0,20,0.1,0.284995,0.263776,0.304702,0.023574,0.007457,0.549567,0.521948,0.577187,0.528624,True,0,0.001821,0.0,0.009861,True,-0.00119,-0.002005,-0.000389,,,
round3,V,timing,400,20,40.0,0.025,20,72282,0.008661,0.008113,0.009229,False,0.001751,,,,,,extension,3,V.timing,device identity,180.0,20,0.1,0.346421,0.324522,0.369173,0.023934,0.008785,0.522712,0.502143,0.543281,0.535738,True,0,5.8e-05,0.0,0.014757,False,0.000346,-0.000484,0.001165,,,
round3,N,paired with V,2000,20,200.0,0.005,19,342152,0.000874,0.000769,0.000983,False,0.0001,,,,,,extension,3,N@V,none (wire only),180.0,20,1.0,0.174776,0.153835,0.196576,0.003235,0.001493,0.499646,0.45714,0.542153,0.576913,True,0,0.000429,0.0,0.001576,False,,,,,,
round3,V,full,2000,20,200.0,0.005,19,342152,0.000181,0.000137,0.000225,False,8.3e-05,,,,,,extension,3,V.full,device identity,180.0,20,1.0,0.036241,0.02736,0.045014,0.001239,0.000286,0.428809,0.355068,0.502549,0.469506,True,0,0.000274,0.0,0.000313,False,-0.000693,-0.000806,-0.000579,,,
round3,V,timing,2000,20,200.0,0.005,19,342152,0.001023,0.00095,0.001099,False,0.000105,,,,,,extension,3,V.timing,device identity,180.0,20,1.0,0.204587,0.18995,0.219712,0.003437,0.001596,0.511558,0.48382,0.539296,0.517764,True,0,0.000173,0.0,0.002046,False,0.000149,4.4e-05,0.000257,,,
round3,N,paired with V,2000,20,200.0,0.005,20,358946,0.001217,0.00113,0.001302,False,0.000102,,,,,,extension,3,N@V,none (wire only),180.0,20,0.5,0.243491,0.225975,0.260456,0.003312,0.001479,0.495798,0.463649,0.527946,0.547577,True,0,0.000763,0.0,0.001285,False,,,,,,
round3,V,full,2000,20,200.0,0.005,20,358946,0.001,0.000879,0.001131,False,8.3e-05,,,,,,extension,3,V.full,device identity,180.0,20,0.5,0.20003,0.175732,0.226162,0.002839,0.001365,0.505675,0.46927,0.54208,0.521283,True,0,0.000576,0.0,0.001428,False,-0.000217,-0.000382,-6.7e-05,,,
round3,V,timing,2000,20,200.0,0.005,20,358946,0.001357,0.001212,0.001503,False,0.000104,,,,,,extension,3,V.timing,device identity,180.0,20,0.5,0.27135,0.24249,0.300665,0.003535,0.001644,0.521248,0.491879,0.550617,0.516877,True,0,0.000562,0.0,0.00195,False,0.000139,-3.1e-05,0.000315,,,
round3,N,paired with V,2000,20,200.0,0.005,19,340919,0.001229,0.001147,0.001316,False,0.000102,,,,,,extension,3,N@V,none (wire only),180.0,20,0.1,0.245806,0.229367,0.263214,0.00332,0.001508,0.507002,0.473295,0.540709,0.528974,True,0,0.000775,0.0,0.001453,False,,,,,,
round3,V,full,2000,20,200.0,0.005,19,340919,0.001071,0.000944,0.001184,False,8.3e-05,,,,,,extension,3,V.full,device identity,180.0,20,0.1,0.214127,0.188794,0.236883,0.002798,0.001346,0.499569,0.469877,0.52926,0.531927,True,0,0.000651,0.0,0.00115,False,-0.000158,-0.000308,3e-06,,,
round3,V,timing,2000,20,200.0,0.005,19,340919,0.001426,0.001286,0.001575,False,0.000104,,,,,,extension,3,V.timing,device identity,180.0,20,0.1,0.285112,0.257212,0.314928,0.003388,0.001607,0.503832,0.470021,0.537642,0.505795,True,0,0.000637,0.0,0.00176,False,0.000197,2.9e-05,0.000371,,,
round3,A,,2000,20,200.0,0.005,20,358946,0.001011,0.000932,0.001086,False,0.000101,,,,,,extension,3,A,network address (device id),180.0,20,0.0,0.202259,0.186459,0.217116,0.002875,0.001287,0.529359,0.494618,0.564101,0.527356,True,0,0.000564,0.0,0.001251,False,-0.000446,-0.000582,-0.000323,,,
round3,C,,2000,20,200.0,0.005,20,358946,0.001187,0.001075,0.001297,False,0.00011,,,,,,extension,3,C,transaction (manufacturer via key_ref),180.0,20,0.0,0.237362,0.214986,0.259411,0.00346,0.001529,0.505305,0.472877,0.537733,0.585963,True,0,0.000597,0.0,0.001968,False,-0.000273,-0.00041,-0.000134,,,
round3,D,,2000,20,200.0,0.005,20,358946,0.000657,0.000568,0.000746,False,6.4e-05,,,,,,extension,3,D,network address (device id),180.0,20,0.0,0.131496,0.113657,0.149217,0.001825,0.000833,0.499502,0.461764,0.537239,0.534789,True,0,0.000301,0.0,0.001204,False,-0.000813,-0.000958,-0.000667,,,
round3,F,full,2000,20,200.0,0.005,20,358946,0.002098,0.00195,0.002254,False,0.000702,,,,,,extension,3,F.full,content (ContentHash),180.0,20,0.0,0.419562,0.389945,0.450738,0.006246,0.002101,0.470911,0.453189,0.488633,0.498337,True,0,0.000645,0.0,0.002953,False,0.0011,0.000939,0.001268,,,
round3,F,legs,2000,20,200.0,0.005,20,358946,0.001889,0.001766,0.002033,False,0.000702,,,,,,extension,3,F.legs,content (ContentHash),180.0,20,0.0,0.377773,0.353147,0.406549,0.005959,0.001716,0.560224,0.543763,0.576685,0.563634,True,0,0.000103,0.0,0.002987,True,0.000891,0.000744,0.001072,,,
round3,F,timing,2000,20,200.0,0.005,20,358946,0.002546,0.002357,0.002742,False,0.000962,,,,,,extension,3,F.timing,content (ContentHash),180.0,20,0.0,0.509269,0.471386,0.548417,0.010249,0.002538,0.527652,0.510492,0.544813,0.502934,True,0,0.001017,0.0,0.004999,True,0.001549,0.001353,0.001742,,,
round3,GK,full,2000,20,200.0,0.005,20,1076838,0.000573,0.000527,0.00062,False,6.2e-05,,,,,,extension,3,GK.full,transaction (manufacturer known),180.0,20,0.0,0.114595,0.105485,0.123974,0.002426,0.001151,0.505384,0.479441,0.531326,0.528059,True,0,0.000157,0.0,0.000762,False,-0.000305,-0.000434,-0.000176,,,
round3,GK,timing,2000,20,200.0,0.005,20,1076838,0.000288,0.000253,0.000326,False,7.3e-05,,,,,,extension,3,GK.timing,transaction (manufacturer known),180.0,20,0.0,0.057576,0.050594,0.065267,0.0037,0.001658,0.646234,0.610923,0.681546,0.52203,True,0,0.000227,0.0,0.000462,True,-0.00059,-0.000715,-0.000467,,,
round3,N,paired with F,2000,20,200.0,0.005,20,358946,0.000997,0.000921,0.001079,False,0.000353,,,,,,extension,3,N.F,none (wire only),180.0,20,0.0,0.199473,0.184109,0.215738,0.005686,0.001011,0.510926,0.489927,0.531926,0.493848,True,0,0.000503,0.0,0.001362,False,,,,,,
round3,N,paired with A,2000,20,200.0,0.005,20,358946,0.001457,0.001358,0.001551,False,0.000102,,,,,,extension,3,N@A,none (wire only),180.0,20,0.0,0.291409,0.271523,0.310213,0.003318,0.001504,0.484404,0.459425,0.509383,0.528963,True,0,0.001002,0.0,0.001467,False,,,,,,
round3,N,paired with C,2000,20,200.0,0.005,20,358946,0.00146,0.001358,0.001562,False,0.000102,,,,,,extension,3,N@C,none (wire only),180.0,20,0.0,0.291966,0.271599,0.312417,0.003318,0.001504,0.485985,0.463468,0.508503,0.527533,True,0,0.001005,0.0,0.001471,False,,,,,,
round3,N,paired with D,2000,20,200.0,0.005,20,358946,0.001471,0.001381,0.001557,False,0.000102,,,,,,extension,3,N@D,none (wire only),180.0,20,0.0,0.294195,0.276131,0.31149,0.003318,0.001504,0.488578,0.465348,0.511808,0.524646,True,0,0.001016,0.0,0.001499,False,,,,,,
round3,N,paired with V,2000,20,200.0,0.005,20,358946,0.001318,0.00123,0.001404,False,0.000102,,,,,,extension,3,N@V,none (wire only),180.0,20,0.0,0.263549,0.246043,0.280705,0.003318,0.001504,0.490818,0.465545,0.516091,0.537934,True,0,0.000863,0.0,0.001632,False,,,,,,
round3,N,published sequencing,2000,20,200.0,0.005,20,358946,0.000878,0.000771,0.000988,False,0.000102,,,,,,extension,3,Nb.seq,none (wire only),180.0,20,0.0,0.175514,0.154258,0.197522,0.003318,0.001504,0.473694,0.442115,0.505273,0.564744,True,0,0.000423,0.0,0.001002,False,,,,,,
round3,V,full,2000,20,200.0,0.005,20,358946,0.001073,0.000939,0.001203,False,8.3e-05,,,,,,extension,3,V.full,device identity,180.0,20,0.0,0.214517,0.187757,0.240504,0.002875,0.001371,0.498297,0.464352,0.532242,0.530218,True,0,0.00065,0.0,0.001132,False,-0.000245,-0.00039,-8.3e-05,,,
round3,V,timing,2000,20,200.0,0.005,20,358946,0.001446,0.001308,0.001586,False,0.000104,,,,,,extension,3,V.timing,device identity,180.0,20,0.0,0.28918,0.261611,0.317287,0.003507,0.001644,0.522556,0.488646,0.556466,0.515904,True,0,0.000653,0.0,0.002725,False,0.000128,-1.4e-05,0.000282,,,
round1,F,full,2000,20,200.0,0.005,20,358946,0.064104,0.06305,0.065085,True,0.009039,,,,,,extension,1,F.full,content (ContentHash),180.0,20,0.0,12.82087,12.610003,13.017033,0.17177,0.064185,0.570805,0.567238,0.574371,0.555898,True,0,0.04997,0.000167,0.136501,True,0.063079,0.061986,0.064223,,,
round1,F,timing,2000,20,200.0,0.005,20,358946,0.0038,0.003608,0.003983,False,0.00153,,,,,,extension,1,F.timing,content (ContentHash),180.0,20,0.0,0.760003,0.721577,0.796627,0.01486,0.003817,0.612015,0.602313,0.621717,0.532628,True,0,0.000968,0.0,0.013862,True,0.002775,0.002577,0.002976,,,
round1,N,paired with F,2000,20,200.0,0.005,20,358946,0.001025,0.000929,0.001124,False,0.000364,,,,,,extension,1,N.F,none (wire only),180.0,20,0.0,0.205045,0.185745,0.224871,0.005683,0.001031,0.491117,0.456618,0.525616,0.501173,True,0,0.000448,0.0,0.001592,False,,,,,,
round1,N,published sequencing,2000,20,200.0,0.005,20,358946,0.000914,0.000816,0.001014,False,0.000122,,,,,,extension,1,Nb.seq,none (wire only),180.0,20,0.0,0.182757,0.16311,0.202762,0.003438,0.001524,0.520306,0.493471,0.547142,0.554361,True,0,0.000389,0.0,0.001604,False,,,,,,
