R,T,cell,vantage,L,auc,auc_adj_lo,auc_hi,auc_lo,claim_rate,claims_on_own_records,control,coverage_p50,dev_accuracy,dev_baseline,dev_baseline_hi,dev_baseline_lo,dev_baseline_random,dev_candidates_median,dev_ci_adj_hi,dev_ci_adj_lo,dev_ci_hi,dev_ci_lo,dev_claimed,dev_claimed_baseline,dev_claimed_hi,dev_claimed_lo,dev_claimed_n,dev_contribution,dev_contribution_hi,dev_contribution_lo,dev_lift_random,dev_lift_random_hi,dev_lift_random_lo,dev_n_correct,dev_random,dev_signal_random,dev_took_part,dev_took_part_baseline,dev_took_part_hi,dev_took_part_lo,dev_took_part_n,inv_L,inv_R,n,p_at_1,p_at_1_hi,p_at_1_lo,p_at_5,p_at_5_hi,p_at_5_lo,runs,runs_needed,shuffle_auc,shuffle_auc_hi,shuffle_auc_lo,signal,signal_auc,stable,sub_accuracy,sub_baseline,sub_baseline_hi,sub_baseline_lo,sub_baseline_random,sub_candidates_median,sub_ci_adj_hi,sub_ci_adj_lo,sub_ci_hi,sub_ci_lo,sub_claimed,sub_claimed_baseline,sub_claimed_hi,sub_claimed_lo,sub_claimed_n,sub_contribution,sub_contribution_hi,sub_contribution_lo,sub_lift,sub_lift_hi,sub_lift_lo,sub_lift_random,sub_lift_random_hi,sub_lift_random_lo,sub_n_correct,sub_random,sub_signal_L,sub_signal_random,sub_took_part,sub_took_part_baseline,sub_took_part_hi,sub_took_part_lo,sub_took_part_n,took_part_rate
1.0,1.0,R1,baseline,1.0,0.8917465771327141,0.8865502460787821,0.8952419712105203,0.8882511830549079,,,False,1.0,0.8770832290676143,0.8770832290676143,0.8800882960442044,0.8741990554447103,0.7067964673042297,2.0,0.8814958856698027,0.8729771282893527,0.8798761076865714,0.8741834035794186,,,,,,0.0,0.0,0.0,1.2409275978049212,1.2448790587845908,1.2368248247066995,35050,0.7067964566338021,True,,,,,,1.0,1.0,39962,1.0,0.9999999999999999,0.9904877056657034,1.0,1.0,0.998081037434924,200,0,0.5117475442248626,0.5208513518611927,0.5026437365885325,True,True,True,0.8094189480006005,0.8094189480006005,0.8135788697694943,0.8054241867041213,0.5358574390411377,3.0,0.8161292972675667,0.8035814180875965,0.8134208382032041,0.8053911037287113,,,,,,0.0,0.0,0.0,0.8094189480006005,0.8134208382032041,0.8053911037287113,1.5105117399518388,1.517979939390415,1.5029951058596727,32346,0.5358574359881559,False,True,,,,,,
1.0,1.0,R1,first_hop_cred,1.0,0.8918218469087025,0.8870170562549722,0.895053865158086,0.8885898286593189,0.15211951353786096,0.26011679552557987,False,1.0,0.8772709073619939,0.8770832290676143,0.8801651031253452,0.8739728785384637,0.7067964673042297,2.0,0.88190091811995,0.8729728005226065,0.8802549139222484,0.8743357115518697,0.8714426714920217,0.8714015463069584,0.8758779231846517,0.8666638113717622,24316,0.0001876782943796607,0.0006946396527351049,-0.0003255167737783236,1.241193131527704,1.245415006909573,1.2370403152783083,140230,0.7067964566338021,True,0.8877896055103319,0.8815278647463995,0.8947899361851327,0.880529500212297,7985,1.0,1.0,159848,1.0,0.9999999999999999,0.9976018482980692,1.0,1.0,0.9995195679103346,200,0,0.5048150666098724,0.5090078962538108,0.500622236965934,True,True,True,0.8098818877934038,0.8094189480006005,0.8136653423315128,0.8053042263894348,0.5358574390411377,3.0,0.8157934962572099,0.80343900081414,0.8141284287526982,0.8057438866669924,0.8043674946537259,0.8029692383615726,0.8098349914867563,0.7988202696507913,24316,0.000462939792803163,0.0011251013034375627,-0.00024981024725672345,0.8098818877934038,0.8141284287526982,0.8057438866669924,1.5113756633794377,1.5193004222315072,1.5036534580903003,129458,0.5358574359881559,False,True,0.8250469630557294,0.808515967438948,0.833755167207361,0.8166590717818332,7985,0.04995370602071968
1.0,1.0,R1,first_hop_content,1.0,0.8918218469087025,0.8870170562549722,0.895053865158086,0.8885898286593189,0.15211951353786096,0.50012337555519,False,1.0,0.8772709073619939,0.8770832290676143,0.879852143854021,0.8742987819909461,0.7067964673042297,2.0,0.8814355358107561,0.8730448423147629,0.8801800642103266,0.8742039719582626,0.8714426714920217,0.8714015463069584,0.8763549725870412,0.8668092351154022,24316,0.0001876782943796607,0.0006877948826403586,-0.00028893839672142,1.241193131527704,1.2453091069560303,1.2368539255583675,140230,0.7067964566338021,True,0.877447923163278,0.8753897966820506,0.8827085335895457,0.8724171014599159,16034,1.0,1.0,159848,1.0,0.9999999999999999,0.9976018482980692,1.0,1.0,0.9995195679103346,200,0,0.504254027362981,0.50852650372246,0.4999815510035019,True,True,True,0.8098818877934038,0.8094189480006005,0.8136480635739053,0.8053075736448208,0.5358574390411377,3.0,0.8155773316960437,0.8036630092796252,0.8138513927247238,0.8058470935500579,0.8043674946537259,0.8029692383615726,0.8099347949497823,0.7983995009991905,24316,0.000462939792803163,0.0011602705297104718,-0.0002303535720422492,0.8098818877934038,0.8138513927247238,0.8058470935500579,1.5113756633794377,1.5187834264610494,1.5038460594729333,129458,0.5358574359881559,False,True,0.811899713109642,0.8059124360733442,0.818399289558858,0.8055271301932635,16034,0.10030779240278265
1.0,1.0,R1,cred_processor,1.0,0.89172887989487,0.88665778976256,0.8951400286905352,0.8883177310992049,0.07823682498373455,0.6225811610426994,False,1.0,0.8769768780341324,0.8770832290676143,0.8799591271646293,0.8740139642544377,0.7067964673042297,2.0,0.881440108399878,0.8725861917069301,0.8798622962648586,0.8740114721797482,0.8443147289301135,0.8446345754038062,0.8508142838985918,0.8374807180215192,12506,-0.00010635103348180771,9.387908603693619e-05,-0.00029937510009958357,1.2407771286953444,1.2448595179088788,1.236581570233567,140183,0.7067964566338021,True,0.8775747332840393,0.8800042252033379,0.8841592731893266,0.8706601282482864,9467,1.0,1.0,159848,1.0,0.9999999999999999,0.9976018482980692,1.0,1.0,0.9995195679103346,200,0,0.5008452844354105,0.5052466887448801,0.49644388012594104,True,True,True,0.809231269706221,0.8094189480006005,0.8134402300151288,0.8051772695104231,0.5358574390411377,3.0,0.8157475052754316,0.8034209636543794,0.8131693495057086,0.8050241523039144,0.7490004797697105,0.7519590596513673,0.7579721550361835,0.7394268218798684,12506,-0.0001876782943796607,8.742432734727733e-05,-0.0004526420661858829,0.809231269706221,0.8131693495057086,0.8050241523039144,1.510161500724434,1.517510619230601,1.5023103128528907,129354,0.5358574359881559,False,True,0.8094433294602302,0.813140382380902,0.8180054560236402,0.8007078350012878,9467,0.05922501376307492
1.0,1.0,R1,content_server,1.0,0.912672718241459,0.9087540661434559,0.9153086614087017,0.9100367750742163,,,False,1.0,0.8978654721985887,0.8770832290676143,0.8801094071511485,0.8740429064391491,0.7067964673042297,2.0,0.901597149812759,0.8937996445401282,0.9005256118423384,0.895279543048323,,,,,,0.020782243130974425,0.0229978111040415,0.01877041002578202,1.1976234781665402,1.2011717220752351,1.1941742203889247,71761,0.7497059706721385,True,,,,,,1.0,1.0,79924,1.0,1.0,0.9952151713411301,1.0,1.0000000000000002,0.9990395972289796,200,0,0.5076570792538996,0.5140764419668556,0.5012377165409435,True,True,True,0.8530103598418498,0.8094189480006005,0.8134487746947459,0.8052446073925248,0.5358574390411377,2.0,0.8578261743937722,0.8480756706532474,0.8562964710060232,0.8497268409376635,,,,,,0.043591411841249185,0.04645188671302971,0.04065920528001588,0.8530103598418498,0.8562964710060232,0.8497268409376635,1.3907326529974213,1.3960902691678072,1.385379263200804,68176,0.6133532264474928,False,True,,,,,,
1.0,1.0,R1,validator,1.0,0.9156811580082777,0.9107936583895118,0.9189688117480806,0.9123935042684747,,,False,1.0,0.8948501076022221,0.8770832290676143,0.8799802780338467,0.8741963245632547,0.7067964673042297,1.0,0.898972841362672,0.8904458656369445,0.8979879360146547,0.8917452357455791,,,,,,0.01776687853460788,0.020890449468181645,0.014538608985466816,1.189146049481245,1.19331583862123,1.1850200555621453,35760,0.7525148891446874,True,,,,,,1.0,1.0,39962,1.0,0.9999999999999999,0.9904877056657034,1.0,1.0,0.998081037434924,200,0,0.5025412655047612,0.511419201985776,0.4936633290237465,True,True,True,0.7801161103047896,0.8094189480006005,0.8134989992143098,0.8053822654584049,0.5358574390411377,2.0,0.7862861258478766,0.7739132879207103,0.7844102292584959,0.7755624469239342,,,,,,-0.02930283769581102,-0.024466665548058993,-0.034207208652721796,0.7801161103047896,0.7844102292584959,0.7755624469239342,1.4315567701500884,1.4394367190177082,1.4232005427170962,31175,0.5449424895828616,False,True,,,,,,
1.0,1.0,R1,gatekeeper,1.0,0.8964239500985529,0.8921630811191271,0.8992900908510215,0.8935578093460843,,,False,1.0,0.8780841799709724,0.8770832290676143,0.8799785137653802,0.8740782446077743,0.7067964673042297,2.0,0.8816681025255788,0.8736220133888044,0.8807723924370644,0.8752355688255538,,,,,,0.0010009509033581904,0.002580378277706148,-0.000688996820731649,1.2423437776597628,1.2461471533570532,1.2383134643797762,105270,0.7067964566338021,True,,,,,,1.0,1.0,119886,1.0,0.9999999999999999,0.9968063465118165,1.0,0.9999999999999999,0.9993595264484617,200,0,0.500312050426903,0.5053887734978839,0.4952353273559221,True,True,True,0.8120881504095557,0.8094189480006005,0.8133730188242161,0.8051660221815845,0.5358574390411377,3.0,0.8172741359972729,0.8066246131974578,0.8159641228954063,0.8083944260397914,,,,,,0.0026692024089551743,0.004837087958800304,0.0005696236675497982,0.8120881504095557,0.8159641228954063,0.8083944260397914,1.5154929200749307,1.5227261358997761,1.5085998098525208,97358,0.5358574359881559,False,True,,,,,,
40.0,40.0,R40_control,baseline,40.0,0.996282184073958,0.9958443361858886,0.9965767093647936,0.9959876587831223,,,True,1.0,0.9943729786956332,0.9943729786956332,0.9947668141624699,0.9939485301400806,0.986058235168457,1.0,0.9949186296658303,0.99371781108789,0.9947665101021084,0.9939659065869886,,,,,,0.0,0.0,0.0,1.0084324059258376,1.008831501467995,1.0080195782296903,137130,0.9860581362245133,True,,,,,,0.025,0.025,137906,1.0,1.0,0.9972220540567462,1.0,1.0,0.9994431733438689,200,0,0.4976893868486597,0.5034593181438425,0.4919194555534769,True,True,True,0.994271460270039,0.994271460270039,0.9947012572759227,0.99379702326576,0.9858611822128296,1.0,0.9949143975649699,0.993652185494349,0.994716156502274,0.9938234218889522,,,,,,0.0,0.0,0.0,39.77085841080156,39.78864626009096,39.75293687555809,1.0085309358218024,1.0089820097238236,1.0080764718390598,137116,0.9858611421372573,True,True,,,,,,
40.0,40.0,R40_control,first_hop_cred,40.0,0.9962821840739579,0.9958443361858885,0.9965767093647935,0.9959876587831222,0.15050106594346874,0.3309804866297278,True,1.0,0.9943729786956332,0.9943729786956332,0.9947506471535084,0.9939797163000685,0.986058235168457,1.0,0.9950148950176946,0.9937794432692268,0.9947737976537495,0.9939673862223859,0.9942062153697904,0.9942062153697904,0.994803691280066,0.9935585546819685,83020,0.0,0.0,0.0,1.0084324059258376,1.0088388920582383,1.0080210787856343,548520,0.9860581362245133,True,0.9948173383589446,0.9948173383589446,0.9956154813345622,0.99397041142551,27592,0.025,0.025,551624,1.0,1.0,0.9993040635588265,1.0,0.9999999999999999,0.9998607402247922,200,0,0.5007301136854861,0.5038514826232938,0.4976087447476785,True,True,True,0.994271460270039,0.994271460270039,0.9947154189357853,0.993811166259256,0.9858611822128296,1.0,0.994915094867938,0.9936004993130888,0.9946858148011108,0.9938392314834864,0.9942664418212479,0.9942664418212479,0.9948654705113275,0.9936341411078177,83020,0.0,0.0,0.0,39.77085841080156,39.78743259204443,39.75356925933946,1.0085309358218024,1.0089512328731431,1.0080925081689835,548464,0.9858611421372573,True,True,0.9949623079153378,0.9949623079153378,0.9958113314410124,0.9941129068065669,27592,0.050019578553507464
40.0,40.0,R40_control,first_hop_content,40.0,0.9962821840739579,0.9958443361858885,0.9965767093647935,0.9959876587831222,0.15050106594346874,0.6641291255119248,True,1.0,0.9943729786956332,0.9943729786956332,0.994763036351441,0.9939571724920857,0.986058235168457,1.0,0.9949229568867969,0.9938064217279616,0.9947957169871027,0.9939595451561801,0.9942062153697904,0.9942062153697904,0.9948290695815053,0.9935566966883979,83020,0.0,0.0,0.0,1.0084324059258376,1.0088611213087744,1.0080131268546906,548520,0.9860581362245133,True,0.9940092747974522,0.9940092747974522,0.994708548028633,0.9933113097512569,55419,0.025,0.025,551624,1.0,1.0,0.9993040635588265,1.0,0.9999999999999999,0.9998607402247922,200,0,0.5001072450064316,0.5027038517821986,0.4975106382306645,True,True,True,0.994271460270039,0.994271460270039,0.9947212007094938,0.9938195110262913,0.9858611822128296,1.0,0.9949391978226881,0.9936560070395809,0.9946852928912419,0.9938000826572995,0.9942664418212479,0.9942664418212479,0.9948876864393543,0.9936404422804267,83020,0.0,0.0,0.0,39.77085841080156,39.787411715649675,39.75200330629198,1.0085309358218024,1.0089507034782348,1.0080527978847318,548464,0.9858611421372573,True,True,0.994081452209531,0.994081452209531,0.9948297831693482,0.9933329891393343,55419,0.10046517192870506
40.0,40.0,R40_control,cred_processor,40.0,0.9962821840739579,0.9958443361858885,0.9965767093647935,0.9959876587831222,0.03914079155366699,0.952758093650132,True,1.0,0.9943729786956332,0.9943729786956332,0.9947563186588771,0.9939626978356485,0.986058235168457,1.0,0.9949300483761928,0.9937626443898463,0.9947860383930454,0.99395721453281,0.9909221434857116,0.9909221434857116,0.9923461824704761,0.9895309084868739,21591,0.0,0.0,0.0,1.0084324059258376,1.0088513058691955,1.0080107632786655,548520,0.9860581362245133,True,0.9934995247294024,0.9934995247294024,0.9943574508573509,0.9925872674034075,32613,0.025,0.025,551624,1.0,1.0,0.9993040635588265,1.0,0.9999999999999999,0.9998607402247922,200,0,0.5039305647845448,0.5072195295906022,0.5006415999784873,True,True,True,0.994271460270039,0.994271460270039,0.9947036860809854,0.9938103019397144,0.9858611822128296,1.0,0.9948853317627586,0.9936080153263913,0.994717764499686,0.9938248289984277,0.9912000370524756,0.9912000370524756,0.992627583327007,0.9897493771915765,21591,0.0,0.0,0.0,39.77085841080156,39.78871057998744,39.752993159937105,1.0085309358218024,1.008983640782543,1.0080778991287818,548464,0.9858611421372573,True,True,0.9935608499678042,0.9935608499678042,0.994460862806427,0.992660095637836,32613,0.05912179310544864
40.0,40.0,R40_control,content_server,40.0,0.9967036867655009,0.9963308940019098,0.996954451700333,0.9964529218306688,,,True,1.0,0.9949204530622308,0.9943729786956332,0.9947716271504482,0.9939541158624788,0.986058235168457,1.0,0.9954612246439234,0.9943770733565869,0.9953039767303441,0.9945432007729298,,,,,,0.0005474743665975374,0.0006465491263894944,0.0004491352516502441,1.0067554594557104,1.0071435453026896,1.0063737195882898,274411,0.9882444080314419,True,,,,,,0.025,0.025,275812,1.0,1.0,0.9986090950990596,1.0,1.0000000000000002,0.9997215293244102,200,0,0.4993652071271275,0.5028293137537009,0.4959011005005541,True,True,True,0.9948189346366365,0.994271460270039,0.9947028334912762,0.9938158229383033,0.9858611822128296,1.0,0.9954212946833999,0.9942154529566585,0.9952211664773768,0.9943754432207687,,,,,,0.0005474743665975374,0.0006468585707855914,0.0004464920175512119,39.792757385465464,39.808846659095074,39.77501772883075,1.0068177231393807,1.007224806410485,1.006368882649911,274383,0.9880824619720335,True,True,,,,,,
40.0,40.0,R40_control,validator,40.0,0.9984016889120397,0.9981261331393838,0.9985870458505893,0.9982163319734901,,,True,1.0,0.9977448406885849,0.9943729786956332,0.994791123316861,0.9939501082153287,0.986058235168457,1.0,0.9980951107462372,0.9973547116675161,0.9979992928402998,0.9974702862449771,,,,,,0.0033718619929517207,0.003712405764863536,0.0030271131619322394,1.003677610341907,1.0039335755117225,1.0034014233483677,137595,0.9940889688160913,True,,,,,,0.025,0.025,137906,1.0,1.0,0.9972220540567462,1.0,1.0,0.9994431733438689,200,0,0.5005174559897757,0.5067236525680914,0.49431125941146004,True,True,True,0.9977448406885849,0.994271460270039,0.9947071029480207,0.9938438134170685,0.9858611822128296,1.0,0.9980961852667104,0.9973812051297154,0.9979856320228065,0.9974934761974277,,,,,,0.003473380418545966,0.0038437809244679898,0.0031061371824905298,39.909793627543394,39.919425280912264,39.89973904789711,1.0037569302579565,1.003999172523328,1.0035040511252058,137595,0.9940104128916684,True,True,,,,,,
40.0,40.0,R40_control,gatekeeper,40.0,0.9962854360646296,0.9958470581456905,0.9965803178890933,0.9959905542401659,,,True,1.0,0.9943705615902619,0.9943729786956332,0.9947638734168204,0.9939475832432015,0.9860581159591675,1.0,0.9949836824149663,0.993734700932303,0.9947625232361074,0.9939503421217953,,,,,,-2.417105371291556e-06,0.0,-7.26842437089502e-06,1.0084299546450433,1.008827458231745,1.0080037936987165,411389,0.9860581362245133,True,,,,,,0.025,0.025,413718,1.0,1.0000000000000002,0.9990722999518588,1.0,1.0,0.9998143311620662,200,0,0.5027643194285945,0.5062835455967067,0.49924509326048216,True,True,True,0.994271460270039,0.994271460270039,0.9946927284178365,0.9938168646645958,0.9858611226081848,1.0,0.9949105150161326,0.9935723629210094,0.9947051643277595,0.9938314820622365,,,,,,0.0,0.0,0.0,39.77085841080156,39.78820657311038,39.75325928248946,1.0085309358218024,1.0089708599035856,1.0080846476083845,411348,0.9858611421372573,True,True,,,,,,
1.0,41.0,R1_D40,baseline,41.0,0.5686808002675384,0.5505446221131818,0.5808803866789559,0.5564812138561209,,,False,0.0,0.08750813272608979,0.08750813272608979,0.0913522439195866,0.08379201664819716,0.020940721035003662,48.0,0.09349037405334301,0.08230762524699499,0.09138683306599696,0.0837322688110867,,,,,,0.0,0.0,0.0,4.178849677689391,4.364072526815988,3.9985376631067124,3497,0.02094072280065255,True,,,,,,0.024390243902439025,1.0,39962,0.155,0.19373089637312538,0.12283258671753924,0.13463463463463463,0.15030460309690102,0.1203669110897912,200,0,0.49742501270701917,0.5083474843978644,0.48650254101617396,True,True,True,0.05320054051348781,0.05320054051348781,0.055341332592561035,0.05103970646158337,0.016743196174502373,74.0,0.05648713754415318,0.050040745224886427,0.05538709644100589,0.05105394896005103,,,,,,0.0,0.0,0.0,2.1812221610530003,2.2708709540812415,2.0932119073620923,3.1774423433359322,3.308036042631275,3.0492355463766407,2126,0.016743196182635887,True,True,,,,,,
1.0,41.0,R1_D40,first_hop_cred,41.0,0.5675898940408144,0.5509720720979384,0.5787681341880069,0.5564116538936219,0.40579800810770233,0.06168100391576481,False,0.0,0.0869450978429508,0.08750813272608979,0.09118097888687772,0.08395343196537076,0.020940721035003662,48.0,0.09207722901567121,0.081914040022629,0.09048653245585356,0.08352975970131268,0.08585391422316777,0.0865322356858755,0.0903129168079897,0.08143607183579418,64866,-0.000563034883138982,0.0002302211993645893,-0.0012792190511241046,4.151962597978779,4.321079712350418,3.9888670747654302,13898,0.02094072280065255,True,0.09893550407013149,0.08954289292423294,0.10571189074172467,0.09208340112809431,7985,0.024390243902439025,1.0,159848,0.15769712140175218,0.1763846698959289,0.14065136136934783,0.13413413413413414,0.141781809934355,0.12683800573886359,200,0,0.49745079466307923,0.5021817900786716,0.4927197992474869,True,True,True,0.05355087332966318,0.05320054051348781,0.05517381002707138,0.05106867082695323,0.016743194311857224,74.0,0.055806619444073,0.051323393575568345,0.055097874497583896,0.05202607800740631,0.052292418216014554,0.052323251009773995,0.05417795429832974,0.05052391712659494,64866,0.0003503328161753666,0.0016974352140237752,-0.0009822795159629327,2.19558580651619,2.2590128544009396,2.1330691983036587,3.198366234590261,3.290762044269962,3.10729668576432,8560,0.016743196182635887,True,True,0.13412648716343142,0.053600500939261116,0.1423776827285888,0.12594473365766803,7985,0.04995370602071968
1.0,41.0,R1_D40,first_hop_content,41.0,0.5675898940408144,0.5509720720979384,0.5787681341880069,0.5564116538936219,0.40579800810770233,0.12049455801190145,False,0.0,0.0869450978429508,0.08750813272608979,0.09121220291050133,0.083842386586416,0.020940721035003662,48.0,0.09193271215039414,0.08172468205208848,0.09067444716847559,0.08327280787094986,0.08585391422316777,0.0865322356858755,0.09025923392874495,0.08149715331282248,64866,-0.000563034883138982,0.00019471202779810335,-0.0013478200924749153,4.151962597978779,4.330053362133709,3.976596637263874,13898,0.02094072280065255,True,0.09317699887738555,0.0873144567793439,0.09909769200695533,0.08765862419541447,16034,0.024390243902439025,1.0,159848,0.15769712140175218,0.1763846698959289,0.14065136136934783,0.13413413413413414,0.141781809934355,0.12683800573886359,200,0,0.5016108730514509,0.5070361742799383,0.4961855718229635,True,True,True,0.05355087332966318,0.05320054051348781,0.055312446547551866,0.05107855175590218,0.016743194311857224,74.0,0.05567066574326055,0.05136391742421398,0.05507779369043289,0.05196129226733335,0.052292418216014554,0.052323251009773995,0.054162573729172804,0.05058109230844911,64866,0.0003503328161753666,0.0016195794860137834,-0.001002391218293472,2.19558580651619,2.2581895413077486,2.1304129829606673,3.198366234590261,3.2895627029415824,3.103427308653387,8560,0.016743196182635887,True,True,0.1235499563427716,0.05245104153673444,0.1287727097252823,0.1185370030584695,16034,0.10030779240278265
1.0,41.0,R1_D40,cred_processor,41.0,0.5681453890442765,0.5507928911562764,0.5798178205586164,0.5564729575299365,0.5111230669135679,0.08488164304423393,False,0.0,0.087389269806316,0.08750813272608979,0.0913182736195491,0.08403574535328531,0.020940721035003662,48.0,0.09288611120152356,0.0825583749880328,0.09104251036115292,0.08361079208559831,0.08742748035543806,0.08746419916281119,0.09147060157568611,0.08351481262803405,81702,-0.00011886291977378509,0.0003134818913853177,-0.000526597897305816,4.173173516417151,4.347629794245492,3.9927366825653627,13969,0.02094072280065255,True,0.08746170909475018,0.08767296926164572,0.093531590505315,0.08155022556366337,9467,0.024390243902439025,1.0,159848,0.15519399249061328,0.17377201891795663,0.1382697602907591,0.13163163163163163,0.13922123117966162,0.12439598405356529,200,0,0.5024780080307942,0.5076593320888223,0.49729668397276616,True,True,True,0.05352584955707922,0.05320054051348781,0.05548112070406929,0.051124132205609164,0.016743194311857224,74.0,0.056591410908626585,0.05085951539573719,0.05553976112883842,0.0515860128915003,0.05272820738782404,0.05211622726493843,0.05474717140478024,0.05074433357441545,81702,0.00032530904359141186,0.0011517260329248582,-0.0005280438281483487,2.194559831840248,2.2771302062823753,2.115026528551512,3.1968716709292377,3.3171540560719137,3.0810134653381986,8556,0.016743196182635887,True,True,0.05471638322594275,0.05492764339283828,0.05917493400205711,0.05059213783738487,9467,0.05922501376307492
1.0,41.0,R1_D40,content_server,41.0,0.5697933912621761,0.5567028947713917,0.5785989202853523,0.5609878622389999,,,False,0.0,0.09624142935789,0.08750813272608979,0.09101372393946688,0.08373689492814874,0.020940721035003662,42.0,0.1013337609168238,0.09146718834248299,0.09935251880284549,0.09303412617314082,,,,,,0.008733296631800211,0.011063621433215064,0.00640464289526021,3.904665674903796,4.030887451204516,3.7745403563372024,7692,0.024647802749530205,True,,,,,,0.024390243902439025,1.0,79924,0.1113892365456821,0.13509055550798,0.09140678941962721,0.13713713713713713,0.14815176634248373,0.1268194969297784,200,0,0.5095858038137009,0.5163601374210905,0.5028114702063112,True,True,True,0.06503678494569841,0.05320054051348781,0.05530848983232824,0.05104368443481012,0.016743198037147522,59.0,0.06744503400411112,0.06276195028355654,0.06664280682643485,0.06337196183663482,,,,,,0.0118362444322106,0.014218691702688385,0.009354569339440563,2.6665081827736348,2.732355079883829,2.5982504353020275,3.0249259072002332,3.0996235909591445,2.9474933195082555,5198,0.02150029023550339,True,True,,,,,,
1.0,41.0,R1_D40,validator,41.0,0.575743185938226,0.5579132368036084,0.5877367825674417,0.5637495893090104,,,False,0.0,0.09814323607427056,0.08750813272608979,0.09138460084985824,0.0837959310371928,0.020940721035003662,41.0,0.10403778270024479,0.0924775735554512,0.10189467249776464,0.09440078509539113,,,,,,0.010635103348180772,0.014041660849940036,0.007180848646530233,3.9502317317418827,4.10122576650638,3.7995993580542,3922,0.02484493132026804,True,,,,,,0.024390243902439025,1.0,39962,0.18,0.22063755304811672,0.14545031532583302,0.16366366366366367,0.1805288236946976,0.1480893373100383,200,0,0.4979009879667954,0.5075424076885597,0.48825956824503103,True,True,True,0.058630699164206,0.05320054051348781,0.05537175110728164,0.05121637332777477,0.016743196174502373,57.0,0.06206114689368994,0.05556797124222646,0.06080947821708522,0.05648738523821322,,,,,,0.0054301586507181825,0.00856197993138549,0.00217006008659102,2.403858665732446,2.493188606900494,2.315982794766742,3.2954232860677406,3.417884715462364,3.1749552254483664,2343,0.01779155333764938,True,True,,,,,,
1.0,41.0,R1_D40,gatekeeper,41.0,0.570460442789401,0.5539256506957181,0.5815828315983823,0.5593380539804197,,,False,0.0,0.08629865038453197,0.08750813272608979,0.0911290688959233,0.08409300663790216,0.02094072289764881,48.0,0.09178781728466323,0.08110721638634533,0.08994353051510458,0.08294928082353856,,,,,,-0.0012094823415578133,-0.00022361696023324388,-0.00219050120332226,4.121092247199927,4.295149282636117,3.961146977264496,10346,0.02094072280065255,True,,,,,,0.024390243902439025,1.0,119886,0.15512927439532945,0.17671936791515463,0.13574197606710353,0.13763763763763764,0.1465917577205084,0.12914768457309886,200,0,0.5021306452044985,0.5084437374773049,0.495817552931692,True,True,True,0.053392389436631466,0.05320054051348781,0.055428565092969305,0.051073802528645386,0.016743196174502373,74.0,0.05585156806142118,0.05115066056831077,0.055018320726817005,0.05178009217900465,,,,,,0.00019184892314365312,0.00199295367758253,-0.001460695304537207,2.18908796690189,2.2557511497994973,2.1229837793391906,3.1889006647371123,3.286010635405184,3.092604996930335,6401,0.016743196182635887,True,True,,,,,,
5.0,45.0,R5_D40,baseline,45.0,0.564041569991649,0.5449883768980898,0.5768580009717594,0.5512251390115386,,,False,0.0,0.07855547282204021,0.07855547282204021,0.08208401256742857,0.07487873341553497,0.019005654379725456,53.0,0.08358278618327149,0.07347076389283223,0.08217895603073586,0.07490951071562985,,,,,,0.0,0.0,0.0,4.133268361917418,4.323921259397512,3.941432716585427,3165,0.019005655075732472,True,,,,,,0.022222222222222223,0.2,40290,0.1513647642679901,0.18963824877201066,0.11967501341485956,0.11866931479642502,0.13352446091578718,0.10526608266948596,200,0,0.4984550167286344,0.5093296018901506,0.48758043156711817,True,True,True,0.04688508314718293,0.04688508314718293,0.048856006421662566,0.0448959486848918,0.015179396606981754,81.0,0.04969108777167651,0.04400100757981455,0.048753016677073394,0.04495497604410725,,,,,,0.0,0.0,0.0,2.1098287416232315,2.193885750468303,2.0229739219848266,3.0887317179370752,3.211788885664792,2.9615786315370634,1889,0.015179396408859,True,True,,,,,,
5.0,45.0,R5_D40,first_hop_cred,45.0,0.5617484395464131,0.543539388310449,0.5739970451860588,0.5494998339067674,0.4285492678083892,0.06011728082241367,False,0.0,0.0785740878629933,0.07855547282204021,0.08200817194231645,0.07516875858628531,0.019005656242370605,53.0,0.08364396051600059,0.07306902877587057,0.0819512480869256,0.07545470095840252,0.0785057554477666,0.07888221240860059,0.08243630072298569,0.07453796087171584,69065,1.86150409530901e-05,0.0006851086848030043,-0.0006374789606518951,4.134247809396546,4.311940196766263,3.9701184020090676,12663,0.019005655075732472,True,0.0854371346847407,0.07635866185797786,0.09192277015415037,0.07871576851449662,8041,0.022222222222222223,0.2,161160,0.14392059553349876,0.1619026706278026,0.12763158798822752,0.12087366592206503,0.1281723911069031,0.11393624732149565,200,0,0.5045685949794371,0.5100423989425712,0.49909479101630294,True,True,True,0.04772275999007198,0.04688508314718293,0.048770408795765316,0.044871292948893755,0.015179396606981754,81.0,0.04988879666368518,0.045490468428606934,0.049215254121227806,0.04624521967819785,0.04796930427857815,0.045971186563382324,0.049570860819967685,0.04640478398989287,69065,0.0008376768428890543,0.001922406636382955,-0.0002552240201939349,2.147524199553239,2.2146864354552513,2.0810348855189034,3.1439168399489206,3.2422405210068033,3.0465782981468363,7691,0.015179396408859,True,True,0.13257057579902998,0.04999378186792688,0.1402496146685394,0.12484542615743695,8041,0.04989451476793249
5.0,45.0,R5_D40,first_hop_content,45.0,0.5617484395464131,0.543539388310449,0.5739970451860588,0.5494998339067674,0.4285492678083892,0.1183233186129009,False,0.0,0.0785740878629933,0.07855547282204021,0.08229587463541202,0.07495803809581346,0.019005656242370605,53.0,0.0835828342940976,0.0738155114868484,0.08196055792673007,0.0751949497787577,0.0785057554477666,0.07888221240860059,0.08241958196550966,0.07429191386804933,69065,1.86150409530901e-05,0.0006976486745252401,-0.0006355851347138437,4.134247809396546,4.312430042539396,3.9564513550901483,12663,0.019005655075732472,True,0.08124304954899296,0.07599159767700482,0.0860066573162613,0.07644102024829943,16186,0.022222222222222223,0.2,161160,0.14392059553349876,0.1619026706278026,0.12763158798822752,0.12087366592206503,0.1281723911069031,0.11393624732149565,200,0,0.5009069727813229,0.5065789000109144,0.49523504555173137,True,True,True,0.04772275999007198,0.04688508314718293,0.04879338796363539,0.04490416137619191,0.015179396606981754,81.0,0.04997615596520775,0.045501666118138606,0.049170303658119245,0.046260745487400626,0.04796930427857815,0.045971186563382324,0.0495326348765633,0.04628278703687933,69065,0.0008376768428890543,0.0018656406762308738,-0.0002871716523674517,2.147524199553239,2.212663664615366,2.081733546933028,3.1439168399489206,3.23927923968192,3.047601119396416,7691,0.015179396408859,True,True,0.12059804769553935,0.04639812183368343,0.12579022547585805,0.11536480583748901,16186,0.1004343509555721
5.0,45.0,R5_D40,cred_processor,45.0,0.5638587603427226,0.5448052348408603,0.5766754149225234,0.5510421057629219,0.5220898485976669,0.0823270739244117,False,0.0,0.07845619260362373,0.07855547282204021,0.08231248484714121,0.07495480101494344,0.019005656242370605,53.0,0.08388518144542804,0.07291053101205124,0.08218303705193042,0.0747706952685704,0.07823864986926551,0.07834561445210364,0.08219250703153054,0.07442819836627307,84140,-9.928021841648051e-05,0.00026589305882977223,-0.00046777378466680917,4.128044642028739,4.324135986076403,3.9341288143254785,12644,0.019005655075732472,True,0.07730777245259429,0.07730777245259429,0.08280061031804818,0.07185432940672082,9598,0.022222222222222223,0.2,161160,0.14764267990074442,0.16579742807548517,0.13116330170483734,0.11801935964259122,0.1252463910358002,0.11115635498142121,200,0,0.49906770787407245,0.5043750726119873,0.4937603431361576,True,True,True,0.0470464135021097,0.04688508314718293,0.04888452381636499,0.04492064165686336,0.015179396606981754,81.0,0.04974865287098404,0.04448708915934987,0.04889642714429332,0.04522842469164888,0.04626812455431424,0.04601854052769194,0.04829658721465665,0.04412693807200886,84140,0.00016133035492678084,0.000933850136352102,-0.000590280354926665,2.1170886075949364,2.2003392214931994,2.0352791111241997,3.0993599636578746,3.2212365911833216,2.979593092730134,7582,0.015179396408859,True,True,0.048135028130860597,0.04771827464055012,0.05272043665460932,0.04379172892059956,9598,0.05955572102258625
5.0,45.0,R5_D40,content_server,45.0,0.5561313738836704,0.5414826409236094,0.5659850752557599,0.5462776725115809,,,False,0.0,0.08734177215189873,0.07855547282204021,0.08224168098279437,0.07502059158925654,0.019005654379725456,46.0,0.0917902266053328,0.08268718768477058,0.09044875778915955,0.08430921237828794,,,,,,0.008786299329858525,0.01097951631128197,0.006608541063033688,3.902334275957186,4.041150975555444,3.766842842054639,7038,0.022381929884895638,True,,,,,,0.022222222222222223,0.2,80580,0.09057071960297766,0.11237436518335628,0.07265130519772789,0.11193844626458178,0.12204602544836574,0.10257015846816875,200,0,0.5033446505842257,0.5105645680209734,0.49612473314747807,True,True,True,0.05949367088607595,0.04688508314718293,0.04880786530114636,0.045074160541254085,0.015179396606981754,65.0,0.06176965243722861,0.056924714986050506,0.06117631969941573,0.05771418531092753,,,,,,0.012608587738893026,0.015007078316441099,0.0102468728479053,2.6772151898734178,2.752934386473708,2.597138338991739,3.0498443791206222,3.136102580185828,2.958622002046512,4794,0.019507116918283572,True,True,,,,,,
5.0,45.0,R5_D40,validator,45.0,0.5709084185473348,0.5544350597733874,0.5819894832644222,0.5598273538302473,,,False,0.0,0.0884090344998759,0.07855547282204021,0.08231064829456096,0.07503526374850497,0.019005654379725456,45.0,0.09330241112081422,0.08338327741518221,0.09167768694455772,0.08525164208795478,,,,,,0.00985356167783569,0.013438880254147233,0.006556285985142157,3.9211568467087705,4.0661295747278,3.7811187731817015,3562,0.0225466712901531,True,,,,,,0.022222222222222223,0.2,40290,0.17121588089330025,0.2110556925456118,0.13758492837794906,0.1420059582919563,0.15793273259393875,0.12744224387088143,200,0,0.48919118647046544,0.4992006749340853,0.47918169800684557,True,True,True,0.0498138495904691,0.04688508314718293,0.04885703211944172,0.04487959674712576,0.015179396606981754,63.0,0.05293009012400277,0.04682662402474727,0.052071359745767286,0.04760116817706758,,,,,,0.0029287664432861753,0.005968666409800093,-0.00015034837873244131,2.2416232315711095,2.3432111885595277,2.142052567968041,3.085360722086641,3.225185955834514,2.94831208241061,2007,0.01614522711522036,True,True,,,,,,
5.0,45.0,R5_D40,gatekeeper,45.0,0.5603751068257471,0.5418896653668773,0.5728096307100699,0.5479405829414243,,,False,0.0,0.07860511293124844,0.07855547282204021,0.08212201655180705,0.07474254383782519,0.019005654379725456,53.0,0.083338631354563,0.07328854414124772,0.08202870554605773,0.07519605993797451,,,,,,4.9640109208240255e-05,0.001070474359791591,-0.0009979614345825862,4.135880221861757,4.316015692129274,3.95650976713711,9501,0.019005655075732472,True,,,,,,0.022222222222222223,0.2,120870,0.1447477253928867,0.1657064113194548,0.12603943579625293,0.12243547319655856,0.13093993471046622,0.11441065341656406,200,0,0.50141555110204,0.5077157802478486,0.4951153219562313,True,True,True,0.04792752544055597,0.04688508314718293,0.04884779764251907,0.044835140768514456,0.015179396606981754,81.0,0.05014500481202247,0.045784419123369696,0.04950220111879592,0.046379197352496355,,,,,,0.0010424422933730455,0.0025377601656082463,-0.00046663050783777123,2.1567386448250185,2.2275990503458165,2.087063880862336,3.157406536440705,3.2611442369279877,3.055404582848138,5793,0.015179396408859,True,True,,,,,,
15.0,55.0,R15_D40,baseline,55.0,0.5557698525488655,0.5397647088331989,0.5665359650189024,0.5450037400788286,,,False,0.0,0.06965718453683442,0.06965718453683442,0.07240681034132682,0.0668311512763714,0.015575741417706013,65.0,0.0737804156037467,0.06532531091159553,0.07243218939255416,0.06695977707002401,,,,,,0.0,0.0,0.0,4.4721582365547095,4.650320200815896,4.298978210685858,3629,0.015575742371427666,True,,,,,,0.01818181818181818,0.06666666666666667,52098,0.1343570057581574,0.16633225723515438,0.10773423732856081,0.109021113243762,0.12157017584621359,0.09762346541061868,200,0,0.5038018948696267,0.5129811316154818,0.4946226581237716,True,True,True,0.0411916004453146,0.0411916004453146,0.04287501707544813,0.039567207577712954,0.01244340930134058,99.0,0.04346185471185552,0.03882423681448528,0.04275035117956048,0.03945600709544959,,,,,,0.0,0.0,0.0,2.265538024492303,2.351269314875826,2.170080390249727,3.310314790883526,3.435581970480613,3.1708358613225176,2146,0.012443408874211786,True,True,,,,,,
15.0,55.0,R15_D40,first_hop_cred,55.0,0.5600182412832421,0.5453866746119485,0.5698603954803205,0.5501760870861636,0.4792602403163269,0.058283437130784786,False,0.0,0.06867346155322661,0.06965718453683442,0.07233542849948545,0.06687023025803426,0.015575741417706013,65.0,0.07252002827224419,0.0649640017995988,0.07129153975058539,0.06613367302755133,0.06946752908664917,0.07043875282856399,0.07241088324284559,0.06672157191413927,99874,-0.000983722983607816,-0.0003609539487490419,-0.0016336101777864784,4.4090008627262645,4.577087759320125,4.24594035073845,14311,0.015575742371427666,True,0.0781294284364667,0.07000472366556448,0.08353914731696163,0.07278228978979195,10585,0.01818181818181818,0.06666666666666667,208392,0.13723608445297505,0.15267839072683412,0.12312869049951296,0.10844529750479846,0.11456050411268258,0.10261868724052274,200,0,0.4994194524021788,0.5046183078471503,0.4942205969572072,True,True,True,0.04053418557334255,0.0411916004453146,0.04274718873364811,0.03957013222864968,0.01244340930134058,99.0,0.042419674492084815,0.038709084089416354,0.04175864369377287,0.03938922969430659,0.03909926507399323,0.04048100606764523,0.040349388494987565,0.037873186902127876,99874,-0.0006574148719720527,0.000455551610120731,-0.0017849585569616943,2.22938020653384,2.2967254031575077,2.1664076331868625,3.257482413629211,3.355884558315458,3.1654693735844677,8447,0.012443408874211786,True,True,0.11743032593292395,0.04166273027869627,0.12393162393162394,0.11063968804555036,10585,0.05079369649506699
15.0,55.0,R15_D40,first_hop_content,55.0,0.5600182412832421,0.5453866746119485,0.5698603954803205,0.5501760870861636,0.4792602403163269,0.11399363197629013,False,0.0,0.06867346155322661,0.06965718453683442,0.07237422054087653,0.06690958229343198,0.015575741417706013,65.0,0.07263159272231424,0.06451979355167015,0.07110743036315172,0.06612064992524946,0.06946752908664917,0.07043875282856399,0.0724794158097618,0.06669276746445292,99874,-0.000983722983607816,-0.00034603527808022466,-0.0016381225066919097,4.4090008627262645,4.565267495281128,4.245104236350365,14311,0.015575742371427666,True,0.07293656858998854,0.07045280855941918,0.07668030425763102,0.06923186464910057,20936,0.01818181818181818,0.06666666666666667,208392,0.13723608445297505,0.15267839072683412,0.12312869049951296,0.10844529750479846,0.11456050411268258,0.10261868724052274,200,0,0.5007299506643507,0.5059858034912195,0.49547409783748186,True,True,True,0.04053418557334255,0.0411916004453146,0.04281136701407336,0.039589024052590106,0.01244340930134058,99.0,0.0421629115316097,0.03868513255714679,0.04173394448386861,0.039290272356488506,0.03909926507399323,0.04048100606764523,0.040341588746288265,0.03789325368109377,99874,-0.0006574148719720527,0.0004803857552486561,-0.001796875301618678,2.22938020653384,2.2953669466127735,2.160964979606868,3.257482413629211,3.3538996352004222,3.1575167828741226,8447,0.012443408874211786,True,True,0.10856897210546428,0.040026748184944595,0.11304290265984479,0.10439264725310844,20936,0.1004645091942109
15.0,55.0,R15_D40,cred_processor,55.0,0.5560076479093449,0.5400540806205364,0.5667390666820167,0.5452762291366731,0.5305338016814465,0.07860056621351495,False,0.0,0.06935007102000076,0.06965718453683442,0.07249785743715878,0.06680614730298108,0.015575741417706013,65.0,0.07332939043757611,0.06525649956427061,0.07202281757256683,0.06675812294190203,0.06839786901111623,0.06873253195126584,0.07127902831974524,0.06558380937308221,110559,-0.00030711351683365966,9.7412416193671e-06,-0.0006256758482407396,4.452440812530219,4.624037548584932,4.286031532234634,14452,0.015575742371427666,True,0.06865327625946657,0.06857095818241686,0.07274596290734177,0.06447042359522015,12148,0.01818181818181818,0.06666666666666667,208392,0.13291746641074856,0.14817050801012333,0.1190152289451088,0.10758157389635317,0.11367617332353874,0.10177620742235749,200,0,0.4994611273553806,0.5046072559717213,0.49431499873904,True,True,True,0.04039022611232677,0.0411916004453146,0.0428557907264845,0.03955365042030044,0.01244340930134058,99.0,0.04256389083712103,0.03809030171527949,0.04187280632611284,0.03894255836471912,0.03966208087989218,0.04071129442198283,0.04133425829989366,0.038022708333350114,110559,-0.0008013743329878307,-0.00023122714089079163,-0.0014331155769039545,2.2214624361779722,2.303004347936206,2.1418407100595513,3.245913279923886,3.365059104735496,3.12957315462206,8417,0.012443408874211786,True,True,0.03868949621336846,0.04025353967731314,0.041888326520891056,0.03577539160725796,12148,0.058293984413989024
15.0,55.0,R15_D40,content_server,55.0,0.5483605453040526,0.5349706505811357,0.5573674692723622,0.539353621335743,,,False,0.0,0.07718146569925909,0.06965718453683442,0.07254748951250865,0.06706246199652602,0.015575741417706013,56.0,0.08084286258788086,0.07335402111957377,0.07966487684987708,0.07469358446216587,,,,,,0.007524281162424661,0.00939796291143768,0.005773356815233223,4.209100363835958,4.344533484766193,4.073423466210908,8042,0.01833680811281959,True,,,,,,0.01818181818181818,0.06666666666666667,104196,0.11036468330134357,0.13084018873161826,0.09275150085809938,0.1107485604606526,0.11955843259022891,0.10251227438569499,200,0,0.5004245506761031,0.5087070705479876,0.49214203080421876,True,True,True,0.049838765403662326,0.0411916004453146,0.042804317019576835,0.03960581674563145,0.01244340930134058,79.0,0.05164166332390665,0.047956142995987355,0.05107791634031538,0.04849529101065965,,,,,,0.00864716495834773,0.01068634365003782,0.006735138197429544,2.741132097201428,2.809285398717346,2.6672410055862805,3.115630783224699,3.193095318552339,3.031644549990164,5193,0.015996364419046748,True,True,,,,,,
15.0,55.0,R15_D40,validator,55.0,0.562140480517919,0.5458161430109184,0.5731213037283459,0.5511596573074921,,,False,5.758378440631118e-05,0.07789166570693692,0.06965718453683442,0.07247649790932033,0.0670069148121621,0.015575741417706013,55.0,0.08162716395079841,0.0738105704345053,0.08054849769556936,0.07534305309720903,,,,,,0.0082344811701025,0.011052695797426109,0.005435578561586846,4.219775122730353,4.363708795597064,4.081704226564516,4058,0.018458724325702475,True,,,,,,0.01818181818181818,0.06666666666666667,52098,0.1401151631477927,0.17256177222008603,0.11293674605128715,0.12207293666026871,0.13520387191431138,0.11005497915819856,200,0,0.4998780228321314,0.5091083363291417,0.49064770933512114,True,True,True,0.04176743828937771,0.0411916004453146,0.0426420021514787,0.0396486481153361,0.01244340930134058,77.0,0.04425889590997544,0.03944693413224017,0.04343014278010842,0.04009971251519465,,,,,,0.0005758378440631119,0.0027265859830354973,-0.001662326051747858,2.2972091059157744,2.388657852905963,2.205484188335706,3.1668743750671893,3.2929433048522214,3.040424723491536,2176,0.01318885226967412,True,True,,,,,,
15.0,55.0,R15_D40,gatekeeper,55.0,0.5578020784986,0.5416841366291735,0.5686440664266376,0.5469600905705624,,,False,0.0,0.0688638079516808,0.06965718453683442,0.07239662877804416,0.06696998150005071,0.015575742349028587,65.0,0.07257384474733006,0.0651435226181894,0.07140362432606341,0.066230667305987,,,,,,-0.0007933765851536207,6.3835745461833e-06,-0.001654410049287637,4.421221557824777,4.584283857766362,4.252167615938574,10763,0.015575742371427666,True,,,,,,0.01818181818181818,0.06666666666666667,156294,0.13883557261676263,0.15686492396921808,0.12257717041488235,0.10620601407549585,0.11323143334216094,0.0995675430258353,200,0,0.5037232591249347,0.5094928090967065,0.49795370915316284,True,True,True,0.03996314637797996,0.0411916004453146,0.042822927312587966,0.039556726909623516,0.012443408370018005,99.0,0.04179553366498149,0.03802984528526138,0.04114883334268042,0.03874192257034061,,,,,,-0.0012284540673346387,7.629753776031445e-05,-0.002517436017906245,2.1979730507888977,2.263185833847423,2.1308057413687336,3.21159151659809,3.306877862701988,3.113449293676342,6246,0.012443408874211786,True,True,,,,,,
45.0,85.0,R45_D40,baseline,85.0,0.5563700024185093,0.5464229064089666,0.5630610735073721,0.5496789313296465,,,False,0.0,0.04913548387096774,0.04913548387096774,0.05034712198735529,0.0480205814521884,0.010143764317035675,99.0,0.05080712045771123,0.04755476248630769,0.050285015353276334,0.04802440483368268,,,,,,0.0,0.0,0.0,4.843910105308383,4.9572340562467145,4.734376901348598,7616,0.01014376460395513,True,,,,,,0.011764705882352941,0.022222222222222223,155000,0.08064516129032258,0.09526019509488083,0.0681036135998299,0.07367741935483871,0.07970730807549066,0.06806995367354808,200,0,0.5028067575370199,0.5088474448714889,0.49676607020255087,True,True,True,0.02674193548387097,0.02674193548387097,0.027530201648241236,0.025985652848934046,0.00813888106495142,152.0,0.02796193659070284,0.025607927406042754,0.027552054429744132,0.025935274169082773,,,,,,0.0,0.0,0.0,2.273064516129032,2.341924626528251,2.2044983043720356,3.2857015442021202,3.3852384334840604,3.1865894836990103,4145,0.008138881491247805,True,True,,,,,,
45.0,85.0,R45_D40,first_hop_cred,85.0,0.5561808817124875,0.547015982729103,0.5623457956291966,0.5500159677957783,0.5919451612903226,0.05447867337318736,False,0.0,0.04891612903225807,0.04913548387096774,0.05023512489928526,0.04806442255792702,0.01014376524835825,99.0,0.05049560654345223,0.04744809653777609,0.049941166048805725,0.04788171896427617,0.0484651477087568,0.04874579707143752,0.04959564437568533,0.047350545283077125,367006,-0.00021935483870967742,9.499102811810139e-05,-0.0005081650136176392,4.822285506623971,4.923336453345269,4.720310538910448,30328,0.01014376460395513,True,0.054614964500273075,0.04725800751758923,0.05714695679110376,0.052119376945363165,31127,0.011764705882352941,0.022222222222222223,620000,0.07983870967741935,0.08684849661873335,0.0733492559217734,0.07280645161290322,0.07575194747788652,0.06996681659273005,200,0,0.5046215904226191,0.5081761782834965,0.5010670025617417,True,True,True,0.026517741935483872,0.02674193548387097,0.02757374718768429,0.02598540613415908,0.00813888106495142,152.0,0.02726109923914292,0.025790602751482476,0.027042345900907674,0.025987838825678733,0.025980501681171424,0.02643281036277336,0.026522549579986548,0.025434866807973522,367006,-0.00022419354838709677,0.00036791403832250587,-0.0008511754223016354,2.254008064516129,2.2985994015771523,2.2089663001826922,3.2581555541753353,3.3226120726770407,3.193047945669796,16441,0.008138881491247805,True,True,0.09496578533106306,0.026986217753076108,0.09835188948992683,0.09172430186451944,31127,0.05020483870967742
45.0,85.0,R45_D40,first_hop_content,85.0,0.5561808817124875,0.547015982729103,0.5623457956291966,0.5500159677957783,0.5919451612903226,0.10758407219500499,False,0.0,0.04891612903225807,0.04913548387096774,0.05024827021140847,0.047999112879040094,0.01014376524835825,99.0,0.05041340825673197,0.047464636246655034,0.04993424615185487,0.04791642698142547,0.0484651477087568,0.04874579707143752,0.04958734079569787,0.04738345562619276,367006,-0.00021935483870967742,8.229022050316045e-05,-0.0005192154148950877,4.822285506623971,4.922654271017402,4.723732149969498,30328,0.01014376460395513,True,0.054658103023225636,0.05092772803944466,0.05673299019156795,0.05259794366813367,61656,0.011764705882352941,0.022222222222222223,620000,0.07983870967741935,0.08684849661873335,0.0733492559217734,0.07280645161290322,0.07575194747788652,0.06996681659273005,200,0,0.5001249627562109,0.5036296009260814,0.49662032458634026,True,True,True,0.026517741935483872,0.02674193548387097,0.027539736447606405,0.025947880329059956,0.00813888106495142,152.0,0.027350246634009746,0.025749045573741577,0.02705461429758577,0.025968523404030924,0.025980501681171424,0.02643281036277336,0.02652054759371412,0.025411742139003348,367006,-0.00022419354838709677,0.0003720951675010187,-0.0008145150884182787,2.254008064516129,2.2996422152947904,2.2073244893426285,3.2581555541753353,3.3241194538437635,3.190674717644719,16441,0.008138881491247805,True,True,0.0898047229791099,0.0266802906448683,0.09206146684052993,0.08749018693382805,61656,0.09944516129032258
45.0,85.0,R45_D40,cred_processor,85.0,0.5566941247216258,0.5467994893897768,0.5633499073078461,0.5500383421354056,0.5434467741935484,0.07334011996307915,False,0.0,0.04913225806451613,0.04913548387096774,0.05027765277501968,0.04803207387185092,0.01014376524835825,99.0,0.05081065155235122,0.04737171325554212,0.05028153987942544,0.047976075429399974,0.04903884108898696,0.04899729029462481,0.050209817911077495,0.04782812563274345,336937,-3.225806451612903e-06,0.0001489066231295455,-0.00015613656157851025,4.8435920965042,4.956891434548894,4.729612456769131,30462,0.01014376460395513,True,0.049866232727473314,0.050059298894006676,0.05209127802204744,0.047735746433195406,36257,0.011764705882352941,0.022222222222222223,620000,0.08080645161290323,0.08785277311312664,0.07427926483419661,0.07390322580645162,0.07686855821016698,0.07104348246103852,200,0,0.499980012341289,0.503470870277446,0.4964891544051321,True,True,True,0.02691774193548387,0.02674193548387097,0.027564705117993787,0.025977347673707525,0.00813888106495142,152.0,0.02803895989942229,0.02582823586423088,0.027613469444676148,0.026212186215499814,0.02635210736725263,0.026123577998260802,0.027206967192432742,0.02550415486979132,336937,0.00017580645161290322,0.0004895803424827808,-0.00012617541767320894,2.288008064516129,2.3471449027974725,2.228035828317484,3.307302356525282,3.392784312484517,3.2206128377329546,16689,0.008138881491247805,True,True,0.027139586838403618,0.027277491243070304,0.028954254594899087,0.025278384331236938,36257,0.058479032258064514
45.0,85.0,R45_D40,content_server,85.0,0.5515537189635761,0.5438126979030207,0.5567608389277215,0.5463465989994306,,,False,0.0,0.05390645161290323,0.04913548387096774,0.05031504088460455,0.04796981691979866,0.010143764317035675,86.0,0.05516852585895247,0.05256022914391893,0.05484713884409477,0.053003750714925135,,,,,,0.004770967741935484,0.005708772076753863,0.0038421002001329915,4.517909115052308,4.596748276025691,4.442253595293242,16711,0.01193172554828587,True,,,,,,0.011764705882352941,0.022222222222222223,310000,0.048709677419354835,0.05686168954912451,0.041674741154039914,0.06496774193548387,0.06895666173713744,0.06119440206083962,200,0,0.5006738850737968,0.5048104880330858,0.49653728211450787,True,True,True,0.031780645161290325,0.02674193548387097,0.027488318753926596,0.025897819762630836,0.00813888106495142,121.0,0.032559215402973525,0.030986767166477112,0.03237774459848838,0.03120677252773093,,,,,,0.005038709677419355,0.005992050113664515,0.004075427139807319,2.7013548387096775,2.752108290871512,2.652575664857129,3.041170654407627,3.0983086161121243,2.9862553245365326,9852,0.010450135415857056,True,True,,,,,,
45.0,85.0,R45_D40,validator,85.0,0.5600966577733358,0.5502794409463194,0.566700363580672,0.5534929519659997,,,False,0.0,0.056038709677419356,0.04913548387096774,0.05026722084533292,0.047932253077033894,0.010143764317035675,84.0,0.058170523027152136,0.05422455358800036,0.05733371601007402,0.05473869459084563,,,,,,0.006903225806451613,0.008193203260569734,0.005672011366586511,4.659725908696656,4.767408162533929,4.551627167389536,8686,0.012026181534161011,True,,,,,,0.011764705882352941,0.022222222222222223,155000,0.0967741935483871,0.11250500477582609,0.08303711896908808,0.08490322580645161,0.09131647531792211,0.07890127620951665,200,0,0.5049194182411403,0.5115620841901227,0.49827675229215784,True,True,True,0.02721290322580645,0.02674193548387097,0.027560462565760703,0.025969500228267543,0.00813888106495142,117.0,0.02837902832244754,0.025848905794556756,0.02807724359224943,0.02630511917099807,,,,,,0.0004709677419354839,0.0016180666003129845,-0.0007365513865599166,2.313096774193548,2.3865657053412015,2.235935129534836,3.1651092893255734,3.2656399714166118,3.05952570933287,4218,0.008597776802710348,True,True,,,,,,
45.0,85.0,R45_D40,gatekeeper,85.0,0.5599269954191931,0.5500825506053648,0.5665490165614965,0.5533049742768897,,,False,1.075268817204301e-05,0.04862150537634408,0.04913548387096774,0.05033004589354698,0.04802655200832906,0.0101437633857131,99.0,0.05027529768725384,0.046923536031774404,0.04969667555710617,0.04758029162363446,,,,,,-0.000513978494623656,-0.0001482963747977755,-0.0008933347818075581,4.793240702508632,4.899233913386462,4.690595008985377,22609,0.01014376460395513,True,,,,,,0.011764705882352941,0.022222222222222223,465000,0.08365591397849462,0.09196162933870418,0.07603753129854203,0.076,0.07947675473670249,0.07266333209951839,200,0,0.5028592300733463,0.5068546423473379,0.4988638177993547,True,True,True,0.026266666666666667,0.02674193548387097,0.027513578421907922,0.025989432072047645,0.008138881996273994,152.0,0.027067710984426164,0.025486304457443484,0.026863979841144404,0.02568858103717673,,,,,,-0.00047526881720430107,0.00012922727378735535,-0.0011011461843495507,2.232666666666667,2.283438286497274,2.183529388160022,3.2273066876465375,3.30069676896423,3.156279037211821,12214,0.008138881491247805,True,True,,,,,,
100.0,140.0,R100_D40,baseline,140.0,0.5507479095451375,0.5428270163757467,0.556076023321544,0.545419795768731,,,False,0.0,0.0310484140330699,0.0310484140330699,0.031641186312872695,0.030458980150488972,0.0061516850255429745,163.0,0.03199565159597722,0.030174273587944903,0.03164045237840269,0.03046947549399437,,,,,,0.0,0.0,0.0,5.047139713168379,5.143379741443735,4.953029151226646,10690,0.006151685072648609,True,,,,,,0.007142857142857143,0.01,344301,0.054313099041533544,0.06239204754583723,0.04722757474742867,0.04496079000871333,0.0481590649067784,0.041965550186052504,200,0,0.5023196456584592,0.5079800695900942,0.49665922172682425,True,True,True,0.015530015887261437,0.015530015887261437,0.015956072002745163,0.015144997795579438,0.004937481135129929,248.0,0.016093645216498153,0.014918339227646462,0.01593350644979885,0.015132629033269935,,,,,,0.0,0.0,0.0,2.174202224216601,2.230690902971839,2.118568064657791,3.145331508135779,3.227051423221336,3.06484779183748,5347,0.0049374814219395255,True,True,,,,,,
100.0,140.0,R100_D40,first_hop_cred,140.0,0.5507830299562971,0.5437130993448706,0.5555387303405098,0.5460273295720844,0.7417804479220217,0.05214358500484053,False,0.0,0.031103598304971523,0.0310484140330699,0.031664478672040246,0.03045344351423286,0.0061516850255429745,163.0,0.031911476144268223,0.0303589608262184,0.03162503003436079,0.030561880146994572,0.03102635811285035,0.03096762573378766,0.03158637855779272,0.030452049238463588,1021583,5.518427190162097e-05,0.0002448362987034186,-0.000134964434692073,5.056110307607126,5.14087273013549,4.968050182360221,42836,0.006151685072648609,True,0.03688898544427547,0.031081178941270188,0.03806921440816716,0.035581172268698176,69045,0.007142857142857143,0.01,1377204,0.05503920999128667,0.05897361776002419,0.05135296108191924,0.045207667731629396,0.04678496362331321,0.04368111155993117,200,0,0.5004437813376998,0.50350668150898,0.49738088116641965,True,True,True,0.015691938158762245,0.015530015887261437,0.015941293454081185,0.015158784575292506,0.004937481135129929,248.0,0.016020708279823548,0.015359946794614688,0.015902984378118046,0.015473334772869801,0.0157138480182227,0.015510242437472042,0.015944644608167954,0.015488257005586387,1021583,0.0001619222715008089,0.0005150132317222061,-0.0002178033329184935,2.1968713422267143,2.2264178129365266,2.166266868201772,3.178126015631303,3.2208697145580523,3.133851745571048,21611,0.0049374814219395255,True,True,0.06988196103990152,0.01562748931856036,0.07186838274471276,0.06795899751704125,69045,0.05013418491378183
100.0,140.0,R100_D40,first_hop_content,140.0,0.5507830299562971,0.5437130993448706,0.5555387303405098,0.5460273295720844,0.7417804479220217,0.10473940932846376,False,0.0,0.031103598304971523,0.0310484140330699,0.031673123504092786,0.03046166726338537,0.0061516850255429745,163.0,0.03201281863542796,0.030303388800494567,0.03164117745105826,0.030541024101132,0.03102635811285035,0.03096762573378766,0.0315998450221195,0.03046220132759749,1021583,5.518427190162097e-05,0.00023816897974681276,-0.00013207409030437784,5.056110307607126,5.143497607141834,4.964659884317283,42836,0.006151685072648609,True,0.03431756315135496,0.030668898002571304,0.035368756898967936,0.03326189267393353,139229,0.007142857142857143,0.01,1377204,0.05503920999128667,0.05897361776002419,0.05135296108191924,0.045207667731629396,0.04678496362331321,0.04368111155993117,200,0,0.5000888422925066,0.5030295800259225,0.49714810455909075,True,True,True,0.015691938158762245,0.015530015887261437,0.01592753623591289,0.01514398355964587,0.004937481135129929,248.0,0.016023398821577824,0.015396667267753532,0.01591268399757581,0.015474190216771216,0.0157138480182227,0.015510242437472042,0.01593692884275019,0.015485606295229645,1021583,0.0001619222715008089,0.0005351520055616782,-0.0002052539941545049,2.1968713422267143,2.2277757596606134,2.1663866303479704,3.178126015631303,3.222834201839901,3.1340250006839914,21611,0.0049374814219395255,True,True,0.06695444196252218,0.01556428617601218,0.06828200509379675,0.06560300877191255,139229,0.10109540779724717
100.0,140.0,R100_D40,cred_processor,140.0,0.5512743782933733,0.5434720683356025,0.5565227252013256,0.546026031385421,0.544119825385346,0.07063056138271921,False,0.0,0.031057853448000442,0.0310484140330699,0.03165407010566364,0.0304475036310983,0.0061516850255429745,163.0,0.03188950840257983,0.030160038473731648,0.031614012975347314,0.030484237559997157,0.03117310145670195,0.03117310145670195,0.031818969622439394,0.03049319806015053,749364,9.439414930540428e-06,8.870345643056472e-05,-6.60135954825359e-05,5.048674156953955,5.139081829124893,4.95542882966084,42773,0.006151685072648609,True,0.03134773079859145,0.03134773079859145,0.03263535999159913,0.030082093634653518,81218,0.007142857142857143,0.01,1377204,0.05438571013650886,0.05829895008219385,0.05072099351327071,0.045149578855649145,0.04672592809084174,0.04362397582123148,200,0,0.5034740859965076,0.5063144926698845,0.5006336793231306,True,True,True,0.015744217995300624,0.015530015887261437,0.01593455700546114,0.01511448022406395,0.004937481135129929,248.0,0.016269426849923014,0.015225311301201224,0.01610710048969161,0.015386041529300796,0.01563992932673574,0.015322326666346395,0.01602980189898247,0.01525768441330786,749364,0.00021420210803918665,0.0003753750307314119,4.862787591311716e-05,2.204190519342087,2.2549940685568255,2.1540458141021115,3.1887143767957777,3.262209842070549,3.116172034781429,21683,0.0049374814219395255,True,True,0.01574774064862469,0.01569849048240538,0.01657871446495512,0.014950966959500775,81218,0.05897310783297173
100.0,140.0,R100_D40,content_server,140.0,0.5417384155750794,0.5355216640464066,0.5459202115867235,0.5375566195634353,,,False,0.0,0.034768995733384454,0.0310484140330699,0.03166492248386974,0.03045656268213869,0.0061516850255429745,142.0,0.035483492983666806,0.03398243331960296,0.03532535461738698,0.03422063043361375,,,,,,0.0037205817003145504,0.004290439367566379,0.0031901811592206482,4.803761690767618,4.880629470147376,4.727998322743287,23942,0.007237868564589126,True,,,,,,0.007142857142857143,0.01,688602,0.02831832704037177,0.03250700504053654,0.024655625068532225,0.041126924194016846,0.043276226756036956,0.03908000591152838,200,0,0.5027547650279316,0.5064922576453957,0.4990172724104674,True,True,True,0.019522162294039226,0.015530015887261437,0.015923824765688536,0.015141953685996927,0.004937481135129929,200.0,0.020028597499439117,0.018984627857278592,0.019863292783260447,0.019167480752610103,,,,,,0.0039921464067777905,0.004476613921696757,0.003548877235480103,2.7331027211654915,2.7808609896564627,2.6834473053654144,3.07809053072438,3.131877120180909,3.0221673252078958,13443,0.006342296335723756,True,True,,,,,,
100.0,140.0,R100_D40,validator,140.0,0.5547174686055663,0.5466117919971731,0.5601698798779678,0.5492650573331647,,,False,0.0,0.03564323077772066,0.0310484140330699,0.03161691247753975,0.030415000102972403,0.0061516850255429745,138.0,0.0365367066789618,0.034714128126375816,0.0362675078619226,0.0350198667016178,,,,,,0.004594816744650756,0.005328272173273816,0.003899009548546073,4.885687745216099,4.971258632965454,4.800242005282577,12272,0.0072954377431552605,True,,,,,,0.007142857142857143,0.01,344301,0.06186465291896602,0.07041026612965351,0.05429563170637883,0.0526285216381063,0.056064983067783986,0.04939167399961081,200,0,0.5044408202150295,0.5095828310193299,0.49929880941072907,True,True,True,0.016767305352003044,0.015530015887261437,0.015918213709692836,0.015147841154089728,0.004937481135129929,192.0,0.017331250900861253,0.01620459922012126,0.01716148653288457,0.01635685702098271,,,,,,0.0012372894647416069,0.0018016963128018905,0.0006394331820209067,2.347422749280426,2.4026081146038396,2.2899599829375794,3.209673299560252,3.285129241043027,3.1311034267471674,5773,0.0052239912873064944,True,True,,,,,,
100.0,140.0,R100_D40,gatekeeper,140.0,0.5499603435161404,0.5426161681836625,0.5549005189393533,0.5450201680929275,,,False,0.0,0.03114426040005693,0.0310484140330699,0.03162952344388789,0.030449208441305296,0.006151685491204262,163.0,0.031957870922587873,0.030279648897798796,0.031701568579736494,0.030583806554661964,,,,,,9.584636698702588e-05,0.00028470610879792333,-9.686967114375729e-05,5.062720219298834,5.153314613045914,4.971614475299221,32169,0.006151685072648609,True,,,,,,0.007142857142857143,0.01,1032903,0.05653983928744312,0.061161008049261584,0.0522484024687276,0.04579339723109691,0.04763026649985442,0.0440240925353808,200,0,0.4992988446707043,0.5022092707812951,0.49638841856011345,True,True,True,0.015591977175010626,0.015530015887261437,0.01593141814775082,0.01512558391047057,0.004937481600791216,248.0,0.016033309505557473,0.015170064422922005,0.015892039128671834,0.01530372265821553,,,,,,6.196128774918845e-05,0.0003732447896647384,-0.0002470879276670915,2.1828768045014875,2.224885478014057,2.142521172150174,3.1578806769233037,3.218652946835631,3.099499795627377,16105,0.0049374814219395255,True,True,,,,,,
15.0,15.0,R15,baseline,15.0,0.5989021148425487,0.5916640257670815,0.6037709296710184,0.5940333000140791,,,False,0.0016699297477830242,0.193558293984414,0.193558293984414,0.19626812917028758,0.19082739317965988,0.05695834383368492,18.0,0.19738970674394862,0.18940437109405053,0.19633784029106463,0.19088987948876965,,,,,,0.0,0.0,0.0,3.398242978198557,3.4470426112430284,3.351394451916977,10084,0.05695834442274672,True,,,,,,0.06666666666666667,0.06666666666666667,52098,0.4165067178502879,0.4592980193615923,0.37493763687736625,0.3385796545105566,0.3569779613989356,0.3206567230865804,200,0,0.49981622689492056,0.5063723008889698,0.49326015290087133,True,True,True,0.14351798533532958,0.14351798533532958,0.14669140786051246,0.14062128271321997,0.04534490033984184,28.0,0.1480282245099842,0.13928061589013735,0.14642088628973127,0.14067029149704524,,,,,,0.0,0.0,0.0,2.152769780029944,2.196313294345969,2.1100543724556786,3.165030113687193,3.2290483544412374,3.102229366229148,7477,0.045344903580754305,True,True,,,,,,
15.0,15.0,R15,first_hop_cred,15.0,0.5981472548182941,0.5915668971440876,0.6025736362411758,0.5937208733954125,0.246113094552574,0.08366479488379348,False,0.002039425697723521,0.1934095358746977,0.193558293984414,0.19633829957013246,0.19091002147519984,0.05695834383368492,18.0,0.1970717627790211,0.1898635923085559,0.19595991455206035,0.19097953027604572,0.18866011542661051,0.19092185306504444,0.19250130402682078,0.18496253450901554,51288,-0.0001487581097163039,0.0005798477395351504,-0.0008566261591881228,3.3956312781706877,3.440407486173393,3.352968423003824,40305,0.05695834442274672,True,0.21965044874822862,0.19565422768068022,0.2275554348030763,0.21188154663386266,10585,0.06666666666666667,0.06666666666666667,208392,0.41938579654510555,0.44070118700954475,0.3983670532629767,0.3404990403071017,0.34965504525779445,0.3314605959257907,200,0,0.5032658640268968,0.5061861383441438,0.5003455897096497,True,True,True,0.14282697992245383,0.14351798533532958,0.14668080850093074,0.14065399409427312,0.04534490406513214,28.0,0.14639865410623032,0.13892852051099883,0.145461103476726,0.14031048741646637,0.13338402745281547,0.13523631258773983,0.13686189923968858,0.13029346055687968,51288,-0.0006910054128757342,0.00039964267912993655,-0.0018624774144680063,2.1424046988368075,2.18191655215089,2.1046573112469957,3.149791236585047,3.2078820769279113,3.0942945366856667,29764,0.045344903580754305,True,True,0.21955597543693905,0.1410486537553141,0.22776939885800795,0.2111546400302752,10585,0.05079369649506699
15.0,15.0,R15,first_hop_content,15.0,0.5981472548182941,0.5915668971440876,0.6025736362411758,0.5937208733954125,0.246113094552574,0.15654734050850103,False,0.002039425697723521,0.1934095358746977,0.193558293984414,0.19617585596395476,0.19090059416483007,0.05695834383368492,18.0,0.19711571669225023,0.18926266931492278,0.19601112432628626,0.19088157446880152,0.18866011542661051,0.19092185306504444,0.19244033257613893,0.1848387749643382,51288,-0.0001487581097163039,0.0005857788140920313,-0.0009109045508743113,3.3956312781706877,3.4413065603080946,3.3512486432553614,40305,0.05695834442274672,True,0.20405043943446693,0.19043752388230797,0.20981652765719966,0.1983590656036292,20936,0.06666666666666667,0.06666666666666667,208392,0.41938579654510555,0.44070118700954475,0.3983670532629767,0.3404990403071017,0.34965504525779445,0.3314605959257907,200,0,0.5043048429707784,0.5078398142428385,0.5007698716987182,True,True,True,0.14282697992245383,0.14351798533532958,0.14639713241650376,0.14071582961266488,0.04534490406513214,28.0,0.14660055363359523,0.13898802195088747,0.1454804914412709,0.14019433970417702,0.13338402745281547,0.13523631258773983,0.13665682909622703,0.13012493355534607,51288,-0.0006910054128757342,0.0004449028609919523,-0.0018539547258425472,2.1424046988368075,2.1822073716190635,2.1029150955626554,3.149791236585047,3.2083096434902787,3.091733108540109,29764,0.045344903580754305,True,True,0.19975162399694307,0.14057126480703094,0.20550074252017306,0.1943259515818165,20936,0.1004645091942109
15.0,15.0,R15,cred_processor,15.0,0.5983007534894715,0.5915652833813626,0.6028314737385807,0.5937700332403624,0.36037371876079694,0.12793778878546985,False,0.0017035202886867059,0.19308322776306192,0.193558293984414,0.19624904289507153,0.19080467263136397,0.05695834383368492,18.0,0.19689262348935843,0.18961506887785126,0.19569894319540584,0.19041131870626896,0.18772553562630662,0.1885777440445279,0.19080521833513592,0.18429865732882442,75099,-0.00047506622135206727,9.611873662195438e-05,-0.0010142748908073946,3.389902387786973,3.435825692947144,3.3429925085783716,40237,0.05695834442274672,True,0.19188343760289758,0.193529799143892,0.19793069807245747,0.18614203425531092,12148,0.06666666666666667,0.06666666666666667,208392,0.41794625719769674,0.4392541352623915,0.396940323586425,0.335700575815739,0.34482683524387625,0.3266954136768806,200,0,0.5025811868727624,0.5056887823918627,0.4994735913536622,True,True,True,0.14313409343928749,0.14351798533532958,0.14642667836051798,0.14062766123104414,0.04534490406513214,28.0,0.14750805587773277,0.13886879146092382,0.14607873101614607,0.14045832630198826,0.1357940851409473,0.13611366329778027,0.13902301173825896,0.13271601899352758,75099,-0.00038389189604207455,0.00047747583627870903,-0.0011833539618561636,2.1470114015893125,2.191180965242191,2.106874894529824,3.156564070852667,3.2215027374795464,3.0975548564536557,29828,0.045344903580754305,True,True,0.14249259137306552,0.1415870925255186,0.14882242119707167,0.1363152822651556,12148,0.058293984413989024
15.0,15.0,R15,content_server,15.0,0.598383587294034,0.5922691746043837,0.6024965434707761,0.5942706311172918,,,False,6.718108180736304e-05,0.21632308341970902,0.193558293984414,0.19632215131656391,0.19083375033669772,0.05695834755897522,16.0,0.22041413445388053,0.2126060911660817,0.21904586864772155,0.21370891615598475,,,,,,0.02276478943529502,0.025369825414688636,0.020209815525387587,3.2225567081110538,3.263117935616551,3.183613558269323,22540,0.06712778176260854,True,,,,,,0.06666666666666667,0.06666666666666667,104196,0.43761996161228406,0.4679161706613643,0.4077820062433935,0.3763915547024952,0.3896335285132054,0.363331725575796,200,0,0.5062950134848391,0.5108096538158745,0.5017803731538036,True,True,True,0.17350953971361666,0.14351798533532958,0.1464369290625677,0.1405933078343617,0.04534490406513214,22.0,0.17705892073200521,0.16917715818786494,0.17621694757405737,0.17094914092892677,,,,,,0.029991554378287075,0.03305988813601175,0.027047907908095657,2.60264309570425,2.6432542136108603,2.5642371139339017,2.9816472245240146,3.0281722464107736,2.9376484568329366,18079,0.05819251126910745,True,True,,,,,,
15.0,15.0,R15,validator,15.0,0.6085155094411914,0.6006757906778973,0.6137890199724629,0.6032419989099198,,,False,0.009462935237437138,0.21609274828208377,0.193558293984414,0.196336455930233,0.19089907100666212,0.05695834383368492,15.0,0.22009504024329637,0.21172060867967482,0.21895966854096136,0.21326758265179288,,,,,,0.022534454297669777,0.025921128451760703,0.01925809116742627,3.1952814392386943,3.2376735008131567,3.1535067875069314,11258,0.06762870576232242,True,,,,,,0.06666666666666667,0.06666666666666667,52098,0.4952015355086372,0.5380110812133632,0.4524622323635883,0.4,0.41894661314000364,0.38134788224281907,200,0,0.4992547513062428,0.505148637245591,0.4933608653668946,True,True,True,0.1482782448462513,0.14351798533532958,0.14656928947094527,0.14053943789116413,0.04534490033984184,22.0,0.15263653285145753,0.14412130954118219,0.15140029125598917,0.14539308535800566,,,,,,0.004760259510921724,0.009070593320327558,0.0005958334345451596,2.2241736726937695,2.2710043688398374,2.180896280370085,3.0704056554877073,3.135054039767504,3.0106625015349553,7725,0.048292721380718856,True,True,,,,,,
15.0,15.0,R15,gatekeeper,15.0,0.5977945195737857,0.5909483566475059,0.6023996990936908,0.5931893400538806,,,False,0.0025144919190755884,0.1939549822769908,0.193558293984414,0.19627220077819074,0.1907810810342595,0.05695834010839462,18.0,0.19768533274029207,0.18999867820397387,0.1964493404620817,0.1914336006430902,,,,,,0.00039668829257681035,0.0019066784030873918,-0.0010095093685568376,3.4052075116062097,3.449000185188463,3.3609403957085493,30314,0.05695834442274672,True,,,,,,0.06666666666666667,0.06666666666666667,156294,0.4216250799744082,0.44626937596198996,0.3973650909326997,0.34088291746641075,0.3514679497189511,0.3304542361831133,200,0,0.501936110986848,0.5056740823256467,0.49819813964804927,True,True,True,0.14270541415537386,0.14351798533532958,0.1464538546415531,0.14069836102243477,0.04534490406513214,28.0,0.1461717959117771,0.1390670890393692,0.1452769886507889,0.1402119782965114,,,,,,-0.0008125711799557245,0.0014137834069035918,-0.003112478290122426,2.140581212330608,2.1791548297618335,2.1031796744476714,3.1471103230207813,3.203821756772875,3.092122095856026,22304,0.045344903580754305,True,True,,,,,,
