R,T,cell,vantage,L,auc,auc_adj_lo,auc_hi,auc_lo,bundle_alone_share,bundle_bundles,bundle_mean,bundle_p0,bundle_p1,bundle_p1_nonempty,bundle_p_lt2,calibration_error,claim_rate,claims_on_own_records,conf_max,conf_mean,conf_p50,conf_p90,conf_p99,count_p50,coverage_p50,decisions,decoys,dev_accuracy,dev_baseline,dev_baseline_hi,dev_baseline_lo,dev_baseline_random,dev_candidates_median,dev_ci_adj_hi,dev_ci_adj_lo,dev_ci_hi,dev_ci_lo,dev_claimed,dev_claimed_baseline,dev_claimed_hi,dev_claimed_lo,dev_claimed_n,dev_contribution,dev_contribution_hi,dev_contribution_lo,dev_lift_random,dev_lift_random_hi,dev_lift_random_lo,dev_n_correct,dev_random,dev_signal_random,dev_took_part,dev_took_part_baseline,dev_took_part_hi,dev_took_part_lo,dev_took_part_n,inv_L,inv_R,n,p_at_1,p_at_10,p_at_10_hi,p_at_10_lo,p_at_1_hi,p_at_1_lo,p_at_25,p_at_25_hi,p_at_25_lo,p_at_5,p_at_5_hi,p_at_5_lo,runs,runs_needed,shuffle_auc,shuffle_auc_hi,shuffle_auc_lo,signal,signal_auc,stable,sub_accuracy,sub_baseline,sub_baseline_hi,sub_baseline_lo,sub_baseline_random,sub_candidates_median,sub_ci_adj_hi,sub_ci_adj_lo,sub_ci_hi,sub_ci_lo,sub_claimed,sub_claimed_baseline,sub_claimed_hi,sub_claimed_lo,sub_claimed_n,sub_contribution,sub_contribution_hi,sub_contribution_lo,sub_lift,sub_lift_hi,sub_lift_lo,sub_lift_random,sub_lift_random_hi,sub_lift_random_lo,sub_n_correct,sub_random,sub_signal_L,sub_signal_random,sub_took_part,sub_took_part_baseline,sub_took_part_hi,sub_took_part_lo,sub_took_part_n,took_part_rate
1.0,61.0,R1_D60,baseline,61.0,0.5765585022862061,0.5574437167268269,0.5894163644103353,0.5637006401620769,0.17096404503097531,4145670,1.7663258291180919,0.17108404672827313,0.30197820858872026,0.36430497856485194,0.4730622553169934,0.024170780294450175,,,0.1899237102413392,0.07513423513571266,0.07243975703425146,0.09596708604499847,0.12467670526020198,5,0.0001254484783099581,39857,60.0,0.09930501543016283,0.09930501543016283,0.10356382800812318,0.09500549264008237,0.0204252190887928,49.0,0.10543237728871847,0.09295428952166444,0.10374180115447776,0.09501751681890397,,,,,,0.0,0.0,0.0,4.861882303721308,5.079103255805245,4.651970311512125,3958,0.02042521995116054,True,,,,,,0.01639344262295082,1.0,39857,0.24561403508771928,0.16181635725037632,0.17357409751461783,0.15070983009866734,0.2901441306116219,0.2059355415396104,0.13960256924929748,0.14654655720616905,0.1329363649821108,0.17511289513296538,0.19241950066945734,0.15905630414240368,200,0,0.49752942963429725,0.5071986672302903,0.48786019203830416,True,True,True,0.047871139323080014,0.047871139323080014,0.050222770411462905,0.04553563373166514,0.017712151631712914,83.0,0.0513254041105065,0.04457720772416454,0.05020635377075975,0.04558217166214604,,,,,,0.0,0.0,0.0,2.920139498707881,3.062587580016345,2.7805124713909084,2.702728262027557,2.834570749482126,2.573496794476278,1908,0.01771215404658092,True,True,,,,,,
1.0,61.0,R1_D60,first_hop_cred,61.0,0.57885335729427,0.5607341955096018,0.5910414973761104,0.5666652172124296,0.17096404503097531,4145670,1.7663258291180919,0.17108404672827313,0.30197820858872026,0.36430497856485194,0.4730622553169934,0.022740320535990222,0.4646737085079158,0.058138279204125155,0.4770021050503855,0.07561128645901692,0.07300790909028257,0.09690885561940646,0.12565455677893742,0,0.0,159428,60.0,0.09835160699500715,0.09930501543016283,0.1035805687664331,0.09503379647111188,0.0204252190887928,49.0,0.10505047929878054,0.09171313047371521,0.10256313046919216,0.09396737201808136,0.09863394616776006,0.10022677573499636,0.1036672673005494,0.0935797180270607,74082,-0.0009534084351556816,-8.660555888582731e-05,-0.0018177112758787169,4.815204302826561,5.021396622138438,4.600556187045723,15680,0.02042521995116054,True,0.10785536159600997,0.10087281795511222,0.11565396730060651,0.10056246888999502,8020,0.01639344262295082,1.0,159428,0.24090338770388958,0.16076020824186163,0.16654340922954908,0.15514044722988912,0.2625032677688847,0.22054932456425005,0.13909727275008155,0.14252935412983295,0.13573475302102636,0.17375486137247523,0.18222941176452406,0.16559461372160583,200,0,0.4971003181304244,0.5018840936996445,0.4923165425612043,True,True,True,0.04646611636600848,0.047871139323080014,0.0502759184965989,0.045597129162588776,0.017712155357003212,83.0,0.04866487145185511,0.04401246460371112,0.048123993096293706,0.04495173078552927,0.044045787100780213,0.04705596501174374,0.04572247123431279,0.04236420166614442,74082,-0.0014050229570715307,1.890617188476355e-05,-0.0028812501176982436,2.8344330983265174,2.935563578873916,2.7420555779172853,2.623402904232199,2.7170039832384676,2.537903106946304,7408,0.01771215404658092,True,True,0.11870324189526185,0.04800498753117207,0.12648608843617357,0.11159345768389212,8020,0.0503048398022932
1.0,61.0,R1_D60,first_hop_content,61.0,0.57885335729427,0.5607341955096018,0.5910414973761104,0.5666652172124296,0.17096404503097531,4145670,1.7663258291180919,0.17108404672827313,0.30197820858872026,0.36430497856485194,0.4730622553169934,0.022740320535990222,0.4646737085079158,0.11580410896034124,0.4770021050503855,0.07561128645901692,0.07300790909028257,0.09690885561940646,0.12565455677893742,0,0.0,159428,60.0,0.09835160699500715,0.09930501543016283,0.10377365034822585,0.0952148616578911,0.0204252190887928,49.0,0.10496719738544427,0.09202804474302947,0.10258620624688009,0.09416676659124533,0.09863394616776006,0.10022677573499636,0.10366725429109512,0.09346346057171533,74082,-0.0009534084351556816,-8.716854192729619e-05,-0.0018383244883495905,4.815204302826561,5.022526391009622,4.610318362123433,15680,0.02042521995116054,True,0.10211551585085923,0.10068862832681928,0.10846982763728229,0.09616522149291767,16119,0.01639344262295082,1.0,159428,0.24090338770388958,0.16076020824186163,0.16654340922954908,0.15514044722988912,0.2625032677688847,0.22054932456425005,0.13909727275008155,0.14252935412983295,0.13573475302102636,0.17375486137247523,0.18222941176452406,0.16559461372160583,200,0,0.4980257334015082,0.5028979261362962,0.4931535406667201,True,True,True,0.04646611636600848,0.047871139323080014,0.050342908823534614,0.04554089823836529,0.017712155357003212,83.0,0.04880022155714954,0.04404823334664937,0.04807243710167882,0.0448648987697658,0.044045787100780213,0.04705596501174374,0.045758401272221916,0.042450383455577785,74082,-0.0014050229570715307,-1.2596785718083655e-05,-0.002859453599058764,2.8344330983265174,2.932418663202408,2.736758824955714,2.623402904232199,2.714093213917057,2.5330007096695466,7408,0.01771215404658092,True,True,0.10906383770705379,0.04870029158136361,0.11446589714143578,0.10396942863724731,16119,0.10110520109391073
1.0,61.0,R1_D60,cred_processor,61.0,0.5772040992894657,0.5583088036193685,0.5899143180761762,0.5644938805027552,0.17096404503097531,4145670,1.7663258291180919,0.17108404672827313,0.30197820858872026,0.36430497856485194,0.4730622553169934,0.02432965203652973,0.5942745314499335,0.06865870134256523,0.188998608761472,0.07504436005670358,0.07243975703425146,0.09596708604499847,0.12492045240700124,23,0.00014426575005645182,159428,60.0,0.09937401209323331,0.09930501543016283,0.10381088308436245,0.09518241836106353,0.0204252190887928,49.0,0.1053738518572821,0.09294786197411747,0.10366929907622913,0.09505597946147336,0.09849700244870388,0.09865532381997805,0.10334547961345432,0.09394338816012879,94744,6.899666307047696e-05,0.0005450556829573951,-0.00042585490465746567,4.865260316943954,5.075553620676615,4.65385340714886,15843,0.02042521995116054,True,0.09722074326482803,0.0973272281972101,0.10407879601873316,0.08984152377380226,9391,0.01639344262295082,1.0,159428,0.2452948557089084,0.16270463526312487,0.16851508362240436,0.15705669008761297,0.26701277194848727,0.22480164085357746,0.1401008605765612,0.143543089034777,0.1367280003340228,0.17651486639066616,0.18503982909912034,0.1683015474499994,200,0,0.5025985657735204,0.5074081046963088,0.4977890268507319,True,True,True,0.0473191660185162,0.047871139323080014,0.050117312311742594,0.04547928064022367,0.017712155357003212,83.0,0.05005787312845363,0.0444420469122964,0.04927947008820208,0.04549997794981239,0.04720087815587267,0.048108587351177914,0.04913901947124091,0.04519265006544877,94744,-0.0005519733045638157,0.0005685771427763337,-0.0017765770787637571,2.886469127129488,3.006047675380327,2.775498654938556,2.6715647286079522,2.782240373395735,2.568856268421825,7544,0.01771215404658092,True,True,0.04674688531572783,0.04642743051858162,0.051161093645496286,0.04245447195571111,9391,0.05890433299044082
1.0,61.0,R1_D60,content_server,61.0,0.5617088247460416,0.5482883988712645,0.5707362859754096,0.5526813635166735,0.17096404503097531,4145670,1.7663258291180919,0.17108404672827313,0.30197820858872026,0.36430497856485194,0.4730622553169934,0.03196265583768926,,,0.8579596211593029,0.06706637294019167,0.063678630095297,0.08436047860698273,0.12788285556549064,0,0.0,79714,60.0,0.09902902877788092,0.09930501543016283,0.10357204167599608,0.09508654911792931,0.0204252190887928,47.0,0.10386517456913819,0.09402221101017097,0.10242745464378206,0.09577471320815274,,,,,,-0.00027598665228190783,0.0025220838770786454,-0.003041432990712674,4.522719021175549,4.677927301974109,4.374092349685816,7894,0.021895905607715867,True,,,,,,0.01639344262295082,1.0,79714,0.06273525721455459,0.13147660268473216,0.1390727957578125,0.12423544299069988,0.08175748561424018,0.04790795275306081,0.12650541951023686,0.13119282994068654,0.12196197611400905,0.12167586552935274,0.1321904395408767,0.11188979995529098,200,0,0.49749054797142617,0.5040191624230272,0.49096193351982514,True,True,True,0.054469729282183806,0.047871139323080014,0.0501375872111402,0.04564843126408356,0.017712153494358063,75.0,0.05672714523281189,0.05219881828824719,0.05593724374377592,0.05305003194997579,,,,,,0.006598589959103796,0.009405951399161496,0.0036928481394054046,3.322653486213212,3.412171868370331,3.236051948948523,2.728573370396322,2.8020861440660356,2.6574559188184503,4342,0.01996271380244107,True,True,,,,,,
1.0,61.0,R1_D60,validator,61.0,0.5871352259994398,0.5678952414275513,0.600077305214884,0.5741931467839956,0.17096404503097531,4145670,1.7663258291180919,0.17108404672827313,0.30197820858872026,0.36430497856485194,0.4730622553169934,0.013240314883313696,,,0.22161005790080152,0.0843586012418337,0.0814462080966998,0.10874495509722103,0.14196873275398658,0,0.0,39857,60.0,0.0975989161251474,0.09930501543016283,0.10348981260965108,0.09477576660080009,0.0204252190887928,55.0,0.10310415585736214,0.09171820153989088,0.1016664931828335,0.09368133871606384,,,,,,-0.0017060993050154302,0.001911585868827119,-0.005530670154919348,5.307167824469615,5.528351777541612,5.094140450797785,3890,0.018390018811003248,True,,,,,,0.01639344262295082,1.0,39857,0.19799498746867167,0.1625689914701455,0.1743473789433059,0.15144036782217515,0.23989447495700317,0.1618552836067752,0.13679245283018868,0.14367972246589233,0.1301851328388653,0.17912694430506773,0.1965743438738835,0.16291411508702014,200,0,0.51003399431484,0.5193241659867935,0.5007438226428864,True,True,True,0.05145896580274481,0.047871139323080014,0.05023487726847029,0.04562145941275103,0.017712151631712914,106.0,0.05420392727503774,0.048593106342981106,0.053501529056919635,0.049424716084232274,,,,,,0.0035878264796648015,0.006870475852057552,0.00032818297351115943,3.1389969139674334,3.2635932724720975,3.0149076811381685,5.415492176070789,5.630449572698519,5.201409687957682,2051,0.00950217711145894,True,True,,,,,,
1.0,61.0,R1_D60,gatekeeper,61.0,0.5800116587183547,0.5620421607828461,0.5920991250504697,0.5679241923862397,0.17096404503097531,4145670,1.7663258291180919,0.17108404672827313,0.30197820858872026,0.36430497856485194,0.4730622553169934,0.02362433909335697,,,0.19537929639047613,0.07548832200339725,0.0728654546787619,0.09671976522946894,0.12540937723381856,17,0.00014217494208461918,119571,60.0,0.09911266109675423,0.09930501543016283,0.10371847109064637,0.09481238016417169,0.0204252190887928,49.0,0.10545181364607005,0.09302782755124515,0.1035156989413904,0.09489030066194883,,,,,,-0.00019235433340860243,0.0007447900875669686,-0.0011454987660498362,4.852464812312719,5.068033499218633,4.64574192536699,11851,0.02042521995116054,True,,,,,,0.01639344262295082,1.0,119571,0.2399665551839465,0.1625825876055867,0.16930448911727064,0.15607742253331813,0.2649779286921274,0.21662024794418072,0.1394640885826113,0.14343759891672545,0.1355832290965139,0.17494564308412777,0.1847835320924496,0.16552517544161485,200,0,0.5018742740619907,0.5074335614300652,0.49631498669391616,True,True,True,0.046106497394853264,0.047871139323080014,0.05016738494898874,0.04552566439235517,0.017712153494358063,83.0,0.048677216376074306,0.04358084257211695,0.0478013002679883,0.04453773970358083,,,,,,-0.001764641928226744,0.00025726081553379266,-0.003958130542290284,2.812496341086049,2.9158793163472865,2.716802121918431,2.6030993900345774,2.6987852602386138,2.5145298299942356,5513,0.01771215404658092,True,True,,,,,,
20.0,80.0,R20_D60,baseline,80.0,0.558569779400378,0.537873372466226,0.5724915440990995,0.5446480147016565,0.0988205836191946,215400,2.310208913649025,0.09984215413184773,0.2282961931290622,0.25361795620287375,0.32813834726090996,0.004928025834526693,,,0.15335496684492847,0.05967413208129684,0.057754009697452716,0.07532542889919286,0.09709831568740805,7,0.00016775306748466258,41728,60.0,0.06355444785276074,0.06355444785276074,0.06688724680978905,0.06007996203165984,0.015576313249766827,65.0,0.0683486928659227,0.058666450204759066,0.06672555730098922,0.060228841027297635,,,,,,0.0,0.0,0.0,4.0801981153975895,4.2837834698696655,3.8666940230759304,2652,0.015576314202225388,True,,,,,,0.0125,0.05,41728,0.14388489208633093,0.09753175173735922,0.10690683239901337,0.08889697458857738,0.18082495245401875,0.11344609956573637,0.07879601226993865,0.08412247665521598,0.07377964032528757,0.10690316395014382,0.1208929918827404,0.09435848421465766,200,0,0.49748528778740647,0.50794877939116,0.4870217961836529,True,True,True,0.03412576687116564,0.03412576687116564,0.035937589285145524,0.032326079306032846,0.013080945238471031,109.0,0.036856085154510325,0.03152722411869733,0.035844991504463915,0.03242149910950682,,,,,,0.0,0.0,0.0,2.7300613496932513,2.867599320357113,2.5937199287605455,2.6088153881182037,2.7402450991606857,2.4785290863077667,1424,0.013080943567946873,True,True,,,,,,
20.0,80.0,R20_D60,first_hop_cred,80.0,0.5606282297151874,0.5408771968689157,0.573914073616371,0.5473423858140039,0.0988205836191946,215400,2.310208913649025,0.09984215413184773,0.2282961931290622,0.25361795620287375,0.32813834726090996,0.003959328807153376,0.5360549271472392,0.05545745132664238,0.3923712288313778,0.060071325188569634,0.058093405450500506,0.07606463230777848,0.0974783477499485,33,0.00019770897239263803,166912,60.0,0.06339268596625768,0.06355444785276074,0.06698855201713161,0.06044927335441528,0.015576313249766827,65.0,0.06762442027109405,0.05929661720057783,0.06642375786995496,0.06041205792772527,0.06238683863468717,0.06248742651496524,0.06566271787782856,0.05914553875672753,89474,-0.00016176188650306747,0.0005923550858120021,-0.0009399503900794688,4.069812995759983,4.264407934225222,3.8784565554728085,10581,0.015576314202225388,True,0.0701018573996405,0.06243259436788496,0.07603147823125277,0.06437278776725844,8345,0.0125,0.05,166912,0.14499700419412823,0.09765742016655683,0.10225388118359173,0.09324611603837941,0.1627045825535287,0.12891986054498739,0.0795868481595092,0.08222256347861852,0.07702853176429193,0.10579918523843758,0.11258035676798346,0.09938072866688431,200,0,0.5046407171328734,0.5109937233510535,0.4982877109146932,True,True,True,0.033981978527607364,0.03412576687116564,0.035803426933836036,0.032339656703006606,0.013080942444503307,109.0,0.035567337840023985,0.032346930909674936,0.03512347772059069,0.03292197878914246,0.033126941904910924,0.03373046918657934,0.03426614417309118,0.031952080497317153,89474,-0.00014378834355828222,0.0011202624152563169,-0.0014282760910512733,2.718558282208589,2.809878217647255,2.6337583031313967,2.5978231884491665,2.6850874738620645,2.5167892987332676,5672,0.013080943567946873,True,True,0.09874176153385261,0.033553025763930495,0.10485603350940602,0.09266154375948374,8345,0.04999640529141104
20.0,80.0,R20_D60,first_hop_content,80.0,0.5606282297151874,0.5408771968689157,0.573914073616371,0.5473423858140039,0.0988205836191946,215400,2.310208913649025,0.09984215413184773,0.2282961931290622,0.25361795620287375,0.32813834726090996,0.003959328807153376,0.5360549271472392,0.10950667232939178,0.3923712288313778,0.060071325188569634,0.058093405450500506,0.07606463230777848,0.0974783477499485,33,0.00019770897239263803,166912,60.0,0.06339268596625768,0.06355444785276074,0.066908027325349,0.060555195742945385,0.015576313249766827,65.0,0.06808840153231356,0.05905156829539094,0.06641686611360303,0.06040711608746934,0.06238683863468717,0.06248742651496524,0.06573854216465039,0.05916468883405291,89474,-0.00016176188650306747,0.0005560867764834273,-0.0009020751519504768,4.069812995759983,4.263965483189473,3.878139289129066,10581,0.015576314202225388,True,0.06482923906530857,0.06105452366686639,0.06981649838719581,0.06052267515099429,16690,0.0125,0.05,166912,0.14499700419412823,0.09765742016655683,0.10225388118359173,0.09324611603837941,0.1627045825535287,0.12891986054498739,0.0795868481595092,0.08222256347861852,0.07702853176429193,0.10579918523843758,0.11258035676798346,0.09938072866688431,200,0,0.5007453294514741,0.5069982712936845,0.49449238760926373,True,True,True,0.033981978527607364,0.03412576687116564,0.03592690293453586,0.03234656159251343,0.013080942444503307,109.0,0.03552516047283575,0.03227140659883359,0.03509538787277146,0.03285330423760095,0.033126941904910924,0.03373046918657934,0.03435772353690781,0.03199684709750812,89474,-0.00014378834355828222,0.0011851279248991798,-0.0014601161124682155,2.718558282208589,2.8076310298217164,2.6282643390080764,2.5978231884491665,2.682940086888539,2.511539329479537,5672,0.013080943567946873,True,True,0.09658478130617136,0.03469143199520671,0.10116254327784072,0.09219380936819403,16690,0.09999281058282208
20.0,80.0,R20_D60,cred_processor,80.0,0.5604900509467482,0.5403067863955638,0.5740666423245476,0.5469134595689488,0.0988205836191946,215400,2.310208913649025,0.09984215413184773,0.2282961931290622,0.25361795620287375,0.32813834726090996,0.004312028239799272,0.6079490989263804,0.06583952539566786,0.1538049077456505,0.059628031156556044,0.057754009697452716,0.07532542889919286,0.09690885561940646,31,0.00018572661042944786,166912,60.0,0.06329083588957055,0.06355444785276074,0.06672875467071629,0.06027828790210166,0.015576313249766827,65.0,0.06828919549294771,0.05861163436427459,0.06635410015068519,0.05996489097974146,0.0636222086445789,0.06397697932475314,0.06687040164763278,0.060218917880209534,101474,-0.00026361196319018405,0.00014902856714170718,-0.0006807663723092867,4.063274216728896,4.259935905838698,3.8497484193773053,10564,0.015576314202225388,True,0.06250635227157231,0.06230307958125826,0.06772542693018042,0.056988124464275494,9839,0.0125,0.05,166912,0.14499700419412823,0.09615960697381823,0.10072546819300054,0.09177959193278257,0.1627045825535287,0.12891986054498739,0.07891583588957055,0.08154158746920026,0.0763676067685686,0.10735681763719147,0.1141798335666472,0.1008950834455296,200,0,0.5027341875787396,0.5091733415133192,0.49629503364415994,True,True,True,0.03451519363496933,0.03412576687116564,0.03582975841524445,0.03236672275248364,0.013080942444503307,109.0,0.036708206504974895,0.03238515884932768,0.03591267316695651,0.0329606902522454,0.03445217494136429,0.034028421073378404,0.03598758334252763,0.03288330285107189,101474,0.00038942676380368096,0.00126938202158948,-0.0004920010827190929,2.761215490797546,2.873013853356521,2.636855220179632,2.6385859288885136,2.7454191649412647,2.519748677229311,5761,0.013080943567946873,True,True,0.03648744791137311,0.03770708405325744,0.04030724919870023,0.03285591080516957,9839,0.05894722967791411
20.0,80.0,R20_D60,content_server,80.0,0.5478134830192258,0.5327401957068205,0.557952767575583,0.5376741984628687,0.0988205836191946,215400,2.310208913649025,0.09984215413184773,0.2282961931290622,0.25361795620287375,0.32813834726090996,0.01418035164392541,,,0.8310555877621509,0.05270519283460219,0.050079645794942534,0.06518872529018133,0.09929426174595365,0,0.0,83456,60.0,0.06688554447852761,0.06355444785276074,0.06696822653709944,0.0603598493712114,0.015576314181089401,61.0,0.07052398250097158,0.06288478052117767,0.0693267542593725,0.0643461629357831,,,,,,0.003331096625766871,0.005552619693800445,0.0010966585402745698,4.006660011808118,4.15289635757766,3.8545428606155405,5582,0.016693591240935772,True,,,,,,0.0125,0.05,83456,0.05269461077844311,0.08327342439491972,0.08939452459907808,0.07753576571778213,0.07000062878679651,0.03948544615019062,0.07985046012269939,0.08360632458503998,0.07624928220608106,0.08123652048885693,0.08991577947230744,0.07332753860498628,200,0,0.5006514211553252,0.5076715641070388,0.49363127820361163,True,True,True,0.04017685966257669,0.03412576687116564,0.035990281504292086,0.03232912264421047,0.013080943375825882,98.0,0.042107919978376034,0.03843264446371487,0.041482735837350314,0.038922716865858034,,,,,,0.006051092791411043,0.008027634978472495,0.004070040839942918,3.2141487730061353,3.318618866988025,3.1138173492686425,2.723074753901393,2.8115833748616237,2.6380724760674954,3353,0.014754225753448251,True,True,,,,,,
20.0,80.0,R20_D60,validator,80.0,0.5577002534186382,0.5373966659510279,0.5713577819047809,0.5440427249324954,0.0988205836191946,215400,2.310208913649025,0.09984215413184773,0.2282961931290622,0.25361795620287375,0.32813834726090996,0.004075808737977712,,,0.19671947251062383,0.06742421100789461,0.06506152781781553,0.08619252043265611,0.10981211983360685,7,0.00016775306748466258,41728,60.0,0.0670053680981595,0.06355444785276074,0.06668913295798616,0.06037341539592941,0.015576313249766827,72.0,0.07140794764322768,0.0630516408742637,0.0696438676942297,0.06427674280749202,,,,,,0.003450920245398773,0.0062645403783937025,0.0005225628937229286,4.778713604136077,4.966887093397074,4.584112497281465,2796,0.014021632943260077,True,,,,,,0.0125,0.05,41728,0.11510791366906475,0.08746705008387251,0.09642268043238056,0.0792702363459091,0.1493150075358876,0.08792744262687804,0.08282208588957055,0.08826579157463998,0.07768550862999166,0.09731543624161074,0.11078438677229914,0.08532688142503546,200,0,0.49874610339997827,0.509261496244407,0.48823071055554956,True,True,True,0.04038055981595092,0.03412576687116564,0.03600717908633449,0.032413193376913285,0.013080945238471031,139.0,0.04306064799181076,0.03785797090071848,0.04229961616159444,0.03843559838710671,,,,,,0.006254792944785276,0.008953701551000956,0.00364277712264296,3.230444785276074,3.383969292927555,3.0748478709685365,5.552727709699252,5.816617001861062,5.285276211516371,1685,0.007272202407010882,True,True,,,,,,
20.0,80.0,R20_D60,gatekeeper,80.0,0.5614097861670595,0.5424045333236613,0.5741939693814364,0.5486256029526826,0.0988205836191946,215400,2.310208913649025,0.09984215413184773,0.2282961931290622,0.25361795620287375,0.32813834726090996,0.004525278598865991,,,0.16150128373943937,0.05996376608246294,0.0579800525002544,0.0759162135601666,0.0974783477499485,23,0.0001837295501022495,125184,60.0,0.06381805981595091,0.06355444785276074,0.06687185240255353,0.06025689865262884,0.015576314181089401,65.0,0.06832252831141328,0.05923719013704974,0.06693238469198903,0.060701977913517655,,,,,,0.00026361196319018405,0.001143445748697062,-0.0006129565768498303,4.097122014066282,4.297061796713526,3.8970694302536066,7989,0.015576314202225388,True,,,,,,0.0125,0.05,125184,0.1365814696485623,0.09865793257708899,0.104005565183764,0.09355654794122362,0.15671834937907966,0.11866789176752075,0.08042561349693252,0.08349032987138157,0.07746388663634986,0.1070458539702828,0.11494773118381481,0.099626031804869,200,0,0.4999758494031089,0.5069935336518112,0.4929581651544066,True,True,True,0.03438139059304703,0.03412576687116564,0.035924185365154584,0.03233030507253031,0.013080944307148457,109.0,0.03603337910919505,0.032659861708107994,0.035607030867258936,0.03321992958283392,,,,,,0.0002556237218813906,0.0019745166492221213,-0.001380563050537608,2.7505112474437627,2.848562469380715,2.657594366626714,2.6283570764187147,2.722053702189288,2.5395667682746508,4304,0.013080943567946873,True,True,,,,,,
100.0,160.0,R100_D60,baseline,160.0,0.5485883513463243,0.5379808489843294,0.555723655188903,0.5414530475037457,0.009972227967621384,215400,4.623797585886722,0.010259981429897865,0.046109563602599817,0.04658755101083541,0.05636954503249768,0.0020767487762340226,,,0.0759162135601666,0.032869277086859224,0.03201962605384605,0.04047659998483431,0.050079645794942534,0,0.0,207570,60.0,0.03448475213181096,0.03448475213181096,0.03529999873716741,0.03366964715943532,0.007762192282825708,129.0,0.0357901190172118,0.033251553133979275,0.035355729440777375,0.03366746962787016,,,,,,0.0,0.0,0.0,4.442656465926807,4.5548641152254,4.337366296325382,7158,0.007762191921948867,True,,,,,,0.00625,0.01,207570,0.06310211946050097,0.04947728477140242,0.05251174134676427,0.04660955211826412,0.07438981308227782,0.05342832309980924,0.04235720342249287,0.0441242055313691,0.040657953021970186,0.054731162073617265,0.05927430062185139,0.05051753768947767,200,0,0.5013962951882129,0.5082027937776239,0.49458979659880203,True,True,True,0.01736763501469384,0.01736763501469384,0.017912403640712476,0.016794996586110552,0.006521234754472971,217.0,0.018177229332002956,0.016530132241381158,0.01793756988274239,0.016810105323598112,,,,,,0.0,0.0,0.0,2.778821602351014,2.8700111812387825,2.689616851775698,2.663243375624761,2.75064014902446,2.5777488765021936,3605,0.00652123466208552,True,True,,,,,,
100.0,160.0,R100_D60,first_hop_cred,160.0,0.5488369331152765,0.5393839693416306,0.555195618358611,0.542478247871942,0.009972227967621384,215400,4.623797585886722,0.010259981429897865,0.046109563602599817,0.04658755101083541,0.05636954503249768,0.0013880240157733096,0.7433913860384449,0.05203629806407085,0.22117764816905203,0.033102644337549864,0.032207791778681126,0.04079406189310188,0.05066996881233672,0,0.0,830280,60.0,0.03421255480079009,0.03448475213181096,0.03533734440185089,0.03362035122737701,0.007762192282825708,129.0,0.035377461166736485,0.03299156255126171,0.034996823036074674,0.03349331855480622,0.034109227945167304,0.03440895754046754,0.034962728683478585,0.03325650379385129,617223,-0.0002721973310208604,-5.4053407909070744e-05,-0.0005169238074910026,4.4075893954706915,4.50862635038892,4.31493048504745,28406,0.007762191921948867,True,0.03709599614085866,0.0341534008683068,0.03893063209726078,0.035242600261026956,41460,0.00625,0.01,830280,0.06286884258701674,0.04871850460085754,0.0502038224634707,0.04727494371365669,0.06829463487547249,0.05784734869495355,0.04215927157103628,0.04303226616542726,0.04130322300695755,0.0540058775352893,0.056221714659324046,0.051872572064901284,200,0,0.5008092454746309,0.5043943611048888,0.497224129844373,True,True,True,0.017046056751939105,0.01736763501469384,0.017936788258452845,0.016823180929742915,0.006521234754472971,217.0,0.017562942611613626,0.01656333620530289,0.01737928676665125,0.016716065600908814,0.016903129014958936,0.017290347248887356,0.017231643812024123,0.016581417684152153,617223,-0.0003215782627547333,0.00015217882848475754,-0.0008066643554471622,2.7273690803102566,2.7806858826642,2.67457049614541,2.613930894259171,2.665030115799157,2.563328336901611,14153,0.00652123466208552,True,True,0.0718282682103232,0.018065605402797877,0.07424498513393757,0.06945727031649457,41460,0.04993496169966758
100.0,160.0,R100_D60,first_hop_content,160.0,0.5488369331152765,0.5393839693416306,0.555195618358611,0.542478247871942,0.009972227967621384,215400,4.623797585886722,0.010259981429897865,0.046109563602599817,0.04658755101083541,0.05636954503249768,0.0013880240157733096,0.7433913860384449,0.10450517884135879,0.22117764816905203,0.033102644337549864,0.032207791778681126,0.04079406189310188,0.05066996881233672,0,0.0,830280,60.0,0.03421255480079009,0.03448475213181096,0.03529364775489582,0.033673148858116855,0.007762192282825708,129.0,0.03532581131813111,0.03293732727231861,0.03497989897349029,0.03339170557599276,0.034109227945167304,0.03440895754046754,0.034984954991603465,0.033213569021187994,617223,-0.0002721973310208604,-3.237777467373374e-05,-0.0005120086428123968,4.4075893954706915,4.5064460303511575,4.301839726684966,28406,0.007762191921948867,True,0.03631658039739522,0.03424134723182978,0.03775621869060088,0.03497486437612421,83846,0.00625,0.01,830280,0.06286884258701674,0.04871850460085754,0.0502038224634707,0.04727494371365669,0.06829463487547249,0.05784734869495355,0.04215927157103628,0.04303226616542726,0.04130322300695755,0.0540058775352893,0.056221714659324046,0.051872572064901284,200,0,0.504611568818054,0.508186466152547,0.501036671483561,True,True,True,0.017046056751939105,0.01736763501469384,0.017940635649250174,0.016811572189239933,0.006521234754472971,217.0,0.017631252938758165,0.016596024664726265,0.017376938661552037,0.016721098316389935,0.016903129014958936,0.017290347248887356,0.017237698900671953,0.016560787242827408,617223,-0.0003215782627547333,0.00015194894174849966,-0.0008041304308230251,2.7273690803102566,2.780310185848326,2.6753757306223895,2.613930894259171,2.664670045165161,2.5641000796377496,14153,0.00652123466208552,True,True,0.06674140686496673,0.01768718841685948,0.06860739300787062,0.06488627095881447,83846,0.10098520980873922
100.0,160.0,R100_D60,cred_processor,160.0,0.5488631015115364,0.5383595681265928,0.5559284689811456,0.5417977340419272,0.009972227967621384,215400,4.623797585886722,0.010259981429897865,0.046109563602599817,0.04658755101083541,0.05636954503249768,0.0018870390774419256,0.6123681167798815,0.06286717921787753,0.07636234086119321,0.032863439460394876,0.03201962605384605,0.04047659998483431,0.050079645794942534,0,0.0,830280,60.0,0.034404056462879994,0.03448475213181096,0.035319335893016335,0.03365648190100856,0.007762192282825708,129.0,0.03563172506890679,0.033234179812802224,0.03525727771780493,0.033553962749733546,0.03421859542086827,0.03430710196150162,0.03511152665197871,0.03335426332152642,508437,-8.069566893096304e-05,2.887410134146635e-05,-0.0001915722233949894,4.432260476012825,4.542180620155657,4.322743251793894,28565,0.007762191921948867,True,0.03246580118542218,0.03269140056194754,0.03411865029219066,0.03096987301855127,48759,0.00625,0.01,830280,0.06323015777429844,0.049248446307269836,0.050741270871231495,0.04779732968333342,0.06866973459800982,0.05819454517004364,0.04235679529797177,0.04323171951514259,0.04149880980017983,0.05417449535096594,0.056393513405052886,0.052037977747632094,200,0,0.5043009542997259,0.5077081231384071,0.5008937854610447,True,True,True,0.017382087970323264,0.01736763501469384,0.01796102491919012,0.01679177089008651,0.006521234754472971,217.0,0.01808757624754791,0.016728912867786536,0.017853715118950446,0.016936008422662335,0.01730401209982751,0.017357116024207524,0.017792973078205303,0.016787142531786016,508437,1.4452955629426218e-05,0.0002780148546158394,-0.00025057207269521905,2.781134075251722,2.8565944190320716,2.7097613476259736,2.6654596669220907,2.737781423930656,2.5970555117619587,14432,0.00652123466208552,True,True,0.017494206197830143,0.017453188129370988,0.0185576057087574,0.01642267726652662,48759,0.058725971961266075
100.0,160.0,R100_D60,content_server,160.0,0.5323308063390554,0.5246061725727859,0.5375269031311197,0.527134709546991,0.009972227967621384,215400,4.623797585886722,0.010259981429897865,0.046109563602599817,0.04658755101083541,0.05636954503249768,0.009519018711732634,,,0.8305485064503133,0.02818348439645516,0.026805702747925986,0.03388558334864902,0.0535181529583116,0,0.0,415140,60.0,0.03709591944886063,0.03448475213181096,0.035352965646054134,0.033622935832171595,0.007762192282825708,122.0,0.03819753004358337,0.03596471496085256,0.03786069455289857,0.03629416532382232,,,,,,0.00261116731704967,0.0033238404293656856,0.001916050804060361,4.455825383304875,4.547687355503452,4.359521627134605,15400,0.008325263280704836,True,,,,,,0.00625,0.01,415140,0.022163334136352686,0.040058775352893,0.04198807298024177,0.03821459030424964,0.02710320300030056,0.018107056087181158,0.0421737245266657,0.04341353553941711,0.04096780387745516,0.03579515344221226,0.03840960610655946,0.033352488015483094,200,0,0.4983108075443844,0.5028057496303939,0.49381586545837486,True,False,True,0.02048224695283519,0.01736763501469384,0.017933292088999898,0.016808751114586847,0.006521233823150396,197.0,0.021179460521439056,0.019870827811067686,0.020922292444112586,0.02005190861976445,,,,,,0.00311461193814135,0.003792322990329989,0.002460269160103183,3.27715951245363,3.347566791058014,3.2083053791623115,2.783456190903785,2.8432566292929833,2.724974916845952,8503,0.00735856631039148,True,True,,,,,,
100.0,160.0,R100_D60,validator,160.0,0.5472440126789341,0.5369109890115974,0.5541946840964739,0.5402933412613943,0.009972227967621384,215400,4.623797585886722,0.010259981429897865,0.046109563602599817,0.04658755101083541,0.05636954503249768,0.0016361998810978408,,,0.08403158826957005,0.03735669444343565,0.036282989730693896,0.046406650512960175,0.05866350301188082,0,0.0,207570,60.0,0.035766247530953414,0.03448475213181096,0.03534121757924234,0.03367768894605963,0.007762192282825708,143.0,0.036926121077845535,0.03450430067589651,0.036590769186604914,0.03496848573262863,,,,,,0.001281495399142458,0.0022395991742138323,0.00040065150922796716,5.1196693154468855,5.237693388749717,5.005475714444029,7424,0.006986046427459827,True,,,,,,0.00625,0.01,207570,0.05973025048169557,0.04861010743363685,0.051620106888947116,0.04576715281490611,0.07076072873232661,0.050326125149070935,0.04376397132505974,0.04555810778424933,0.042037378309329396,0.05222586240123338,0.05667438158003117,0.048108711393945486,200,0,0.49696910674657924,0.5035052117654388,0.49043300172771964,True,True,True,0.020349761526232114,0.01736763501469384,0.017926373281201686,0.016807891608935015,0.006521234754472971,276.0,0.02115176668534614,0.019578005997184483,0.02087590125320446,0.019814968476582512,,,,,,0.0029821265115382765,0.0037125193928247706,0.002229953255387779,3.255961844197138,3.3401442005127135,3.170394956253202,5.604826214328866,5.749738071420316,5.457531018753571,4224,0.0036307569134271258,True,True,,,,,,
100.0,160.0,R100_D60,gatekeeper,160.0,0.550398115691109,0.5409734802109152,0.5567377454608526,0.5440584859213653,0.009972227967621384,215400,4.623797585886722,0.010259981429897865,0.046109563602599817,0.04658755101083541,0.05636954503249768,0.0013854609700945362,,,0.07940427070173671,0.03300938169480257,0.03214494732687607,0.040714463748833245,0.050472425324976755,0,0.0,622710,60.0,0.034266351913410736,0.03448475213181096,0.03534795784290727,0.03365575401311931,0.007762192282825708,129.0,0.03540174577848185,0.033267827940421955,0.03510783058015023,0.03345708307128938,,,,,,-0.0002184002184002184,5.302582594189608e-05,-0.0005079162231977778,4.4145200554133455,4.522927406738952,4.310262282575622,21338,0.007762191921948867,True,,,,,,0.00625,0.01,622710,0.06423638991488678,0.048818872348284116,0.05053938803602902,0.047154019386672186,0.07059860547281752,0.05841149117837163,0.04256863525995966,0.043582817038097396,0.041577027774809164,0.054310123329907506,0.05688282898624585,0.051847379653323776,200,0,0.5041470159306111,0.5081107110407896,0.5001833208204325,True,True,True,0.01722792311027605,0.01736763501469384,0.017908650945369108,0.01680125656812424,0.006521234288811684,217.0,0.01771023587656734,0.016720037770973487,0.01757596151080032,0.016879427260842298,,,,,,-0.00013971190441778677,0.0004021098097937195,-0.000690342990996385,2.756467697644168,2.812153841728051,2.7007083617347676,2.6418192264172387,2.6951892427651805,2.5883790624771326,10728,0.00652123466208552,True,True,,,,,,
