R,T,cell,vantage,L,auc,auc_adj_lo,auc_hi,auc_lo,bundle,bundle_alone_share,bundle_bundles,bundle_mean,bundle_p0,bundle_p1,bundle_p1_nonempty,bundle_p_lt2,claim_rate,claims_on_own_records,control,count_p50,coverage_p50,decisions,decoys,dev_accuracy,dev_baseline,dev_baseline_hi,dev_baseline_lo,dev_baseline_random,dev_candidates_median,dev_ci_adj_hi,dev_ci_adj_lo,dev_ci_hi,dev_ci_lo,dev_claimed,dev_claimed_baseline,dev_claimed_hi,dev_claimed_lo,dev_claimed_n,dev_contribution,dev_contribution_hi,dev_contribution_lo,dev_lift_random,dev_lift_random_hi,dev_lift_random_lo,dev_n_correct,dev_random,dev_signal_random,dev_took_part,dev_took_part_baseline,dev_took_part_hi,dev_took_part_lo,dev_took_part_n,inv_L,inv_R,n,p_at_1,p_at_10,p_at_10_hi,p_at_10_lo,p_at_1_hi,p_at_1_lo,p_at_25,p_at_25_hi,p_at_25_lo,p_at_5,p_at_5_hi,p_at_5_lo,runs,runs_needed,shuffle_auc,shuffle_auc_hi,shuffle_auc_lo,signal,signal_auc,stable,sub_accuracy,sub_baseline,sub_baseline_hi,sub_baseline_lo,sub_baseline_random,sub_candidates_median,sub_ci_adj_hi,sub_ci_adj_lo,sub_ci_hi,sub_ci_lo,sub_claimed,sub_claimed_baseline,sub_claimed_hi,sub_claimed_lo,sub_claimed_n,sub_contribution,sub_contribution_hi,sub_contribution_lo,sub_lift,sub_lift_hi,sub_lift_lo,sub_lift_random,sub_lift_random_hi,sub_lift_random_lo,sub_n_correct,sub_random,sub_signal_L,sub_signal_random,sub_took_part,sub_took_part_baseline,sub_took_part_hi,sub_took_part_lo,sub_took_part_n,took_part_rate
1.0,41.0,R1_D40_B,baseline,41.0,0.5575336697088428,0.5347925341505695,0.5728308533809314,0.5422364860367541,True,0.13991434429335464,2501697,1.96738334018868,0.13970596758920045,0.275265150016169,0.3199663599255644,0.4149711176053695,,,False,0,0.0,39799,40.0,0.06811728937913013,0.06811728937913013,0.0718025494810201,0.06447290504260203,0.01771640032529831,57.0,0.07347957594871245,0.06247391975722151,0.07171985826087775,0.06432647700771699,,,,,,0.0,0.0,0.0,3.844871552147773,4.048218084787812,3.630899640182031,2711,0.017716401823899504,True,,,,,,0.024390243902439025,1.0,39799,0.1457286432160804,0.0957286432160804,0.10526301659214794,0.08697391520769342,0.1837789662605281,0.1144517319168062,0.08633165829145728,0.09201098278372101,0.08097162558351066,0.1100502512562814,0.12455873945597402,0.09704436587920738,200,0,0.502003748191069,0.5141307908584054,0.4898767055237326,True,True,True,0.040327646423276964,0.040327646423276964,0.04226582744335594,0.038297682198445954,0.014024501666426659,98.0,0.04292707208783334,0.03727719078144956,0.04219609669083496,0.038418932231924725,,,,,,0.0,0.0,0.0,1.6534335033543555,1.7300399643242335,1.5751762215089138,2.875513790166368,3.0087413644763314,2.739415245730816,1605,0.014024501138262228,True,True,,,,,,
1.0,41.0,R1_D40_B,first_hop_cred,41.0,0.557831485723892,0.5373980411283711,0.5715763646561761,0.5440866067916078,True,0.13991434429335464,2501697,1.96738334018868,0.13970596758920045,0.275265150016169,0.3199663599255644,0.4149711176053695,0.5605165958943692,0.05650439304285458,False,0,0.0,159196,40.0,0.06818638659262796,0.06811728937913013,0.07189274440565249,0.06432838871080057,0.01771640218794346,57.0,0.07331237996644936,0.06319813749843374,0.07144528886587966,0.06456912370242578,0.06748700017930787,0.06752062040523579,0.07097157575478147,0.06394175382714205,89232,6.909721349782657e-05,0.0009110806884342911,-0.0007407898159137073,3.848771735389532,4.032720050947345,3.6445958013506865,10855,0.017716401823899504,True,0.07015384615384615,0.06695384615384616,0.07651774002779281,0.06405559000609577,8125,0.024390243902439025,1.0,159196,0.1507537688442211,0.09811557788944723,0.10283382852050037,0.09359122801559626,0.16916971460358585,0.13401921193191504,0.08701223648835398,0.08982132266465345,0.08428286700708604,0.10866834170854271,0.11569501758993234,0.10201919329510525,200,0,0.5037955752545462,0.5095151499238767,0.49807600058521573,True,True,True,0.04015804417196412,0.040327646423276964,0.04233180969551669,0.03849024764801051,0.014024501666426659,98.0,0.04174651051054603,0.03843992549615055,0.041309615894948734,0.039064875964866456,0.03985117446655908,0.04020979020979021,0.0411515297292872,0.03860840032757193,89232,-0.00016960225131284706,0.0011421345063115421,-0.001605554485540896,1.646479811050529,1.6936942516928981,1.6016599145595247,2.863420507871276,2.94553192927812,2.7854734781466157,6393,0.014024501138262228,True,True,0.10904615384615385,0.041723076923076925,0.11564366472943036,0.10271818330069701,8125,0.051037714515440084
1.0,41.0,R1_D40_B,first_hop_content,41.0,0.557831485723892,0.5373980411283711,0.5715763646561761,0.5440866067916078,True,0.13991434429335464,2501697,1.96738334018868,0.13970596758920045,0.275265150016169,0.3199663599255644,0.4149711176053695,0.5605165958943692,0.11239241527703066,False,0,0.0,159196,40.0,0.06818638659262796,0.06811728937913013,0.07180661791882009,0.06425755946865044,0.01771640218794346,57.0,0.07346430708850885,0.06274707668793339,0.0717235908105428,0.06472078126986083,0.06748700017930787,0.06752062040523579,0.07107811028910425,0.06406002783782855,89232,6.909721349782657e-05,0.0008714027260982399,-0.0007203467502802072,3.848771735389532,4.048428768068884,3.653156093047755,10855,0.017716401823899504,True,0.08186034850194308,0.06788266265513351,0.0874305759959644,0.07666470063251857,15954,0.024390243902439025,1.0,159196,0.1507537688442211,0.09811557788944723,0.10283382852050037,0.09359122801559626,0.16916971460358585,0.13401921193191504,0.08701223648835398,0.08982132266465345,0.08428286700708604,0.10866834170854271,0.11569501758993234,0.10201919329510525,200,0,0.49867988129271695,0.5049710272863428,0.4923887352990911,True,True,True,0.04015804417196412,0.040327646423276964,0.042327356963418536,0.038251446532361504,0.014024501666426659,98.0,0.04166522131121817,0.03841746742342654,0.041245774266540934,0.03911420363986623,0.03985117446655908,0.04020979020979021,0.0411258852251375,0.03854304458992848,89232,-0.00016960225131284706,0.0011647147936210069,-0.0015871005405960243,1.646479811050529,1.6910767449281783,1.6036823492345154,2.863420507871276,2.9409797795953323,2.7889907280304773,6393,0.014024501138262228,True,True,0.13570264510467595,0.0400526513726965,0.14138044566222369,0.1305245274331552,15954,0.10021608583130229
1.0,41.0,R1_D40_B,cred_processor,41.0,0.5592239204150071,0.5364908420154109,0.5745156843121754,0.5439321565178389,True,0.13991434429335464,2501697,1.96738334018868,0.13970596758920045,0.275265150016169,0.3199663599255644,0.4149711176053695,0.6017048167039373,0.05980853751474595,False,0,0.0,159196,40.0,0.0677403954873238,0.06811728937913013,0.0719451670017504,0.06448653213524921,0.01771640218794346,57.0,0.07324352105373058,0.061620838411349986,0.07126249784998327,0.06409216902860435,0.06776352190752592,0.0684212174675589,0.07134459482094355,0.06410423525972561,95789,-0.0003768938918063268,8.127286109208822e-05,-0.00084536994889267,3.823597825374547,4.022402435795391,3.6176741567321944,10784,0.017716401823899504,True,0.06655179840620289,0.06741331035968125,0.07214596829347841,0.06140907363403658,9286,0.024390243902439025,1.0,159196,0.1457286432160804,0.09654522613065326,0.10123073606117859,0.09205437461893216,0.16391348429490443,0.12924938362959648,0.08545440840222115,0.08824109066012133,0.08274774353810783,0.10904522613065326,0.11608210637235465,0.10238550976704726,200,0,0.5001306081000673,0.5061197420885181,0.49414147411161646,True,True,True,0.03995075253147064,0.040327646423276964,0.042307116604510406,0.038388810123547217,0.014024501666426659,98.0,0.04250832678938166,0.0375360734505562,0.04162945128816174,0.0383427907176567,0.0403595402394847,0.04051613442044494,0.04209795129774751,0.038712244093346324,95789,-0.0003768938918063268,0.0005668248159815384,-0.0013942679763509472,1.6379808537902962,1.7068075028146314,1.5720544194239248,2.8486398295106077,2.9683374030742913,2.7339860676433116,6360,0.014024501138262228,True,True,0.03941417187163472,0.03909110488908034,0.04360521067499552,0.035329278848423865,9286,0.05833061132189251
1.0,41.0,R1_D40_B,content_server,41.0,0.5445124627289928,0.5280817503450718,0.5555648406788996,0.533460084779086,True,0.13991434429335464,2501697,1.96738334018868,0.13970596758920045,0.275265150016169,0.3199663599255644,0.4149711176053695,,,False,0,0.0,79598,40.0,0.06644639312545542,0.06811728937913013,0.0717842021662964,0.06445345878899832,0.01771640032529831,56.0,0.0708130415182385,0.06198503438848675,0.06948212365708356,0.0636216067363502,,,,,,-0.0016708962536747154,0.0003018428689713548,-0.003676681018064463,3.6554922898841995,3.8225004453393896,3.50008904856081,5289,0.018177139453783485,True,,,,,,0.024390243902439025,1.0,79598,0.06281407035175879,0.08341708542713568,0.08969430949705184,0.07754174934557567,0.08185900454313244,0.04796854774929374,0.07944723618090452,0.08328629879434335,0.0757705076704058,0.08341708542713568,0.09241455755355085,0.07522300175293575,200,0,0.5043403139625604,0.5120866088004012,0.49659401912471957,True,False,True,0.0429407774064675,0.040327646423276964,0.04228725053953053,0.03839713086329475,0.014024501666426659,95.0,0.0449565901143887,0.04074041665952811,0.04437864232097291,0.041452631150289035,,,,,,0.0026131309831905324,0.005002751253488046,0.00031012710537259205,1.7605718736651674,1.8195243351598893,1.6995578771618505,2.926093628796479,3.024073395803925,2.824687563468345,3418,0.014675120776681814,True,True,,,,,,
1.0,41.0,R1_D40_B,validator,41.0,0.566692264365625,0.5443835114742731,0.5816985990141205,0.5516859297171296,True,0.13991434429335464,2501697,1.96738334018868,0.13970596758920045,0.275265150016169,0.3199663599255644,0.4149711176053695,,,False,19,0.00047739892962134727,39799,40.0,0.06361968893690796,0.06811728937913013,0.0718817104409198,0.06448495020259494,0.01771640032529831,60.0,0.06877134515835036,0.058377218496331526,0.0671093487663325,0.060135674510526295,,,,,,-0.004497600442222166,-0.0010805271919512001,-0.0075330813355134274,3.8014880025394207,4.010006783378746,3.593306553307584,2532,0.016735470135486305,True,,,,,,0.024390243902439025,1.0,39799,0.1407035175879397,0.0992462311557789,0.10892517047761704,0.0903401534631828,0.1783086496505546,0.10996787403284114,0.08522613065326633,0.09087378287356716,0.07989862352380046,0.10452261306532663,0.1187349023120059,0.09183422642354536,200,0,0.5015793867158435,0.5131579229639924,0.4900008504676945,True,True,True,0.02954848111761602,0.040327646423276964,0.042310423007138276,0.03837774845274707,0.014024501666426659,112.0,0.03185992780015529,0.02695498057334765,0.031182361279940344,0.0280431978044918,,,,,,-0.010779165305660946,-0.008319141162343465,-0.013290838552342013,1.2114877258222567,1.278476812477554,1.1497711099841637,3.2967864541179557,3.479081915105003,3.128838815233764,1176,0.008962813190617048,True,True,,,,,,
1.0,41.0,R1_D40_B,gatekeeper,41.0,0.5552596773395438,0.5342942919686104,0.5693623746280533,0.5411569800510344,True,0.13991434429335464,2501697,1.96738334018868,0.13970596758920045,0.275265150016169,0.3199663599255644,0.4149711176053695,,,False,11,9.21296179971021e-05,119397,40.0,0.06807541228004053,0.06811728937913013,0.07199337546351993,0.06451859492993753,0.01771640032529831,57.0,0.07340508242688158,0.06308344276369682,0.07184092089215925,0.06442563097654558,,,,,,-4.1877099089591864e-05,0.0007643338130050092,-0.0008744291879996789,3.842507804728526,4.055051449287267,3.6364963730747584,8128,0.017716401823899504,True,,,,,,0.024390243902439025,1.0,119397,0.1390284757118928,0.09396984924623115,0.09933495935901775,0.08886591944288828,0.159812993409277,0.12055921807799172,0.08583202117323864,0.08906331705097707,0.08270731543283823,0.10887772194304858,0.11703200395963712,0.10122645967861407,200,0,0.5014669611544004,0.5079176222074784,0.4950163001013224,True,True,True,0.04008475924855733,0.040327646423276964,0.04235707789760995,0.03835955056984239,0.014024501666426659,98.0,0.04188194186718753,0.0382171316776815,0.041508949111965704,0.03871754891625846,,,,,,-0.0002428871747196328,0.001590233470709169,-0.0022236847582723534,1.6434751291908507,1.701866913590594,1.587419505566597,2.8581950155215448,2.9597451419301652,2.760707745292104,4786,0.014024501138262228,True,True,,,,,,
15.0,55.0,R15_D40_B,baseline,55.0,0.5454206163160442,0.5252271879516823,0.5590040445431552,0.5318371880889332,True,0.07053488766886423,215400,2.6526973073351905,0.0700974930362117,0.18710770659238626,0.2012121756756082,0.25720519962859795,,,False,3,5.76734529096257e-05,52017,40.0,0.05242516869484976,0.05242516869484976,0.05485334804409884,0.050150050285234324,0.01319542620331049,76.0,0.05583396061525502,0.048930387574496775,0.05482048760890536,0.04998692953449295,,,,,,0.0,0.0,0.0,3.9729806259864135,4.154507092672569,3.7882014981975383,2727,0.013195425205939335,True,,,,,,0.01818181818181818,0.06666666666666667,52017,0.075,0.07439446366782007,0.08184373759508243,0.06757330957655822,0.10088628951405154,0.055346970459187156,0.06205782836050446,0.06633520141510824,0.05803912033092029,0.07497116493656286,0.08573042846839501,0.06546551379789567,200,0,0.49917517416176593,0.5092047571233047,0.48914559120022716,True,False,True,0.029451909952515523,0.029451909952515523,0.030803577583088965,0.028142625252456047,0.0104988319799304,132.0,0.031440161835853596,0.02734034118611169,0.03085075922450525,0.02805910188553543,,,,,,0.0,0.0,0.0,1.6198550473883537,1.6967917573477886,1.5432506037044487,2.805255956897019,2.938494523067328,2.6725928076136762,1532,0.010498831623583183,True,True,,,,,,
15.0,55.0,R15_D40_B,first_hop_cred,55.0,0.543636555499184,0.5262946611396448,0.5553018543827887,0.5319712566155793,True,0.07053488766886423,215400,2.6526973073351905,0.0700974930362117,0.18710770659238626,0.2012121756756082,0.25720519962859795,0.645913835861353,0.053268747116686756,False,1,4.806121075802142e-06,208068,40.0,0.05286252571274776,0.05242516869484976,0.054788161174890604,0.0499785902928046,0.013195425271987915,76.0,0.056065536523745546,0.049613841577145774,0.05509565204167227,0.050713226991823845,0.05230144202866199,0.051892197568343824,0.05444829657032916,0.05016159760216461,134394,0.00043735701789799486,0.0011148091102928083,-0.00026896982609619653,4.0061252205009685,4.175360110174654,3.8432431089069823,10999,0.013195425205939335,True,0.05674653215636822,0.049859346202347464,0.06142428802127483,0.052224309433540825,10309,0.01818181818181818,0.06666666666666667,208068,0.07784718885151369,0.07314845965300139,0.07676574736451722,0.06968875640226169,0.09015227785069545,0.06709778902304182,0.06309475748313051,0.06521658445035589,0.06103745671158393,0.0747861193886379,0.07999933950023311,0.06988681615928202,200,0,0.5021431037026272,0.5077340130812715,0.4965521943239828,True,False,True,0.029721052732760444,0.029451909952515523,0.030890380832259385,0.0281319887411656,0.0104988319799304,132.0,0.030965416416668126,0.028524173548319404,0.03053888094743632,0.02894546944080096,0.0297929967111627,0.029443278717799903,0.030815797859550006,0.028817725517499768,134394,0.00026914278024491994,0.0014842770316628399,-0.0009417376459914672,1.6346579003018245,1.6796384521089978,1.5920008192440527,2.8308914551976443,2.908788524509511,2.75701815959994,6184,0.010498831623583183,True,True,0.08807837811620914,0.027742749054224466,0.09361458207073321,0.08246785437892516,10309,0.04954630217044428
15.0,55.0,R15_D40_B,first_hop_content,55.0,0.543636555499184,0.5262946611396448,0.5553018543827887,0.5319712566155793,True,0.07053488766886423,215400,2.6526973073351905,0.0700974930362117,0.18710770659238626,0.2012121756756082,0.25720519962859795,0.645913835861353,0.10872509189398336,False,1,4.806121075802142e-06,208068,40.0,0.05286252571274776,0.05242516869484976,0.05468593908850497,0.050055556395384816,0.013195425271987915,76.0,0.05612998378472531,0.04993566507640315,0.05509334232714274,0.050675997932251554,0.05230144202866199,0.051892197568343824,0.05454034724082645,0.05015298348004656,134394,0.00043735701789799486,0.0010889950236975664,-0.0002822833051592014,4.0061252205009685,4.175185071136997,3.8404217477919547,10999,0.013195425205939335,True,0.06278456745746465,0.05276779295470884,0.06649874718872,0.059009331031864815,20865,0.01818181818181818,0.06666666666666667,208068,0.07784718885151369,0.07314845965300139,0.07676574736451722,0.06968875640226169,0.09015227785069545,0.06709778902304182,0.06309475748313051,0.06521658445035589,0.06103745671158393,0.0747861193886379,0.07999933950023311,0.06988681615928202,200,0,0.4990934874930686,0.5044869895020776,0.4936999854840595,True,False,True,0.029721052732760444,0.029451909952515523,0.030849189106620115,0.028119022065507013,0.0104988319799304,132.0,0.03087260252205225,0.028604139953614,0.030543853928529114,0.02891352188756125,0.0297929967111627,0.029443278717799903,0.03076477026000617,0.02878128557181726,134394,0.00026914278024491994,0.0014026894879989376,-0.0009242596184025591,1.6346579003018245,1.6799119660691013,1.5902437038158688,2.8308914551976443,2.909262194463568,2.753975196879408,6184,0.010498831623583183,True,True,0.11900311526479751,0.029139707644380543,0.12347314344942428,0.11456087393991662,20865,0.10027971624661168
15.0,55.0,R15_D40_B,cred_processor,55.0,0.5435177547297684,0.523881480795028,0.556726404238297,0.5303091052212398,True,0.07053488766886423,215400,2.6526973073351905,0.0700974930362117,0.18710770659238626,0.2012121756756082,0.25720519962859795,0.6043889497664225,0.06094438347885554,False,15,7.209181613703213e-05,208068,40.0,0.052684699232943076,0.05242516869484976,0.05492437746041433,0.050071011095568226,0.013195425271987915,76.0,0.05623159836203356,0.049301802006841235,0.05507573460399666,0.05024927899628136,0.05230847527712836,0.052141482577094965,0.05475403053300276,0.04981975877964051,125754,0.0002595305380933156,0.000568180182617887,-3.408546486435778e-05,3.9926488469071386,4.173850690253373,3.808083347982138,10962,0.013195425205939335,True,0.051726920593931566,0.051484828921885085,0.05608832693177203,0.047792311859747645,12392,0.01818181818181818,0.06666666666666667,208068,0.07544449783757809,0.07463834286538185,0.07828831352392636,0.07114540663459153,0.08759056262253838,0.0648629764587899,0.06203741084645405,0.06414290737131788,0.05999659667597195,0.07430548880130732,0.07950394139732445,0.06942130791615195,200,0,0.5012417377870485,0.5078588110365135,0.4946246645375834,True,False,True,0.030057481208066592,0.029451909952515523,0.030874027774585908,0.028029598056710264,0.0104988319799304,132.0,0.03182479773647145,0.028392625728892475,0.03124402005166407,0.028900673465516006,0.029995069739332348,0.029478187572562303,0.03145951399223063,0.028580808607184947,125754,0.0006055712555510698,0.0011693748426846748,9.51574073919937e-06,1.6531614664436625,1.718421102841524,1.5895370406033804,2.862935828073426,2.975952103230387,2.75275140146046,6254,0.010498831623583183,True,True,0.03147191736604261,0.0315526145900581,0.03457899226672673,0.028256766000014397,12392,0.059557452371340136
15.0,55.0,R15_D40_B,content_server,55.0,0.5375001614962933,0.5232299307671208,0.5470992573702819,0.5279010656223048,True,0.07053488766886423,215400,2.6526973073351905,0.0700974930362117,0.18710770659238626,0.2012121756756082,0.25720519962859795,,,False,0,0.0,104034,40.0,0.05259818905357864,0.05242516869484976,0.054750865887464605,0.04992584652808271,0.01319542620331049,75.0,0.05566607602261873,0.04970407742343096,0.054603758680585424,0.05066580624670094,,,,,,0.0001730203587288771,0.0017744152819568406,-0.0014400032519496324,3.885039157816329,4.033175751011799,3.7423083336626006,5472,0.0135386509419747,True,,,,,,0.01818181818181818,0.06666666666666667,104034,0.046153846153846156,0.06132846294338172,0.06610297268134464,0.05687780528908539,0.06066157035729086,0.03498653594947769,0.061827130113811135,0.06481935844778934,0.058964321531885314,0.057477893118031524,0.06413550803678297,0.051473363954687996,200,0,0.5019827786211926,0.5104879110046452,0.4934776462377399,True,False,True,0.031951092911932634,0.029451909952515523,0.030821703264605906,0.028117065131950846,0.0104988319799304,128.0,0.03356456988014512,0.03046199687387291,0.0329118064012025,0.03091280493815758,,,,,,0.0024991829594171134,0.004089893555357585,0.0009652743014623837,1.757310110156295,1.8101493520661374,1.700204271598667,2.9072148974050465,2.9946297653672076,2.8127415636297246,3324,0.010990275586593852,True,True,,,,,,
15.0,55.0,R15_D40_B,validator,55.0,0.5328934490383642,0.511121117496042,0.5475389514020904,0.518247946674638,True,0.07053488766886423,215400,2.6526973073351905,0.0700974930362117,0.18710770659238626,0.2012121756756082,0.25720519962859795,,,False,1,1.9224484303208567e-05,52017,40.0,0.051214026183747624,0.05242516869484976,0.05484929023185868,0.05002250185695001,0.01319542620331049,81.0,0.05433473174472873,0.047658051543992816,0.053433235916100275,0.0488803402421719,,,,,,-0.0012111425111021397,0.0010908466410155914,-0.0034536024278477738,4.109711794256463,4.287794110578484,3.922443240056602,2664,0.012461707474310461,True,,,,,,0.01818181818181818,0.06666666666666667,52017,0.07884615384615384,0.06670511341791618,0.07381022962332852,0.06023946519368955,0.10521865040542813,0.05865050766760024,0.06067363888034451,0.0649079799080977,0.05669878043168473,0.06689734717416378,0.07715189025321437,0.05792023002084846,200,0,0.5005341643387963,0.5117843851659722,0.48928394351162025,True,False,True,0.020858565468981294,0.029451909952515523,0.030842754434371487,0.02802589945145017,0.0104988319799304,151.0,0.02258152560468223,0.019283556996252837,0.022018975940658634,0.019774233892036287,,,,,,-0.00859334448353423,-0.006877929273721202,-0.01031346542239205,1.1472211007939712,1.211043676736225,1.0875828640619958,3.1347283437367337,3.309120566507053,2.971769633401978,1085,0.006654026499826447,True,True,,,,,,
15.0,55.0,R15_D40_B,gatekeeper,55.0,0.5460799162583192,0.5274355884160711,0.5586213175755347,0.5335385149411037,True,0.07053488766886423,215400,2.6526973073351905,0.0700974930362117,0.18710770659238626,0.2012121756756082,0.25720519962859795,,,False,1,6.408161434402855e-06,156051,40.0,0.05269431147509468,0.05242516869484976,0.054987637938389365,0.04994697574154766,0.01319542434066534,76.0,0.05606065700874008,0.04896061000116378,0.05489133434852368,0.05049838432583082,,,,,,0.00026914278024491994,0.0010367802664983743,-0.0004273808849764003,3.9933772995338317,4.159876130692385,3.826961506560714,8223,0.013195425205939335,True,,,,,,0.01818181818181818,0.06666666666666667,156051,0.07623318385650224,0.07401473886574816,0.07822790746642559,0.07001124692085421,0.09046275418893993,0.06408418566716043,0.06244072488657627,0.06488498852797138,0.060082622291237876,0.07638087914904523,0.08248482895471856,0.0706938240419491,200,0,0.5031781806624209,0.5096172265197785,0.49673913480506343,True,False,True,0.030323419907594313,0.029451909952515523,0.030836258935648425,0.028063344648632537,0.010498831048607826,132.0,0.03182081524054106,0.028756079652179526,0.03136665713242629,0.02927310934405587,,,,,,0.0008715099550787883,0.0021452894280304547,-0.0004675202502789194,1.6677880949176873,1.7251661422834461,1.6100210139230728,2.888266141870473,2.987633125001109,2.788225432466279,4732,0.010498831623583183,True,True,,,,,,
50.0,90.0,R50_D40_B,baseline,90.0,0.5551889398384444,0.543071138863749,0.5633401698742854,0.5470377098026035,True,0.01352735995375114,215400,4.304354688950789,0.01350974930362117,0.05822655524605385,0.05902395406842675,0.07173630454967503,,,False,0,0.0,172224,40.0,0.038165412486064657,0.038165412486064657,0.03925063253258566,0.03707557615620717,0.008104855194687843,124.0,0.039849202892404234,0.0366793527283284,0.03921885777200273,0.03710755717063478,,,,,,0.0,0.0,0.0,4.708956663519991,4.838933725884588,4.5784354792290465,6573,0.00810485532426532,True,,,,,,0.011111111111111112,0.02,172224,0.07259001161440186,0.05574265474393218,0.05926923384115002,0.05241421938345681,0.08581941598907725,0.061263305615113235,0.047589186176142696,0.04964079475611848,0.04561829863240218,0.06166531181047497,0.06694406272278866,0.056777478052565285,200,0,0.5033075735141086,0.5103011419145724,0.4963140051136448,True,True,True,0.019004319955406912,0.019004319955406912,0.019617818480126156,0.01841157742180095,0.006505744997411966,214.0,0.01986423276404966,0.018060291062633117,0.01962460178636061,0.018384559305842985,,,,,,0.0,0.0,0.0,1.710388795986622,1.7662141607724549,1.6546103375258685,2.9211598600349014,3.016503570872362,2.8258962601490123,3273,0.006505744589815038,True,True,,,,,,
50.0,90.0,R50_D40_B,first_hop_cred,90.0,0.5546033669457642,0.5440348434749767,0.5617124510221132,0.5474942828694151,True,0.01352735995375114,215400,4.304354688950789,0.01350974930362117,0.05822655524605385,0.05902395406842675,0.07173630454967503,0.7854015700483091,0.051009130225852954,False,0,0.0,688896,40.0,0.03806960702341137,0.038165412486064657,0.03923253456465849,0.0371043032812564,0.008104855194687843,124.0,0.03942852076758703,0.03662608666557592,0.03902269833432568,0.03712079780701732,0.038034598750600675,0.03816397442058182,0.03899066448441965,0.037115743800941174,541060,-9.580546265328874e-05,0.00021102850536750114,-0.00041107390743230483,4.697135914250543,4.814731019009641,4.580069146438737,26226,0.00810485532426532,True,0.041132838840188805,0.037585388020756984,0.04325069167497323,0.039000086224685315,34109,0.011111111111111112,0.02,688896,0.0717085208303092,0.055160400638699376,0.05689009545059371,0.0534803135411254,0.0780427182016296,0.0658517068691002,0.04790853771832033,0.04892732577881725,0.0469099170212512,0.05997967774713311,0.06253667062782138,0.057520819948881405,200,0,0.5019087295817263,0.5059339860056548,0.49788347315779785,True,True,True,0.019097222222222224,0.019004319955406912,0.01962338058835039,0.018397789251729968,0.006505744531750679,214.0,0.019645811146349862,0.01855367115832316,0.019473003765001162,0.018747096503881847,0.019092152441503717,0.018962776771522565,0.019474132736441666,0.018712079906935727,541060,9.29022668153103e-05,0.0006794365490710398,-0.0005096777863960162,1.7187500000000002,1.7525703388501046,1.6872386853493662,2.9354398960142962,2.993201392425827,2.8816219642607948,13156,0.006505744589815038,True,True,0.06760678999677504,0.019144507314784953,0.07011751775874797,0.06511993187429453,34109,0.049512553418803416
50.0,90.0,R50_D40_B,first_hop_content,90.0,0.5546033669457642,0.5440348434749767,0.5617124510221132,0.5474942828694151,True,0.01352735995375114,215400,4.304354688950789,0.01350974930362117,0.05822655524605385,0.05902395406842675,0.07173630454967503,0.7854015700483091,0.1039256274719994,False,0,0.0,688896,40.0,0.03806960702341137,0.038165412486064657,0.039237089678361065,0.03717276671548579,0.008104855194687843,124.0,0.03948178326702893,0.03665898729883207,0.03906004123068967,0.03713397777938389,0.038034598750600675,0.03816397442058182,0.03894512904510537,0.03707605597367112,541060,-9.580546265328874e-05,0.00023646916317180523,-0.0004052439794725007,4.697135914250543,4.819338491304944,4.581695328750358,26226,0.00810485532426532,True,0.04743410717402688,0.03847384651189853,0.04914145479139535,0.045740336756262386,68748,0.011111111111111112,0.02,688896,0.0717085208303092,0.055160400638699376,0.05689009545059371,0.0534803135411254,0.0780427182016296,0.0658517068691002,0.04790853771832033,0.04892732577881725,0.0469099170212512,0.05997967774713311,0.06253667062782138,0.057520819948881405,200,0,0.502439484783342,0.5062947118294135,0.49858425773727044,True,True,True,0.019097222222222224,0.019004319955406912,0.019627215764029777,0.018358881485513717,0.006505744531750679,214.0,0.01959915181194609,0.018570315831003062,0.01946446943238095,0.01874857047499635,0.019092152441503717,0.018962776771522565,0.01947835353800554,0.018717025494888316,541060,9.29022668153103e-05,0.0006474076739111993,-0.0004968785785168991,1.7187500000000002,1.7518022489142853,1.6873713427496715,2.9354398960142962,2.9918895775363255,2.88184852881373,13156,0.006505744589815038,True,True,0.0910426485134113,0.01947693023797056,0.0933173995131335,0.08892597349218888,68748,0.09979445373467112
50.0,90.0,R50_D40_B,cred_processor,90.0,0.5551635384426827,0.5431829682125189,0.5632224580528118,0.5471046188325537,True,0.01352735995375114,215400,4.304354688950789,0.01350974930362117,0.05822655524605385,0.05902395406842675,0.07173630454967503,0.5922969504830918,0.060291987618587804,False,0,0.0,688896,40.0,0.03814799331103679,0.038165412486064657,0.03919557348289693,0.03712238631207745,0.008104855194687843,124.0,0.039727355951047184,0.0366959943814523,0.03923331404500085,0.037140563712696646,0.03839904320995219,0.03836718288561408,0.03950979547382222,0.03727246254460307,408031,-1.741917502787068e-05,0.00010303069538843467,-0.00013809030544005107,4.706807436380092,4.840717381782163,4.582507919851527,26280,0.00810485532426532,True,0.03772797564986868,0.0375070571197133,0.03963749841469978,0.03584089083871444,40739,0.011111111111111112,0.02,688896,0.07214399767745681,0.055842647699230655,0.057582193397402906,0.054152633632410144,0.07849496312891363,0.06626993024372696,0.04770531400966183,0.048722072581175155,0.04670873186718964,0.06183771229496299,0.06443051105030774,0.05934263423579968,200,0,0.5010076344876033,0.5048420232173473,0.49717324575785937,True,True,True,0.01894915923448532,0.019004319955406912,0.019612435711634207,0.018378232317269164,0.006505744531750679,214.0,0.019813932884749107,0.018164713008727722,0.019504320823610127,0.01838655202392518,0.018834353272177848,0.018971597746249673,0.019437661630216426,0.018223593533100577,408031,-5.5160720921590485e-05,0.00017854805706039645,-0.00030567881366747697,1.7054243311036787,1.7553888741249113,1.6547896821532664,2.9126810886721355,2.9980151471277856,2.8262025614577535,13054,0.006505744589815038,True,True,0.018679889049804856,0.019023540096713223,0.019904684005606955,0.017450516239237938,40739,0.05913664762170197
50.0,90.0,R50_D40_B,content_server,90.0,0.5374667067215042,0.5281128303035194,0.5437587392915258,0.5311746741514826,True,0.01352735995375114,215400,4.304354688950789,0.01350974930362117,0.05822655524605385,0.05902395406842675,0.07173630454967503,,,False,0,0.0,344448,40.0,0.03706510126347083,0.038165412486064657,0.03923340107426181,0.03711513125906685,0.008104855194687843,122.0,0.038195779735131045,0.036007324969351134,0.03784547610811595,0.03630399370298551,,,,,,-0.0011003112225938313,-0.0003551414790450464,-0.0018547562188351372,4.455876711338731,4.549691485286098,4.364378203632434,12767,0.008318251079333596,True,,,,,,0.011111111111111112,0.02,344448,0.029907084785133566,0.04168965016693279,0.043852083127549034,0.03962943140345209,0.036140412463935206,0.024721277763685847,0.042955685618729096,0.04433042727026604,0.04162171966846118,0.03768435721751248,0.04063311231947834,0.034941800054632176,200,0,0.49975504132062054,0.5049027702496389,0.4946073123916021,True,False,True,0.01939915458937198,0.019004319955406912,0.01965002813619337,0.01839592889536387,0.006505744531750679,207.0,0.02006760435430051,0.01866819675840713,0.019873469779477772,0.018953241894599876,,,,,,0.00039483463396506875,0.001125259287031347,-0.00038036873847354535,1.7459239130434783,1.7886122801529996,1.705791770513989,2.8488865590891663,2.9185426960944625,2.7834015052528795,6682,0.006809381204555296,True,True,,,,,,
50.0,90.0,R50_D40_B,validator,90.0,0.5507773138844092,0.5377881648007212,0.5595146699750125,0.5420399577938059,True,0.01352735995375114,215400,4.304354688950789,0.01350974930362117,0.05822655524605385,0.05902395406842675,0.07173630454967503,,,False,0,0.0,172224,40.0,0.03507641211445559,0.038165412486064657,0.039214056848386074,0.03703349713150303,0.008104855194687843,131.0,0.03649677602437233,0.033697555255877754,0.0360129424471644,0.034085767000894225,,,,,,-0.0030890003716090675,-0.0021202590695912965,-0.004090756925915735,4.584250233239416,4.706648424426901,4.454779605568532,6041,0.007651504680116291,True,,,,,,0.011111111111111112,0.02,172224,0.05574912891986063,0.049529671350598076,0.05287179656613049,0.04638846093177826,0.06760759823816459,0.04586832842923448,0.04345503530286139,0.04542187755944107,0.041569651715067414,0.051561955638137265,0.05643594867649893,0.04708789016414996,200,0,0.50016998759302,0.5079267541772139,0.49241322100882606,True,True,True,0.012959866220735786,0.019004319955406912,0.01966520315276886,0.018360571381289745,0.006505744997411966,245.0,0.013686765972996753,0.012230303730612182,0.013458779288083807,0.01246981000342554,,,,,,-0.006044453734671126,-0.005228474361794553,-0.006875901626589672,1.1663879598662208,1.2112901359275428,1.1222829003082986,3.162342745866719,3.2840827463014266,3.042763909366202,2232,0.004098185194402073,True,True,,,,,,
50.0,90.0,R50_D40_B,gatekeeper,90.0,0.5563063891549165,0.5446842365557453,0.5641242134899851,0.5484885648198479,True,0.01352735995375114,215400,4.304354688950789,0.01350974930362117,0.05822655524605385,0.05902395406842675,0.07173630454967503,,,False,0,0.0,516672,40.0,0.03806670382757339,0.038165412486064657,0.0391950489386347,0.037089473177213755,0.008104855194687843,124.0,0.03945259643792318,0.03670401669522577,0.03907282156090643,0.03706218270655848,,,,,,-9.870865849126719e-05,0.00022254015501487888,-0.00042230540796452234,4.696777709727227,4.820915364636476,4.57283704936683,19668,0.00810485532426532,True,,,,,,0.011111111111111112,0.02,516672,0.07470485775111284,0.05529641744246811,0.057300461080210176,0.053358496610222496,0.0821938612013751,0.06784776451840459,0.04775176514306949,0.04892816989072119,0.04660225933796306,0.0598436169389177,0.06280200188106327,0.05701611310175063,200,0,0.5035440037710639,0.5077610773835076,0.4993269301586201,True,True,True,0.019073996655518396,0.019004319955406912,0.01960524424513118,0.018398212885541172,0.006505744531750679,214.0,0.019738400005818463,0.01844519159169057,0.019481561377087918,0.018648656823521285,,,,,,6.967670011148272e-05,0.0006914653436673594,-0.0005273934477273933,1.7166596989966556,1.7533405239379125,1.6783791141169158,2.9318698870194475,2.9945167856092842,2.8664907707438108,9855,0.006505744589815038,True,True,,,,,,
