R,T,cell,vantage,L,auc,auc_adj_lo,auc_hi,auc_lo,bundle,bundle_alone_share,bundle_bundles,bundle_mean,bundle_p0,bundle_p1,bundle_p1_nonempty,bundle_p_lt2,claim_rate,claims_on_own_records,control,coverage_p50,decoys,dev_accuracy,dev_baseline,dev_baseline_hi,dev_baseline_lo,dev_baseline_random,dev_candidates_median,dev_ci_adj_hi,dev_ci_adj_lo,dev_ci_hi,dev_ci_lo,dev_claimed,dev_claimed_baseline,dev_claimed_hi,dev_claimed_lo,dev_claimed_n,dev_contribution,dev_contribution_hi,dev_contribution_lo,dev_lift_random,dev_lift_random_hi,dev_lift_random_lo,dev_n_correct,dev_random,dev_signal_random,dev_took_part,dev_took_part_baseline,dev_took_part_hi,dev_took_part_lo,dev_took_part_n,inv_L,inv_R,n,p_at_1,p_at_1_hi,p_at_1_lo,p_at_5,p_at_5_hi,p_at_5_lo,runs,runs_needed,shuffle_auc,shuffle_auc_hi,shuffle_auc_lo,signal,signal_auc,stable,sub_accuracy,sub_baseline,sub_baseline_hi,sub_baseline_lo,sub_baseline_random,sub_candidates_median,sub_ci_adj_hi,sub_ci_adj_lo,sub_ci_hi,sub_ci_lo,sub_claimed,sub_claimed_baseline,sub_claimed_hi,sub_claimed_lo,sub_claimed_n,sub_contribution,sub_contribution_hi,sub_contribution_lo,sub_lift,sub_lift_hi,sub_lift_lo,sub_lift_random,sub_lift_random_hi,sub_lift_random_lo,sub_n_correct,sub_random,sub_signal_L,sub_signal_random,sub_took_part,sub_took_part_baseline,sub_took_part_hi,sub_took_part_lo,sub_took_part_n,took_part_rate
1.0,21.0,R1_D20_B,baseline,21.0,0.5913905907144723,0.5782246224309501,0.6002468870299243,0.5825342943990203,True,0.36495341388935043,2501697,1.0080713211871781,0.36492388966369627,0.36789907011120854,0.5792991802453221,0.7328229597749047,,,False,0.0,20.0,0.14346128822381263,0.14346128822381263,0.14778487848352714,0.13922450740702627,0.04073485732078552,25.0,0.15041453871646304,0.13670553185319745,0.14788254382535268,0.13888672666985927,,,,,,0.0,0.0,0.0,3.521830803027521,3.630368195646425,3.4095299029692137,5733,0.04073486099913914,True,,,,,,0.047619047619047616,1.0,39962,0.3075,0.3543748355874003,0.2642873977313039,0.24374374374374375,0.26304956508565586,0.2254214147274763,200,0,0.5015649971910954,0.5098643283129815,0.49326566606920935,True,True,True,0.10234722986837495,0.10234722986837495,0.10543441355236437,0.09940444239069465,0.03220413997769356,39.0,0.10655419572321698,0.098304600387106,0.10531197117384512,0.0992630537200293,,,,,,0.0,0.0,0.0,2.149291827235874,2.2115513946507477,2.0845241281206155,3.178076541362976,3.2701374091191635,3.082306994115882,4090,0.03220414251712184,True,True,,,,,,
1.0,21.0,R1_D20_B,first_hop_cred,21.0,0.591724820684751,0.5789113755767687,0.6003439867236131,0.5831056546458888,True,0.36495341388935043,2501697,1.0080713211871781,0.36492388966369627,0.36789907011120854,0.5792991802453221,0.7328229597749047,0.29112657024172967,0.07291129448169159,False,0.0,20.0,0.14365522246133827,0.14346128822381263,0.1478950672138292,0.13921055933949242,0.04073486104607582,25.0,0.14985012819595572,0.13722997039724982,0.14775829600954885,0.1393353212338431,0.14047189272821042,0.14038593776860925,0.14529798758496773,0.13573227058788326,46536,0.00019393423752564937,0.0009204225520653894,-0.0005181988140924362,3.5265916941357474,3.62731803632941,3.420542449789818,22963,0.04073486099913914,True,0.16743894802755166,0.14339386349405134,0.17552873068562022,0.15913594029394865,7985,0.047619047619047616,1.0,159848,0.29411764705882354,0.316930209027168,0.2722925593206859,0.2436186186186186,0.2531515594214868,0.23433202550136709,200,0,0.5044950486126837,0.5083504081519306,0.5006396890734368,True,True,True,0.10190931384815574,0.10234722986837495,0.10531746755344754,0.09939922779567388,0.03220413997769356,39.0,0.10516329966113251,0.09852232554400796,0.1043201888195524,0.09952924569980763,0.09796716520543235,0.09914904589994843,0.10080391007353452,0.09491357895286776,46536,-0.00043791602021920825,0.0008446963038613874,-0.001762095004728083,2.1400955908112707,2.1907239652106005,2.0901141596959603,3.164478414352254,3.239340676873757,3.090572762398233,16290,0.03220414251712184,True,True,0.1942391984971822,0.10644959298685035,0.20355667678949707,0.1856516395649184,7985,0.04995370602071968
1.0,21.0,R1_D20_B,first_hop_content,21.0,0.591724820684751,0.5789113755767687,0.6003439867236131,0.5831056546458888,True,0.36495341388935043,2501697,1.0080713211871781,0.36492388966369627,0.36789907011120854,0.5792991802453221,0.7328229597749047,0.29112657024172967,0.13956936565239814,False,0.0,20.0,0.14365522246133827,0.14346128822381263,0.14782995768275303,0.13929666824967135,0.04073486104607582,25.0,0.1502826646156266,0.13717397828816189,0.14776696552143326,0.13946717799546376,0.14047189272821042,0.14038593776860925,0.14536042639069377,0.13568056285755617,46536,0.00019393423752564937,0.0009545445506904609,-0.0005684183810817944,3.5265916941357474,3.62753086415481,3.4237794010985128,22963,0.04073486099913914,True,0.15117874516652113,0.13995260072346263,0.15749681531859364,0.14500351339185225,16034,0.047619047619047616,1.0,159848,0.29411764705882354,0.316930209027168,0.2722925593206859,0.2436186186186186,0.2531515594214868,0.23433202550136709,200,0,0.49966488999915787,0.502970775913064,0.49635900408525163,True,True,True,0.10190931384815574,0.10234722986837495,0.10523430232331174,0.09942274641545003,0.03220413997769356,39.0,0.10559659303150891,0.09844966178968474,0.10419222786596909,0.09965115951685655,0.09796716520543235,0.09914904589994843,0.1009951356223031,0.09497483768250564,46536,-0.00043791602021920825,0.000894166917047013,-0.0017435125885283894,2.1400955908112707,2.188036785185351,2.0926743498539873,3.164478414352254,3.2353672453962603,3.0943584187616677,16290,0.03220414251712184,True,True,0.1724460521392042,0.10459024572782837,0.17857417838798026,0.16657076278231203,16034,0.10030779240278265
1.0,21.0,R1_D20_B,cred_processor,21.0,0.5918888891238482,0.5788808026447231,0.6006389837523108,0.5831387944953855,True,0.36495341388935043,2501697,1.0080713211871781,0.36492388966369627,0.36789907011120854,0.5792991802453221,0.7328229597749047,0.42164431209649167,0.11058027567174587,False,0.0,20.0,0.14324233021370303,0.14346128822381263,0.1477989273610443,0.13906889579101872,0.04073486104607582,25.0,0.14926814304843503,0.13697399881211364,0.14752299958555926,0.13892394539898206,0.1401356103206279,0.14029881748987375,0.144856115230794,0.13541939548902793,67399,-0.00021895801010960413,0.00032559543282670327,-0.000774308961159783,3.5164556033892005,3.621541745009929,3.4104435854566435,22897,0.04073486099913914,True,0.14302313298827507,0.14281187282137953,0.1504918472563255,0.1356561758278372,9467,0.047619047619047616,1.0,159848,0.30037546933667086,0.3233086169528872,0.2783997815363693,0.2414914914914915,0.25099746644462134,0.2322339081042396,200,0,0.5001759451489,0.5046566902736705,0.4956952000241293,True,True,True,0.10219708723287123,0.10234722986837495,0.10532881003837932,0.09956806674917748,0.03220413997769356,39.0,0.10635450046817965,0.09850865093345554,0.10494587469746643,0.099390863102243,0.09874033739372988,0.09869582634757192,0.10161097363162265,0.0958342216816969,67399,-0.00015014263550372855,0.0009061246773523756,-0.0011577347335012744,2.146138831890296,2.203863368646795,2.087208125147103,3.1734143263878716,3.2587694158187968,3.086275719013486,16336,0.03220414251712184,True,True,0.10256681102778072,0.1044681525298405,0.10935565716009042,0.09671856504647865,9467,0.05922501376307492
1.0,21.0,R1_D20_B,content_server,21.0,0.5851023812322901,0.5748605598253187,0.5919917040102889,0.5782130584542913,True,0.36495341388935043,2501697,1.0080713211871781,0.36492388966369627,0.36789907011120854,0.5792991802453221,0.7328229597749047,,,False,0.0,20.0,0.161503428256844,0.14346128822381263,0.14769401189566067,0.13899419970009322,0.04073485732078552,21.0,0.16675701978723853,0.15588079215851872,0.16525033415690613,0.15784022498208072,,,,,,0.01804214003303138,0.020841927398316244,0.015201744976174077,3.34732120568022,3.4249796040828855,3.271397628486355,12908,0.04824856006731041,True,,,,,,0.047619047619047616,1.0,79924,0.2453066332916145,0.2763129901604175,0.21673760466331218,0.2414914914914915,0.2550055782298551,0.22847394932893583,200,0,0.5050196526291479,0.5107699028512316,0.49926940240706424,True,True,True,0.12565687403032882,0.10234722986837495,0.10541836160305966,0.09943869545091172,0.03220413997769356,30.0,0.1294202059402142,0.12219211672347347,0.12801792301194667,0.12316151032978724,,,,,,0.023309644161953857,0.026562048809177688,0.01978764939774689,2.6387943546369055,2.6883763832508802,2.586391716925532,3.0036406410164416,3.0600780045219684,2.9439926839675112,10043,0.041834856112416344,True,True,,,,,,
1.0,21.0,R1_D20_B,validator,21.0,0.5989191768101457,0.5866232866788246,0.6071902013273103,0.5906481522929812,True,0.36495341388935043,2501697,1.0080713211871781,0.36492388966369627,0.36789907011120854,0.5792991802453221,0.7328229597749047,,,False,0.001426355037285421,20.0,0.16272959311345778,0.14346128822381263,0.14773029568397392,0.13884876759182538,0.04073485732078552,21.0,0.16923095657886034,0.1562044767891472,0.1677306585851916,0.15820252293928683,,,,,,0.019268304889645163,0.02329823874356447,0.015155725570954364,3.307744611671149,3.4093994308730173,3.215724520618437,6503,0.04919654091167668,True,,,,,,0.047619047619047616,1.0,39962,0.3575,0.40561822151993315,0.3120927823653414,0.2897897897897898,0.3100704891494651,0.27031586147849485,200,0,0.4963118108241081,0.504171164471257,0.4884524571769592,True,True,True,0.10882838696761923,0.10234722986837495,0.10525015023787235,0.09951751559601123,0.03220413997769356,29.0,0.1131168959206114,0.10457369184300803,0.11153585703500668,0.1059854097972026,,,,,,0.0064811570992442825,0.010683144931983371,0.002207424241661273,2.2853961263200038,2.34225299773514,2.2256936057412546,3.0840596844643313,3.1607859827619254,3.003493285205439,4349,0.03528738030454867,True,True,,,,,,
1.0,21.0,R1_D20_B,gatekeeper,21.0,0.5891823279326005,0.5770684185702936,0.5973309402139616,0.5810337156512394,True,0.36495341388935043,2501697,1.0080713211871781,0.36492388966369627,0.36789907011120854,0.5792991802453221,0.7328229597749047,,,False,0.0,20.0,0.1434779707388686,0.14346128822381263,0.14788373976096894,0.13910797514212,0.04073486104607582,25.0,0.15000327134479435,0.1369720388623454,0.1477519783578303,0.1392537028463575,,,,,,1.668251505596984e-05,0.0014481539917991265,-0.0014601867505105604,3.522240342047583,3.6271629443132944,3.4185388002011443,17201,0.04073486099913914,True,,,,,,0.047619047619047616,1.0,119886,0.2910758965804837,0.31742303998031124,0.2660632155639587,0.24391057724391058,0.25494390512740883,0.23320528636462023,200,0,0.4997562100245466,0.5045140813845614,0.49499833866453175,True,True,True,0.1007790734531138,0.10234722986837495,0.10524351684038338,0.09934934431053903,0.032204143702983856,39.0,0.10404064891217334,0.09744345342605727,0.10290727148925734,0.09849903766944834,,,,,,-0.0015681564152611647,0.0013071678886872789,-0.004339634477076186,2.1163605425153897,2.161052701274404,2.068479791058415,3.129382296067439,3.195466901021974,3.0585828396790804,12082,0.03220414251712184,True,True,,,,,,
1.0,41.0,R1_D40_B,baseline,41.0,0.5670006793585897,0.5499965026689918,0.5784388071225656,0.5555625515946138,True,0.13957661820771286,2501697,1.9674784756107555,0.14006092664299474,0.2746139920222153,0.3193412190821673,0.41467491866521006,,,False,0.0,40.0,0.08653220559531555,0.08653220559531555,0.09023294213451931,0.082683685057902,0.020789381116628647,49.0,0.09216986779239095,0.08111662081726953,0.09028493600537153,0.08283689638515725,,,,,,0.0,0.0,0.0,4.162326964331978,4.342838842749766,3.984577130484927,3458,0.020789382078061545,True,,,,,,0.024390243902439025,1.0,39962,0.1475,0.18560009414728573,0.1161060733583933,0.13513513513513514,0.15082750674268955,0.12084308756155518,200,0,0.5116910660939001,0.5211937380962881,0.5021883940915122,True,True,True,0.053275611831239675,0.053275611831239675,0.05547428492644307,0.0510259253134505,0.01653696596622467,74.0,0.05673743228785106,0.04995608299778435,0.055518164062746476,0.051207889006756546,,,,,,0.0,0.0,0.0,2.1843000850808267,2.2762447265726053,2.0995234492770183,3.2216073346723437,3.357215776679419,3.0965709289239602,2129,0.016536966270800386,True,True,,,,,,
1.0,41.0,R1_D40_B,first_hop_cred,41.0,0.5674637915667561,0.5512220534366103,0.5783890530029827,0.5565385301305295,True,0.13957661820771286,2501697,1.9674784756107555,0.14006092664299474,0.2746139920222153,0.3193412190821673,0.41467491866521006,0.4196611781192133,0.06094034167138726,False,0.0,40.0,0.08663230068565136,0.08653220559531555,0.0901790860299275,0.08288487933037246,0.020789381116628647,49.0,0.09164424321896004,0.08153771393659197,0.09018565692413942,0.08315716644760816,0.08380787692674636,0.08388241256969083,0.08765263967349768,0.0800248471412936,67082,0.00010009509033581902,0.0007413399985797753,-0.0005453029246777093,4.167141686095231,4.33806337223028,3.9999825937761564,13848,0.020789382078061545,True,0.09981214777708203,0.08804007514088917,0.10657620128320267,0.09272179289936348,7985,0.024390243902439025,1.0,159848,0.14893617021276595,0.16723329075007612,0.13232285831723697,0.1315065065065065,0.1390931791393625,0.12427390607186475,200,0,0.4988340542227551,0.5038006896798978,0.49386741876561246,True,True,True,0.05331314749011561,0.053275611831239675,0.055502682455799174,0.05119166632785702,0.01653696596622467,74.0,0.05553421479104291,0.05087323324273147,0.054971386164060186,0.05174231253803661,0.05166810768909692,0.05207060016099699,0.05339116072068321,0.04988054027297191,67082,3.753565887593214e-05,0.0012827243685450231,-0.001263860263643596,2.18583904709474,2.2538268327264674,2.121434814059501,3.2238771378672753,3.324151798091536,3.128887831705802,8522,0.016536966270800386,True,True,0.14226675015654353,0.05572949279899812,0.15031100886230336,0.1344930256797686,7985,0.04995370602071968
1.0,41.0,R1_D40_B,first_hop_content,41.0,0.5674637915667561,0.5512220534366103,0.5783890530029827,0.5565385301305295,True,0.13957661820771286,2501697,1.9674784756107555,0.14006092664299474,0.2746139920222153,0.3193412190821673,0.41467491866521006,0.4196611781192133,0.12034524909811872,False,0.0,40.0,0.08663230068565136,0.08653220559531555,0.09032328319184615,0.0828280941823621,0.020789381116628647,49.0,0.09221443192929321,0.08141008919361534,0.0901894217724559,0.08310487567975493,0.08380787692674636,0.08388241256969083,0.08762157812701696,0.07984499025777574,67082,0.00010009509033581902,0.000789420037984933,-0.0005302211869097556,4.167141686095231,4.338244466997905,3.997467330568386,13848,0.020789382078061545,True,0.09311463140825746,0.08887364350754647,0.09873430029563128,0.08759037321995618,16034,0.024390243902439025,1.0,159848,0.14893617021276595,0.16723329075007612,0.13232285831723697,0.1315065065065065,0.1390931791393625,0.12427390607186475,200,0,0.5015277449688595,0.506741774121695,0.49631371581602407,True,True,True,0.05331314749011561,0.053275611831239675,0.0555238357778082,0.05107025538706807,0.01653696596622467,74.0,0.055641003862907865,0.05086986982507405,0.0549875471622579,0.0518052401973816,0.05166810768909692,0.05207060016099699,0.053299459498212444,0.04988035034325776,67082,3.753565887593214e-05,0.0012309915857397988,-0.0011558145288275356,2.18583904709474,2.254489433652574,2.1240148480926457,3.2238771378672753,3.325129063082773,3.1326931039857673,8522,0.016536966270800386,True,True,0.12604465510789573,0.052201571660222025,0.13097030102927168,0.12131911299993892,16034,0.10030779240278265
1.0,41.0,R1_D40_B,cred_processor,41.0,0.5671186936018577,0.5498686641214947,0.5787221981249226,0.5555151890787928,True,0.13957661820771286,2501697,1.9674784756107555,0.14006092664299474,0.2746139920222153,0.3193412190821673,0.41467491866521006,0.5156836494669936,0.08529558054615376,False,0.0,40.0,0.08638206295981182,0.08653220559531555,0.0902421685195264,0.08288575518437481,0.020789381116628647,49.0,0.09152855798576741,0.08081432342812365,0.09015111735242033,0.08267157278677957,0.08650871638097318,0.0868969198481154,0.09027981020731911,0.08246411198486267,82431,-0.00015014263550372855,0.00026427260910943197,-0.0005673490232310413,4.155104881687099,4.3364019677888495,3.976624821091752,13808,0.020789382078061545,True,0.08735607901130242,0.08788422942854125,0.09355142335665029,0.08163469985558049,9467,0.024390243902439025,1.0,159848,0.14580725907384232,0.16395999900039954,0.12935333499621227,0.13438438438438438,0.14203781984565123,0.12708225587156646,200,0,0.5044330165738177,0.5094561436586686,0.49940988948896675,True,True,True,0.05266878534607877,0.053275611831239675,0.05542959980090725,0.05098822106580759,0.01653696596622467,74.0,0.055203004764450544,0.04975017391040841,0.05461910658655136,0.05084817200464708,0.052771408814644975,0.05379044291589329,0.054849248877458415,0.050529078563665404,82431,-0.0006068264851609029,0.000328911218070437,-0.0015465435360510228,2.1594201991892295,2.2393833700486057,2.08477505219053,3.184912183020956,3.302849246478375,3.074818631905333,8419,0.016536966270800386,True,True,0.04932924897010669,0.049963029470793285,0.0541080111473209,0.04472600764544416,9467,0.05922501376307492
1.0,41.0,R1_D40_B,content_server,41.0,0.5669153293678143,0.5537224893924918,0.5757897013507719,0.5580409573848567,True,0.13957661820771286,2501697,1.9674784756107555,0.14006092664299474,0.2746139920222153,0.3193412190821673,0.41467491866521006,,,False,0.0,40.0,0.09480256243431259,0.08653220559531555,0.09013003371248214,0.08294183362404187,0.020789381116628647,42.0,0.09934530484401188,0.09041666246998148,0.09800047514113697,0.09174292030919759,,,,,,0.008270356838997047,0.010609989827490797,0.005908723400635912,3.845440883907781,3.9751566210168,3.721333764691505,7577,0.02465323620785275,True,,,,,,0.024390243902439025,1.0,79924,0.10513141426783479,0.1283215131955568,0.08572007239111012,0.13438438438438438,0.14531107762029974,0.12415996764920025,200,0,0.5059809580007958,0.5128152503438733,0.49914666565771826,True,True,True,0.06562484360142135,0.053275611831239675,0.055423732897525016,0.051078554112368245,0.01653696596622467,59.0,0.06820800162261972,0.06311037056054782,0.06734589644251422,0.06385942591872958,,,,,,0.012349231770181672,0.015084391989240036,0.00953382007556168,2.690618587658275,2.761181754143083,2.6182364626679124,3.051784123187236,3.1318190832324557,2.9696860432656247,5245,0.021503763356919156,True,True,,,,,,
1.0,41.0,R1_D40_B,validator,41.0,0.5727186609196003,0.5561077702800732,0.5838922386162242,0.5615450832229765,True,0.13957661820771286,2501697,1.9674784756107555,0.14006092664299474,0.2746139920222153,0.3193412190821673,0.41467491866521006,,,False,0.0,40.0,0.09846854511786197,0.08653220559531555,0.09033304471432171,0.08262712511261916,0.020789381116628647,40.0,0.10372237028734262,0.09267171880304026,0.10209375635022236,0.0946058841027884,,,,,,0.011936339522546418,0.014975468393100145,0.008989478254839584,3.919824848925818,4.064136852867811,3.7660604705475302,3935,0.025120649241469586,True,,,,,,0.024390243902439025,1.0,39962,0.1875,0.2286560293976321,0.15228915456130324,0.16466466466466467,0.18156755164082983,0.14904876959901103,200,0,0.5057597490855458,0.5164462165165778,0.4950732816545137,True,True,True,0.05640358340423402,0.053275611831239675,0.05539454923572644,0.051035733853374156,0.01653696596622467,56.0,0.05995992212317977,0.053039274114170476,0.05867794776690592,0.0541632627536033,,,,,,0.0031279715729943445,0.0062921598357037435,-5.070564866944975e-05,2.312546919573595,2.4057958584431427,2.2206937728977354,3.120116731729459,3.2459293463494214,2.9961873370955145,2254,0.018077395255968486,True,True,,,,,,
1.0,41.0,R1_D40_B,gatekeeper,41.0,0.5637125026808305,0.5469628861236009,0.5749793965549925,0.5524456088066685,True,0.13957661820771286,2501697,1.9674784756107555,0.14006092664299474,0.2746139920222153,0.3193412190821673,0.41467491866521006,,,False,0.0,40.0,0.08614850774902824,0.08653220559531555,0.0901463534511855,0.08295908800378989,0.020789382979273796,49.0,0.09095540804519352,0.0809105344722749,0.08955261905328395,0.08277013855868763,,,,,,-0.00038369784628730625,0.0007105088261629325,-0.0015421074950492453,4.1438705309061765,4.307613315154101,3.98136598037864,10328,0.020789382078061545,True,,,,,,0.024390243902439025,1.0,119886,0.14678899082568808,0.16794829883512108,0.1278857499592836,0.1359693026359693,0.14487991111536766,0.12752499822379024,200,0,0.5035212691970408,0.5092120119825834,0.49783052641149816,True,True,True,0.05315883422584789,0.053275611831239675,0.05536905075272481,0.05116370639014799,0.01653696596622467,74.0,0.055670053507894106,0.050667368705005475,0.05464357730744455,0.05154576426247759,,,,,,-0.00011677760539178886,0.001956510552328866,-0.002224682544914036,2.1795122032597636,2.2403866696052264,2.1133763347615813,3.2145457247325577,3.3043290052498735,3.117002442793444,6373,0.016536966270800386,True,True,,,,,,
1.0,61.0,R1_D60_B,baseline,61.0,0.5610130705957532,0.5396654160057868,0.5753729073063796,0.5466532338851269,True,0.05351090319152409,2501697,2.927008746462901,0.05356843774445906,0.15662688167272057,0.16549203124571046,0.21019531941717962,,,False,0.0,60.0,0.0602322206095791,0.0602322206095791,0.06351784122797856,0.056873978833230435,0.014011520892381668,72.0,0.06465082390617938,0.05564015686558159,0.06336482333592469,0.05693629133430782,,,,,,0.0,0.0,0.0,4.298763699551347,4.522337042005674,4.063533768105461,2407,0.014011521641877038,True,,,,,,0.01639344262295082,1.0,39962,0.125,0.1610190975139586,0.09611512323676381,0.09259259259259259,0.10609606337216684,0.08065272094011733,200,0,0.4943001808122219,0.5064400341036039,0.48216032752083976,True,True,True,0.03588408988539112,0.03588408988539112,0.03773179677998006,0.03414362358404095,0.011125323362648487,110.0,0.03834411080024152,0.03314597097223774,0.03768910239438786,0.03414798202981467,,,,,,0.0,0.0,0.0,2.1889294830088586,2.2990352460576595,2.083026903818695,3.225442354837427,3.3876859512648134,3.06939225497905,1434,0.011125323579748117,True,True,,,,,,
1.0,61.0,R1_D60_B,first_hop_cred,61.0,0.5572016875910363,0.5367889664087202,0.5709326265924276,0.543470748589645,True,0.05351090319152409,2501697,2.927008746462901,0.05356843774445906,0.15662688167272057,0.16549203124571046,0.21019531941717962,0.524873629948451,0.05692491060786651,False,0.0,60.0,0.06045743456283469,0.0602322206095791,0.06355201024689068,0.05688558980127353,0.014011520892381668,72.0,0.06517593613073427,0.05560166950748045,0.06361858884054386,0.057458184642812125,0.06065554231227652,0.0601787842669845,0.0640602390496842,0.05740606054784735,83900,0.0002252139532555928,0.0009012122338365297,-0.0004638804018965253,4.314837182432926,4.540448244422172,4.100781207879917,9664,0.014011521641877038,True,0.07100814026299311,0.06086412022542267,0.07720875634131436,0.06467517434494618,7985,0.01639344262295082,1.0,159848,0.11389236545682102,0.13040294964499713,0.09923367063046129,0.08821321321321321,0.09463046041735505,0.08219163718201648,200,0,0.5040574114985177,0.5104461448436566,0.49766867815337873,True,True,True,0.03547745358090185,0.03588408988539112,0.03760520680868093,0.034067074219397975,0.011125323362648487,110.0,0.03733544252744747,0.03373780757844906,0.036694722583341784,0.03429015196714388,0.03482717520858165,0.03531585220500596,0.036068905961091795,0.033635680754698166,83900,-0.0004066363044892648,0.0007817880897999427,-0.0016025988949604007,2.1641246684350133,2.2383780775838487,2.0916992699957766,3.188891840007505,3.2983060960257093,3.0821712035022197,5671,0.011125323579748117,True,True,0.12097683155917345,0.03794614902943018,0.12850679714905658,0.11384190457612828,7985,0.04995370602071968
1.0,61.0,R1_D60_B,first_hop_content,61.0,0.5572016875910363,0.5367889664087202,0.5709326265924276,0.543470748589645,True,0.05351090319152409,2501697,2.927008746462901,0.05356843774445906,0.15662688167272057,0.16549203124571046,0.21019531941717962,0.524873629948451,0.11110846245530394,False,0.0,60.0,0.06045743456283469,0.0602322206095791,0.06345247813365981,0.05706498481696425,0.014011520892381668,72.0,0.06504262364623632,0.05586959651995463,0.06343879681003163,0.057440258498741056,0.06065554231227652,0.0601787842669845,0.06402486230488312,0.05733073823882765,83900,0.0002252139532555928,0.0009233946372426658,-0.0004193919982442158,4.314837182432926,4.527616516712108,4.099501821919617,9664,0.014011521641877038,True,0.06330298116502432,0.05775227641262318,0.06796645288746914,0.058775862567678146,16034,0.01639344262295082,1.0,159848,0.11389236545682102,0.13040294964499713,0.09923367063046129,0.08821321321321321,0.09463046041735505,0.08219163718201648,200,0,0.5010486774054952,0.5068676401775718,0.4952297146334186,True,True,True,0.03547745358090185,0.03588408988539112,0.03764624995732911,0.0341562707291243,0.011125323362648487,110.0,0.03715824063312516,0.03374011142255155,0.03666135443171201,0.034321515273488847,0.03482717520858165,0.03531585220500596,0.03598648724424178,0.03357170632543389,83900,-0.0004066363044892648,0.0007983108551009123,-0.0015698340699861427,2.1641246684350133,2.2363426203344323,2.0936124316828195,3.188891840007505,3.295306798846568,3.0849902951106705,5671,0.011125323579748117,True,True,0.10589996257951852,0.037108644131221155,0.11036216740780547,0.10176616740138343,16034,0.10030779240278265
1.0,61.0,R1_D60_B,cred_processor,61.0,0.5590985790910573,0.5379578776833166,0.5733192054780866,0.5448779527040281,True,0.05351090319152409,2501697,2.927008746462901,0.05356843774445906,0.15662688167272057,0.16549203124571046,0.21019531941717962,0.5423965267003653,0.07972226387238901,False,0.0,60.0,0.060250988439017064,0.0602322206095791,0.06339986934392486,0.057162727374814155,0.014011520892381668,72.0,0.06476933382288,0.05573279839468682,0.06338903035136181,0.05716791530333342,0.06035685862908156,0.060160782459256525,0.06375113779306682,0.057363271676345064,86701,1.876782943796607e-05,0.000400013433589518,-0.0003595714010690103,4.300103156458145,4.524064692724549,4.08006473276053,9631,0.014011521641877038,True,0.05862469631351009,0.05946973698109222,0.06335614431550853,0.05363780218934812,9467,0.01639344262295082,1.0,159848,0.1195244055068836,0.136349417486253,0.1045242699164678,0.09021521521521522,0.09669467682871463,0.08412950112265025,200,0,0.4988326644143278,0.505013844984336,0.4926514838443195,True,True,True,0.035296031229668186,0.03588408988539112,0.03770740850422514,0.03399701859630121,0.011125323362648487,110.0,0.03765885043012477,0.03318068817770808,0.03686553601907157,0.0338252940711093,0.03453247367389073,0.03558205787707178,0.03623892225936336,0.03296585555908788,86701,-0.0005880586557229368,0.00028185901728687394,-0.0014491178205704135,2.153057905009759,2.248797697163366,2.063342938337667,3.1725846872372325,3.3136596661493436,3.040387439398425,5642,0.011125323579748117,True,True,0.03337910636949403,0.0328509559522552,0.03663397782908446,0.030209190974177205,9467,0.05922501376307492
1.0,61.0,R1_D60_B,content_server,61.0,0.5500814519244165,0.5338938140804789,0.5609703219494615,0.5391925818993715,True,0.05351090319152409,2501697,2.927008746462901,0.05356843774445906,0.15662688167272057,0.16549203124571046,0.21019531941717962,,,False,0.0,60.0,0.06698863920724689,0.0602322206095791,0.0635159984700403,0.057203441393279625,0.014011522755026817,62.0,0.07111392912405182,0.0630904050993289,0.06952885979624819,0.06436872693209196,,,,,,0.006756418597667784,0.008851695912182257,0.004781691180606017,4.033675366415041,4.186633022166411,3.875919129961777,5354,0.016607345193171443,True,,,,,,0.01639344262295082,1.0,79924,0.06508135168961202,0.08435152194612949,0.049973203858519506,0.08158158158158157,0.09047581942051235,0.07349104415964096,200,0,0.49621431708399233,0.5046402855733574,0.4877883485946272,True,True,True,0.043591411841249185,0.03588408988539112,0.037669490039365504,0.03419078799952112,0.011125323362648487,87.0,0.04573285455813854,0.041434003076890935,0.04505718742103026,0.04209676892713826,,,,,,0.007707321955858065,0.009896252167965405,0.005594373774535963,2.6590761223162005,2.7484884326828456,2.567902904555434,3.0131248148593883,3.11444212911701,2.909812133217822,3484,0.014467177604550524,True,True,,,,,,
1.0,61.0,R1_D60_B,validator,61.0,0.5623760638113631,0.5419831222454954,0.5760936977416422,0.5486584298810839,True,0.05351090319152409,2501697,2.927008746462901,0.05356843774445906,0.15662688167272057,0.16549203124571046,0.21019531941717962,,,False,0.0,60.0,0.07164306090786247,0.0602322206095791,0.06346377895461974,0.05700343661751933,0.014011520892381668,60.0,0.0759655328032299,0.0672578100544648,0.07467559560726805,0.06856110137101877,,,,,,0.011410840298283369,0.014544979351046143,0.00850148444792962,4.235978370404778,4.415280472121292,4.0537539683329245,2863,0.016912990257081144,True,,,,,,0.01639344262295082,1.0,39962,0.14,0.1774392305461032,0.10940962137459034,0.11361361361361362,0.12827628021057372,0.10043386903891449,200,0,0.5086762875747296,0.519229952274697,0.49812262287476217,True,True,True,0.03876182373254592,0.03588408988539112,0.037674825505617085,0.03411036909724041,0.011125323362648487,83.0,0.04161797980494421,0.036209625636489086,0.04068511638973203,0.036828627447044064,,,,,,0.002877733847154797,0.005429894604221142,0.0002475083485062788,2.364471247685301,2.481792099773654,2.246546274269688,3.1904886145805875,3.3487949772429437,3.031367083529808,1549,0.012149181023685125,True,True,,,,,,
1.0,61.0,R1_D60_B,gatekeeper,61.0,0.5566798133833726,0.5364586200229959,0.5702819181731646,0.5430777085935805,True,0.05351090319152409,2501697,2.927008746462901,0.05356843774445906,0.15662688167272057,0.16549203124571046,0.21019531941717962,,,False,0.0,60.0,0.059381412341724636,0.0602322206095791,0.0634989119844942,0.05702722388471555,0.014011521823704243,72.0,0.0639194339553818,0.055123861653658436,0.06248808820634985,0.05637599072853983,,,,,,-0.0008508082678544617,0.0001421746775397857,-0.0018443547531857424,4.238041653109824,4.459764599698302,4.023545205828729,7119,0.014011521641877038,True,,,,,,0.01639344262295082,1.0,119886,0.11009174311926606,0.12906936875017036,0.09360458121767895,0.08992325658992326,0.09743044659650495,0.0829413531998517,200,0,0.5127002073185492,0.5197541769355818,0.5056462377015165,True,True,True,0.03640124785212619,0.03588408988539112,0.03763803478643743,0.03415471417662203,0.011125323362648487,110.0,0.03829004290203616,0.03462420833294741,0.037678467873130325,0.035122381179424685,,,,,,0.000517157966735065,0.0022837064246168095,-0.001191855413268495,2.2204761189796973,2.29838654026095,2.142465251944906,3.2719271121595845,3.3867300670443408,3.156976147944083,4364,0.011125323579748117,True,True,,,,,,
15.0,35.0,R15_D20_B,baseline,35.0,0.5656671133598994,0.5516463430196189,0.5750984057669936,0.5562358209528052,True,0.18349612830492992,215400,1.6925208913649026,0.18423398328690807,0.31057103064066854,0.38071091989346445,0.4948050139275766,,,False,0.0,20.0,0.09796921186993743,0.09796921186993743,0.10092605609617507,0.09490762182994994,0.024349918588995934,42.0,0.10228414906498468,0.09393781936613443,0.1007789456957136,0.0951720378927673,,,,,,0.0,0.0,0.0,4.023390088850405,4.13877996502848,3.908516019316424,5104,0.024349916291097184,True,,,,,,0.02857142857142857,0.06666666666666667,52098,0.18042226487523993,0.21574274529898185,0.14977993892599756,0.1581573896353167,0.17267160818923935,0.14464988178543822,200,0,0.4982880159582835,0.5067294630965828,0.4898465688199841,True,True,True,0.0627663250028792,0.0627663250028792,0.06490801925710378,0.06061421515895255,0.019259652122855186,64.0,0.0660988462612706,0.059464915604532195,0.06503541839358606,0.060630161698433334,,,,,,0.0,0.0,0.0,2.1968213751007717,2.2762396437755124,2.1220556594451665,3.2589539196866038,3.376769815382901,3.1480400216083715,3270,0.01925965403306933,True,True,,,,,,
15.0,35.0,R15_D20_B,first_hop_cred,35.0,0.5665814493211382,0.5535550800504677,0.5753438421578232,0.5578190564844532,True,0.18349612830492992,215400,1.6925208913649026,0.18423398328690807,0.31057103064066854,0.38071091989346445,0.4948050139275766,0.38568179200737074,0.06278227763054757,False,0.0,20.0,0.09823793619716688,0.09796921186993743,0.10105155459595877,0.09498983301533725,0.024349918588995934,42.0,0.10279174969271944,0.09437826155714589,0.10115674073672896,0.09541787125114821,0.09806775907332065,0.09699774799995023,0.10126628653795482,0.09501716409826723,80373,0.00026872432722945216,0.0009298716412760014,-0.0004172918231974202,4.034426033451484,4.154295215122111,3.9186118798295375,20472,0.024349916291097184,True,0.11365139348134153,0.09985829003306566,0.12019177743484796,0.10717980419042367,10585,0.02857142857142857,0.06666666666666667,208392,0.17370441458733205,0.19056657293672882,0.1580429710234775,0.15719769673704415,0.16431264323050573,0.15033541351303578,200,0,0.5019467346640984,0.5058820430645763,0.49801142626362066,True,True,True,0.062320050673730275,0.0627663250028792,0.06487601906428836,0.06060274315670379,0.019259653985500336,64.0,0.06461195795866581,0.060058888759265044,0.06388535459057954,0.06077940241427292,0.05913677478755303,0.06034364774240106,0.060681054956230364,0.05759735862552708,80373,-0.00044627432914891166,0.0007068565783089245,-0.0015688668958416673,2.1812017735805598,2.2359874106702837,2.127279084499552,3.235782458331033,3.3170561880751706,3.1557888999414576,12987,0.01925965403306933,True,True,0.1410486537553141,0.062446858762399624,0.1469315221397075,0.13529384880094633,10585,0.05079369649506699
15.0,35.0,R15_D20_B,first_hop_content,35.0,0.5665814493211382,0.5535550800504677,0.5753438421578232,0.5578190564844532,True,0.18349612830492992,215400,1.6925208913649026,0.18423398328690807,0.31057103064066854,0.38071091989346445,0.4948050139275766,0.38568179200737074,0.12369825687730955,False,0.0,20.0,0.09823793619716688,0.09796921186993743,0.1007695264072473,0.0949984561323627,0.024349918588995934,42.0,0.1022482777897684,0.09404592369119247,0.10110720378377355,0.09540949339346197,0.09806775907332065,0.09699774799995023,0.10126703123971424,0.09493462269113473,80373,0.00026872432722945216,0.0009230039099035977,-0.0004173746438518739,4.034426033451484,4.152260836343834,3.9182678187828346,20472,0.024349916291097184,True,0.10608521207489492,0.09858616736721437,0.11085028150837797,0.10154298034786086,20936,0.02857142857142857,0.06666666666666667,208392,0.17370441458733205,0.19056657293672882,0.1580429710234775,0.15719769673704415,0.16431264323050573,0.15033541351303578,200,0,0.4986343169131027,0.5031823860144856,0.4940862478117199,True,True,True,0.062320050673730275,0.0627663250028792,0.06476132588070202,0.06065304546208531,0.019259653985500336,64.0,0.06444014156977074,0.06028655945125343,0.06398892675071419,0.06065388506758097,0.05913677478755303,0.06034364774240106,0.06065833039873316,0.05760622759387623,80373,-0.00044627432914891166,0.0006525334101919857,-0.0015666817270649632,2.1812017735805598,2.2396124362749967,2.122885977365334,3.235782458331033,3.3224338630820434,3.1492717866809374,12987,0.01925965403306933,True,True,0.13722774168895682,0.062332823844096295,0.1418419211330744,0.13260879185618793,20936,0.1004645091942109
15.0,35.0,R15_D20_B,cred_processor,35.0,0.5656399435514697,0.5520163112694617,0.5748040947771131,0.5564757923258263,True,0.18349612830492992,215400,1.6925208913649026,0.18423398328690807,0.31057103064066854,0.38071091989346445,0.4948050139275766,0.4995537256708511,0.08845086116634487,False,0.0,20.0,0.09797401051863795,0.09796921186993743,0.10105443438695415,0.09497823276311738,0.024349918588995934,42.0,0.10247254481257476,0.09344363155225716,0.1008530275300788,0.09500105358790176,0.0971922038750084,0.09724023323055052,0.10025952956954137,0.09403978585880979,104103,4.798648700525932e-06,0.0004125189982168041,-0.0004161617711798523,4.02358715928971,4.141822350615336,3.901494052471796,20417,0.024349916291097184,True,0.09647678630227198,0.09524201514652618,0.10186438623395953,0.09122380903142767,12148,0.02857142857142857,0.06666666666666667,208392,0.1765834932821497,0.19354564046899633,0.16081146633861995,0.16017274472168905,0.16733991758927888,0.1532560423572162,200,0,0.5000574836054095,0.5046782299291139,0.495436737281705,True,True,True,0.062108910130907136,0.0627663250028792,0.06486067827280788,0.06070209870277712,0.019259653985500336,64.0,0.06468836327118153,0.05955495321531396,0.06405945164709298,0.0603151403693215,0.0603632940453205,0.06167929838717424,0.06244207398187012,0.05838332954208416,104103,-0.0006574148719720527,0.00022162369195805843,-0.001498257509764382,2.17381185458175,2.242080807648254,2.1110299129262526,3.224819616399366,3.326095657642719,3.1316834801787627,12943,0.01925965403306933,True,True,0.06330260125123477,0.06511359894632861,0.06751449450347619,0.058896678254288654,12148,0.058293984413989024
15.0,35.0,R15_D20_B,content_server,35.0,0.5641587978942731,0.5539687498737567,0.5710132944869262,0.5573043013016201,True,0.18349612830492992,215400,1.6925208913649026,0.18423398328690807,0.31057103064066854,0.38071091989346445,0.4948050139275766,,,False,0.0,20.0,0.1106760336289301,0.09796921186993743,0.10092085282924833,0.09507737724327059,0.024349918588995934,36.0,0.11467493780582588,0.10650197223672607,0.1134714807970384,0.10783000680558986,,,,,,0.012706821758992667,0.01475807937870452,0.010448015315203054,3.834458968279636,3.9313094526405328,3.7358561116457425,11532,0.028863533172343706,True,,,,,,0.02857142857142857,0.06666666666666667,104196,0.14587332053742802,0.16860619686714218,0.1257419150998672,0.1600767754318618,0.17028335510149062,0.15037109364326345,200,0,0.5004496887879359,0.5061718698895843,0.49472750768628754,True,True,True,0.07727743867326961,0.0627663250028792,0.06497984405347756,0.06067976663531622,0.019259653985500336,50.0,0.07989342546932107,0.07459511989264074,0.07892017763923655,0.07546781638580859,,,,,,0.014511113670390418,0.01717420374878081,0.012000108134665656,2.7047103535644363,2.7622062173732793,2.6413735735033006,3.0835487429398065,3.1490978315282945,3.0113406233968067,8052,0.025061202243099462,True,True,,,,,,
15.0,35.0,R15_D20_B,validator,35.0,0.5733166436915242,0.5611687975651263,0.5814880840727489,0.5651452033102996,True,0.18349612830492992,215400,1.6925208913649026,0.18423398328690807,0.31057103064066854,0.38071091989346445,0.4948050139275766,,,False,0.0,20.0,0.11238435256631732,0.09796921186993743,0.10080647486698664,0.09487706985851088,0.024349918588995934,35.0,0.1162832012323074,0.10844199370094118,0.11518286933848218,0.1097081246848024,,,,,,0.0144151406963799,0.017489123177238643,0.011372383686224672,3.826566532411085,3.921853023601556,3.7354438466397952,5855,0.029369501775134418,True,,,,,,0.02857142857142857,0.06666666666666667,52098,0.21880998080614203,0.25629879958958746,0.18543737601977878,0.17696737044145874,0.19209541385606993,0.16279064320590786,200,0,0.4979628684493767,0.5056548721426931,0.49027086475606035,True,True,True,0.063841222311797,0.0627663250028792,0.06494578107682242,0.0606804109304045,0.019259652122855186,48.0,0.06685129036341102,0.06089248517417848,0.06585052926895417,0.061905381739879105,,,,,,0.0010748973089178087,0.00414024485170596,-0.0020679811842398746,2.234442780912895,2.304768524413396,2.1666883608957686,3.0374442629890255,3.1330432767390053,2.945340640497029,3326,0.021018072031706497,True,True,,,,,,
15.0,35.0,R15_D20_B,gatekeeper,35.0,0.5660889094317904,0.5535214365943301,0.5745426183416198,0.5576352005219609,True,0.18349612830492992,215400,1.6925208913649026,0.18423398328690807,0.31057103064066854,0.38071091989346445,0.4948050139275766,,,False,0.0,20.0,0.0981739542144932,0.09796921186993743,0.10101764123505443,0.09497224793138775,0.024349916726350784,42.0,0.1022665106542311,0.09427701122891272,0.10087413099878725,0.09541831899001069,,,,,,0.0002047423445557731,0.001405136880397542,-0.0009408827985319391,4.031798427594084,4.142689025820958,3.9186302675257054,15344,0.024349916291097184,True,,,,,,0.02857142857142857,0.06666666666666667,156294,0.17914267434420986,0.19893316559094557,0.16092548867588594,0.16122840690978887,0.16954770923120518,0.15324198692940247,200,0,0.5021178376860282,0.5070619762705716,0.49717369910148485,True,True,True,0.06275352860634445,0.0627663250028792,0.06492190506742898,0.06063398598369394,0.019259652122855186,64.0,0.06470068439216382,0.06088997582144716,0.06407690138350126,0.06136461292342891,,,,,,-1.2796396534735819e-05,0.002114917111080194,-0.00215864427041293,2.1963735012220558,2.242691548422544,2.1477614523200117,3.2582895050240777,3.3270016830769413,3.1861742073904478,9808,0.01925965403306933,True,True,,,,,,
15.0,55.0,R15_D40_B,baseline,55.0,0.55329971310798,0.5381591557155809,0.5634842479451186,0.5431151782708413,True,0.07029760134366744,215400,2.6535283194057566,0.07110492107706592,0.18653667595171775,0.20081565742388197,0.25764159702878364,,,False,0.0,40.0,0.06917731966678184,0.06917731966678184,0.07173896764672255,0.06655198976222515,0.01546141691505909,65.0,0.07322958557410272,0.06552765505164586,0.07181958406359526,0.06670912290266845,,,,,,0.0,0.0,0.0,4.474189817456912,4.64508386938313,4.314553958729372,3604,0.015461418153712035,True,,,,,,0.01818181818181818,0.06666666666666667,52098,0.13051823416506717,0.16216956469104837,0.10427558073422809,0.10403071017274472,0.11634351668228328,0.09288401493914282,200,0,0.5009577371655118,0.5115736677401266,0.4903418065908971,True,True,True,0.038696303121041116,0.038696303121041116,0.04034281374697352,0.03702334685707057,0.012290144339203835,100.0,0.04111295925658052,0.03619951653545335,0.040283481318555095,0.037121503129205806,,,,,,0.0,0.0,0.0,2.1282966716572616,2.21559147252053,2.0416826721063193,3.148563605571796,3.2777059552329,3.0204284210597825,2016,0.012290144957707996,True,True,,,,,,
15.0,55.0,R15_D40_B,first_hop_cred,55.0,0.5556662298548035,0.5413502912563548,0.5652960718482981,0.5460363878613089,True,0.07029760134366744,215400,2.6535283194057566,0.07110492107706592,0.18653667595171775,0.20081565742388197,0.25764159702878364,0.5007581864946831,0.05807156409912414,False,0.0,40.0,0.06884621290644555,0.06917731966678184,0.07174412649336774,0.0665390813261447,0.01546141691505909,65.0,0.07247043125568935,0.06500611441325796,0.07145186011256033,0.06620480892936004,0.06911091093776951,0.06907257987235756,0.07188473898626349,0.06640745268725738,104354,-0.0003311067603362893,0.0001873897731579126,-0.0009151604139654002,4.452774785727963,4.621300543210902,4.281936383271889,14347,0.015461418153712035,True,0.0781294284364667,0.0701936702881436,0.08317021276595744,0.07305563107600731,10585,0.01818181818181818,0.06666666666666667,208392,0.1338771593090211,0.1491726920353671,0.11992889920233502,0.10211132437619962,0.10807256598620353,0.09644334758006835,200,0,0.4995155119870344,0.5048588284328989,0.49417219554117003,True,True,True,0.038710699067142695,0.038696303121041116,0.04031525157324946,0.0370629761563363,0.01229014527052641,100.0,0.0401437526050888,0.037120775441916484,0.03975379424309675,0.03767005414402642,0.0379381719914905,0.037861509860666574,0.03908972861395969,0.03674109848394738,104354,1.4395946101577795e-05,0.0011775196697151513,-0.001147940730160747,2.129088448692848,2.1864586833703212,2.071852977921453,3.149734946198869,3.2346074338337574,3.0650618258494124,8067,0.012290144957707996,True,True,0.11544638639584318,0.03627775153519131,0.12074914363975087,0.10990250673699731,10585,0.05079369649506699
15.0,55.0,R15_D40_B,first_hop_content,55.0,0.5556662298548035,0.5413502912563548,0.5652960718482981,0.5460363878613089,True,0.07029760134366744,215400,2.6535283194057566,0.07110492107706592,0.18653667595171775,0.20081565742388197,0.25764159702878364,0.5007581864946831,0.1131053912643502,False,0.0,40.0,0.06884621290644555,0.06917731966678184,0.07183419392558904,0.06666963462853624,0.01546141691505909,65.0,0.07274190336563988,0.06516576464927612,0.0713885697667512,0.06638731601253607,0.06911091093776951,0.06907257987235756,0.07186316565852363,0.0662836684632029,104354,-0.0003311067603362893,0.0002412766484561814,-0.0008935637821773013,4.452774785727963,4.617207105909102,4.293740415823212,14347,0.015461418153712035,True,0.07379633167749332,0.06997516239969431,0.07756469753478704,0.07001199932584302,20936,0.01818181818181818,0.06666666666666667,208392,0.1338771593090211,0.1491726920353671,0.11992889920233502,0.10211132437619962,0.10807256598620353,0.09644334758006835,200,0,0.5083634130038729,0.5136267159400686,0.5031001100676772,True,True,True,0.038710699067142695,0.038696303121041116,0.040376630018126775,0.037112157093556544,0.01229014527052641,100.0,0.040233348947231656,0.037249865526749776,0.03975428167657476,0.03761098793463792,0.0379381719914905,0.037861509860666574,0.03915866895452191,0.036754417289079896,104354,1.4395946101577795e-05,0.0011015329626393087,-0.0010978451732116768,2.129088448692848,2.1864854922116117,2.0686043364050857,3.149734946198869,3.2346470943487216,3.0602558443421355,8067,0.012290144957707996,True,True,0.11129155521589607,0.037638517386320215,0.11550520336818698,0.10718681825196814,20936,0.1004645091942109
15.0,55.0,R15_D40_B,cred_processor,55.0,0.5542355426303794,0.5391766977242112,0.5643651122742905,0.5441059729864683,True,0.07029760134366744,215400,2.6535283194057566,0.07110492107706592,0.18653667595171775,0.20081565742388197,0.25764159702878364,0.5381876463587854,0.07813363767676587,False,0.0,40.0,0.06888460209604975,0.06917731966678184,0.07185521528964614,0.06672303917537185,0.01546141691505909,65.0,0.07293255577700455,0.06498544377273693,0.07154866618287109,0.06614165381405675,0.06856643543698843,0.06894092051999928,0.07136774415642855,0.06574202351429571,112154,-0.00029271757073208183,9.572021406885622e-06,-0.0005983386290504802,4.455257687957406,4.627561681054038,4.277851692289766,14355,0.015461418153712035,True,0.06931182087586434,0.06890023049061574,0.07347764327364259,0.0651517277818942,12148,0.01818181818181818,0.06666666666666667,208392,0.13339731285988485,0.14867163127439315,0.11947203282207403,0.10479846449136276,0.11082583879107098,0.09906237444238476,200,0,0.497522582146862,0.5024984027149875,0.49254676157873656,True,True,True,0.03882586663595532,0.038696303121041116,0.040284666011180255,0.036954221385139666,0.01229014527052641,100.0,0.040687470930326125,0.036871444549933075,0.04024004027975808,0.037414633561257606,0.03820639477860799,0.03834905576261212,0.039722702532809594,0.03672929955276824,112154,0.00012956351491420017,0.0009659811062879181,-0.0007507033970102656,2.1354226649775425,2.2132022153866946,2.0578048458691685,3.1591056712154515,3.27417133143908,3.044279273353266,8091,0.012290144957707996,True,True,0.0405004939084623,0.0400889035232137,0.04383811512817473,0.03713793682795699,12148,0.058293984413989024
15.0,55.0,R15_D40_B,content_server,55.0,0.5527387280453253,0.5402684165556723,0.5611270798414159,0.5443503762492348,True,0.07029760134366744,215400,2.6535283194057566,0.07110492107706592,0.18653667595171775,0.20081565742388197,0.25764159702878364,,,False,0.0,40.0,0.07681676839801911,0.06917731966678184,0.07184850346642457,0.06659049415148263,0.01546141691505909,56.0,0.08069924089973686,0.07295150103978754,0.07944559245462655,0.07421504969328291,,,,,,0.0076394487312372835,0.009371173496314248,0.005828716527072143,4.189111263118343,4.332471061948082,4.0472296224718045,8004,0.018337247108790634,True,,,,,,0.01818181818181818,0.06666666666666667,104196,0.07965451055662189,0.09768046506752022,0.06471648084453972,0.10095969289827256,0.1094367115915935,0.09307068476094389,200,0,0.5043920389480908,0.5104132360771271,0.49837084181905456,True,True,True,0.04878306268954662,0.038696303121041116,0.04039399562499531,0.037022803764481055,0.01229014527052641,79.0,0.0507390946929217,0.046887786099703156,0.0500796742772516,0.04749631672024639,,,,,,0.010086759568505509,0.01199540357071986,0.008121087891010952,2.683068447925064,2.754382085248838,2.6122974196135513,3.050018527364977,3.131085380228722,2.969568493480186,5083,0.015994349625047064,True,True,,,,,,
15.0,55.0,R15_D40_B,validator,55.0,0.5592512321589098,0.5428865617996922,0.5702591858988041,0.5482432784190155,True,0.07029760134366744,215400,2.6535283194057566,0.07110492107706592,0.18653667595171775,0.20081565742388197,0.25764159702878364,,,False,5.758378440631118e-05,40.0,0.0798303197819494,0.06917731966678184,0.07190101791802211,0.06655117551334377,0.01546141691505909,54.0,0.0831451440601511,0.07619674290390722,0.08218634770638779,0.07747134887599215,,,,,,0.01065300011516757,0.013394299713298459,0.008194456466363824,4.277579053332968,4.403823013349322,4.151177398394009,4159,0.01866250016343892,True,,,,,,0.01818181818181818,0.06666666666666667,52098,0.14395393474088292,0.17670548450400486,0.11641438290580704,0.12207293666026871,0.13520387191431138,0.11005497915819856,200,0,0.5038221461221098,0.5132247325605482,0.49441955968367146,True,True,True,0.041325962608929324,0.038696303121041116,0.040382693896595385,0.037166938507995906,0.012290144339203835,75.0,0.04363631843932956,0.039060981145230274,0.04296188709397219,0.03970592867185135,,,,,,0.0026296594878882106,0.005095177501114651,0.0002121673861123123,2.272927943491113,2.3629037901684704,2.1838260769518243,3.0839426876548908,3.206023264481271,2.9630479401741656,2153,0.013400366606797953,True,True,,,,,,
15.0,55.0,R15_D40_B,gatekeeper,55.0,0.5569020460655337,0.5425259297611694,0.5665723675424735,0.5472317245885939,True,0.07029760134366744,215400,2.6535283194057566,0.07110492107706592,0.18653667595171775,0.20081565742388197,0.25764159702878364,,,False,0.0,40.0,0.06893418813262185,0.06917731966678184,0.07182554860056271,0.06664976522191429,0.015461417846381664,65.0,0.07281988634166876,0.06524389431717287,0.07160528935077212,0.06647383545734574,,,,,,-0.00024313153415998054,0.0005806442091181987,-0.0010683098983943022,4.45846477000377,4.631223904489049,4.299336244352621,10774,0.015461418153712035,True,,,,,,0.01818181818181818,0.06666666666666667,156294,0.13947536788227768,0.15753605402171883,0.1231824936938536,0.10454254638515675,0.11152143474904062,0.09795224078801619,200,0,0.4999718908106815,0.505592159419791,0.494351622201572,True,True,True,0.039617643671542094,0.038696303121041116,0.040347015769539585,0.03696970264435754,0.01229014527052641,100.0,0.04123455144877896,0.03798202941346462,0.04070466252511939,0.038491650813539224,,,,,,0.0009213405505009789,0.002371713536434968,-0.000658060961364062,2.1789704019348153,2.238756438881566,2.1170407947446575,3.2235294057044577,3.311975787526468,3.131911864831054,6192,0.012290144957707996,True,True,,,,,,
15.0,75.0,R15_D60_B,baseline,75.0,0.5617219393251883,0.5406894452848401,0.5758697783191065,0.5475741003312702,True,0.02690763722445668,215400,3.616346332404828,0.026796657381615598,0.09730733519034354,0.09998664300570534,0.12410399257195914,,,False,0.0,60.0,0.05224768705132635,0.05224768705132635,0.05475912216982805,0.04964589839431547,0.011351670138537884,88.0,0.05597061343501771,0.04846460827434271,0.0547612501942273,0.04980496099885992,,,,,,0.0,0.0,0.0,4.602643146792866,4.824069870665623,4.387456657985577,2722,0.011351670200139819,True,,,,,,0.013333333333333334,0.06666666666666667,52098,0.08445297504798464,0.11147742943136524,0.06351152633264706,0.07677543186180422,0.08763380215636177,0.06716343837938449,200,0,0.5062140651257153,0.5168896566044517,0.49553847364697884,True,True,True,0.029444508426427117,0.029444508426427117,0.030990626151437654,0.02787478885435933,0.00902032945305109,136.0,0.03187845432853344,0.027104021533270448,0.030989154971190817,0.02790940852558937,,,,,,0.0,0.0,0.0,2.2083381319820337,2.3241866228393113,2.0932056394192027,3.264238753447776,3.435479347407615,3.094056507096161,1534,0.009020329286675812,True,True,,,,,,
15.0,75.0,R15_D60_B,first_hop_cred,75.0,0.5588998091451034,0.5394223605452402,0.572001622285977,0.5457979960042298,True,0.02690763722445668,215400,3.616346332404828,0.026796657381615598,0.09730733519034354,0.09998664300570534,0.12410399257195914,0.5874457752696841,0.05555510174074286,False,0.0,60.0,0.05257879381166264,0.05224768705132635,0.05469036406842551,0.04978076661252831,0.011351670138537884,88.0,0.05604665401352763,0.04940322401317137,0.05487378494816165,0.05010568954438871,0.05189553909115415,0.051536117759498117,0.0544879707993408,0.049311542399595946,122419,0.0003311067603362893,0.0008719420656390696,-0.00019961535585454184,4.631811256374857,4.833983368146633,4.4139486666703505,10957,0.011351670200139819,True,0.06074633915918753,0.05233821445441663,0.06578700700253522,0.055856210530949454,10585,0.013333333333333334,0.06666666666666667,208392,0.08397312859884837,0.09665980487842002,0.07281736367084307,0.07917466410748561,0.08451548326632985,0.07414401528362244,200,0,0.4999769109191356,0.5057642207189977,0.4941896011192735,True,True,True,0.02930054896541134,0.029444508426427117,0.030985176084973587,0.027929300779054613,0.00902032945305109,136.0,0.030703469267434527,0.028021589895065865,0.03020306649701676,0.028381236128761103,0.02880271853225398,0.028941585864939265,0.029667509998988536,0.027935447415037878,122419,-0.00014395946101577797,0.0009754095336092723,-0.0011852057721166492,2.1975411724058507,2.265229987276257,2.1285927096570827,3.2482793071303977,3.3483330305502905,3.1463636444718093,6106,0.009020329286675812,True,True,0.10259801606046291,0.028814359943316013,0.10805974614123746,0.0970955233776473,10585,0.05079369649506699
15.0,75.0,R15_D60_B,first_hop_content,75.0,0.5588998091451034,0.5394223605452402,0.572001622285977,0.5457979960042298,True,0.02690763722445668,215400,3.616346332404828,0.026796657381615598,0.09730733519034354,0.09998664300570534,0.12410399257195914,0.5874457752696841,0.10913338615737753,False,0.0,60.0,0.05257879381166264,0.05224768705132635,0.05463027587730618,0.0497547603358229,0.011351670138537884,88.0,0.055678937460513535,0.049255939562694744,0.054894703557411835,0.05016225747494578,0.05189553909115415,0.051536117759498117,0.054486785353135864,0.0494719625516727,122419,0.0003311067603362893,0.0008582079554719526,-0.00022099175023124873,4.631811256374857,4.835826146247245,4.418931892007215,10957,0.011351670200139819,True,0.05674436377531525,0.05316201757737868,0.06011074498728021,0.05298457355226305,20936,0.013333333333333334,0.06666666666666667,208392,0.08397312859884837,0.09665980487842002,0.07281736367084307,0.07917466410748561,0.08451548326632985,0.07414401528362244,200,0,0.4962504709741904,0.5023689950157844,0.4901319469325964,True,True,True,0.02930054896541134,0.029444508426427117,0.03101299992188885,0.027942846723565146,0.00902032945305109,136.0,0.030766940517633293,0.0280075593224345,0.03025060764128775,0.028438412770605048,0.02880271853225398,0.028941585864939265,0.029751627456055214,0.027937311313264806,122419,-0.00014395946101577797,0.0010071449044506365,-0.0013240092553133617,2.1975411724058507,2.268795573096581,2.1328809577953787,3.2482793071303977,3.353603474983091,3.152702286890152,6106,0.009020329286675812,True,True,0.09949369507069163,0.02841994650363011,0.10359886936053715,0.09514516555415536,20936,0.1004645091942109
15.0,75.0,R15_D60_B,cred_processor,75.0,0.5601175280585103,0.5393612518505132,0.574079564768978,0.5461554913480426,True,0.02690763722445668,215400,3.616346332404828,0.026796657381615598,0.09730733519034354,0.09998664300570534,0.12410399257195914,0.5493349072901071,0.07514173152685692,False,0.0,60.0,0.05237725056624055,0.05224768705132635,0.054794020921893866,0.04978844716510045,0.011351670138537884,88.0,0.05607169028084047,0.0484265562448596,0.054887901433194324,0.0499744099617837,0.05237733343815788,0.05228124426740743,0.055044678588529926,0.0496868100279234,114477,0.00012956351491420017,0.0003775236142092763,-0.00010673677862601863,4.614056754890167,4.835226928326218,4.402383885427552,10915,0.011351670200139819,True,0.05161343431017452,0.05144879815607507,0.055835694860962896,0.04752117753058561,12148,0.013333333333333334,0.06666666666666667,208392,0.08685220729366602,0.09971607513339573,0.0755086562632773,0.07783109404990403,0.08313202080143009,0.07284132791493025,200,0,0.5003069957472286,0.5060455493155168,0.49456844217894036,True,True,True,0.02894544896157242,0.029444508426427117,0.030943749626537332,0.02784951533106799,0.00902032945305109,136.0,0.030704542433065436,0.026991434153924694,0.030142323503456674,0.027722309251467365,0.028783074329341265,0.029735230657686698,0.03022741435762798,0.027367777900370597,114477,-0.0004990594648546969,0.00016747837902605141,-0.0012028533763618955,2.1709086721179314,2.2606742627592507,2.0791731938600524,3.2089126728808646,3.3415990198917425,3.0733145509905926,6032,0.009020329286675812,True,True,0.029634507737899243,0.030375370431346724,0.03297100062134694,0.026278152189284896,12148,0.058293984413989024
15.0,75.0,R15_D60_B,content_server,75.0,0.5441669805038319,0.5295862873884708,0.5539749138007641,0.5343590472068998,True,0.02690763722445668,215400,3.616346332404828,0.026796657381615598,0.09730733519034354,0.09998664300570534,0.12410399257195914,,,False,0.0,60.0,0.05992552497216784,0.05224768705132635,0.054791637298344034,0.049853123523457034,0.011351670138537884,76.0,0.063264512865123,0.05668107083115761,0.062077635411357704,0.05775761244786619,,,,,,0.0076778379208414915,0.00931224062160082,0.006065746785090462,4.451864138745186,4.611744311531296,4.290810029876593,6244,0.013460771286937477,True,,,,,,0.013333333333333334,0.06666666666666667,104196,0.04990403071017274,0.06485716321925011,0.03825737475507891,0.06775431861804222,0.07490207956753363,0.061243498395869046,200,0,0.5056265759657202,0.5131692361938848,0.4980839157375557,True,False,True,0.03588429498253292,0.029444508426427117,0.030998286605164724,0.027880637659882336,0.00902032945305109,108.0,0.03748222974538484,0.03413839310967533,0.03700053532995161,0.034757044492958564,,,,,,0.006439786556105801,0.008298759004735458,0.004563655814346457,2.691322123689969,2.7750401497463706,2.6067783369718924,3.056469616288612,3.1515461590497664,2.9604552770628425,3739,0.011740438966347798,True,True,,,,,,
15.0,75.0,R15_D60_B,validator,75.0,0.560672878754145,0.5453288578564357,0.5709942765286388,0.5503514809796511,True,0.02690763722445668,215400,3.616346332404828,0.026796657381615598,0.09730733519034354,0.09998664300570534,0.12410399257195914,,,False,0.0,60.0,0.06251679527045184,0.05224768705132635,0.05466526359083247,0.0496732773267066,0.011351670138537884,73.0,0.06599449848792638,0.05912392846947773,0.06506433952602293,0.060072474521758894,,,,,,0.010269108219125495,0.01275046220417903,0.007723873473748522,4.562337201202837,4.748251336414371,4.3839560888123135,3257,0.013702800234487186,True,,,,,,0.013333333333333334,0.06666666666666667,52098,0.10556621880998081,0.13490002321005165,0.08200635281537341,0.09174664107485604,0.1034411020554827,0.08125446738648208,200,0,0.5014747213450459,0.5122288810310582,0.4907205616590335,True,True,True,0.030039540865292334,0.029444508426427117,0.031051979966906753,0.027893829018384445,0.00902032945305109,103.0,0.032249610512712544,0.028036356752534568,0.03137188277205263,0.028708788443863063,,,,,,0.0005950324388652155,0.002727050524835619,-0.0016472431277637048,2.252965564896925,2.352891207903947,2.15315913328973,3.055839193310633,3.1913746409336836,2.9204654396227028,1565,0.009830209957071765,True,True,,,,,,
15.0,75.0,R15_D60_B,gatekeeper,75.0,0.5611986330223708,0.5415684524745403,0.5744031837180452,0.5479940823266964,True,0.02690763722445668,215400,3.616346332404828,0.026796657381615598,0.09730733519034354,0.09998664300570534,0.12410399257195914,,,False,0.0,60.0,0.05239484561147581,0.05224768705132635,0.05476140910585534,0.04987758060439727,0.011351670138537884,88.0,0.05593343266136289,0.04875758329636098,0.05476108773078531,0.04997979938039213,,,,,,0.0001471585601494619,0.0009187551321415389,-0.0006740628680304255,4.615606751051529,4.824055558812025,4.4028586542072485,8189,0.011351670200139819,True,,,,,,0.013333333333333334,0.06666666666666667,156294,0.08765195137555983,0.10270157380874431,0.07462425405760251,0.0820217530390275,0.08831273158113036,0.07614148655243898,200,0,0.5058984120754184,0.5123969227361023,0.4993999014147345,True,True,True,0.029169385900930298,0.029444508426427117,0.030950565517039366,0.027912504280422096,0.00902032945305109,136.0,0.03057124485887521,0.02778352613519484,0.030157995665432806,0.028236233681350937,,,,,,-0.0002751225254968201,0.0013201251525520273,-0.0019306585108286019,2.1877039425697724,2.2618496749074604,2.11771752610132,3.233738478263453,3.343336446706003,3.13028857195485,4559,0.009020329286675812,True,True,,,,,,
50.0,70.0,R50_D20_B,baseline,70.0,0.5561641097299178,0.5473032459914359,0.5621245095416851,0.5502037099181505,True,0.0352156546085446,215400,3.346142061281337,0.035078922934076134,0.11783658310120705,0.12212043648120706,0.1529155060352832,,,False,0.0,20.0,0.056142484795829714,0.056142484795829714,0.057316649649946594,0.055010667973201796,0.012246674858033657,82.0,0.05785137574796968,0.05444821808572839,0.057289063880193794,0.054987309142627575,,,,,,0.0,0.0,0.0,4.584304392680262,4.677928099434973,4.489978734659418,9693,0.012246674737714224,True,,,,,,0.014285714285714285,0.02,172650,0.10196987253765932,0.11714136923443719,0.08856618679979394,0.08352641334569046,0.08954997222235743,0.07787337218653097,200,0,0.5010192431066296,0.5069549142430272,0.495083571970232,True,True,True,0.030975962930784823,0.030975962930784823,0.03175243233279254,0.03023277210529732,0.009762895293533802,126.0,0.032191353752563705,0.029942383487270338,0.03175287597880244,0.03022170941752345,,,,,,0.0,0.0,0.0,2.1683174051549376,2.222701318516171,2.1155196592266416,3.1728254061237027,3.2524035442628563,3.0955682530569484,5348,0.009762895516091039,True,True,,,,,,
50.0,70.0,R50_D20_B,first_hop_cred,70.0,0.5563958830627235,0.5483283017012482,0.5618226689661701,0.5509690971592769,True,0.0352156546085446,215400,3.346142061281337,0.035078922934076134,0.11783658310120705,0.12212043648120706,0.1529155060352832,0.5649681436432088,0.05586069554831649,False,0.0,20.0,0.05593686649290472,0.056142484795829714,0.05735508125355102,0.05502105292956148,0.012246674858033657,82.0,0.057406042436264036,0.05427640637013977,0.05703451655031077,0.05485498421027191,0.055542882919365294,0.05576842736571776,0.056656634885803615,0.05438782310565122,390167,-0.00020561830292499276,0.00012006902991711253,-0.000538716646587492,4.567514667523948,4.657143083474752,4.479173766356622,38630,0.012246674737714224,True,0.06401791353275535,0.057070678073146926,0.06662138332566196,0.061460536648052615,34834,0.014285714285714285,0.02,690600,0.09904430929626412,0.10631411350967028,0.09222031987729006,0.08357949609035621,0.08654511007973342,0.080706525267814,200,0,0.5014484681685838,0.5043200373613984,0.49857689897576923,True,True,True,0.03114972487691862,0.030975962930784823,0.031736457312540496,0.030202530545818427,0.009762895293533802,126.0,0.031966176441445046,0.03039182429724221,0.03168668335230288,0.030595891173037647,0.030581776521335736,0.03027421591267329,0.031122434856166722,0.030061325123500123,390167,0.0001737619461337967,0.0007509057571075925,-0.0003958911197222948,2.1804807413843035,2.2180678346612015,2.1417123821126354,3.190623603989019,3.2456235242994693,3.1338951771643995,21512,0.009762895516091039,True,True,0.11092610667738416,0.03223861744272837,0.114386048055355,0.10765001620413166,34834,0.05044019693020562
50.0,70.0,R50_D20_B,first_hop_content,70.0,0.5563958830627235,0.5483283017012482,0.5618226689661701,0.5509690971592769,True,0.0352156546085446,215400,3.346142061281337,0.035078922934076134,0.11783658310120705,0.12212043648120706,0.1529155060352832,0.5649681436432088,0.10982733034828676,False,0.0,20.0,0.05593686649290472,0.056142484795829714,0.057381380801994675,0.05500660603296468,0.012246674858033657,82.0,0.05739071287119021,0.054454162614131135,0.05701186733336933,0.0548905991869107,0.055542882919365294,0.05576842736571776,0.0566741089174298,0.054357935507064484,390167,-0.00020561830292499276,0.0001070978554633231,-0.0005492123721250859,4.567514667523948,4.655293665781663,4.482081900801404,38630,0.012246674737714224,True,0.05968067641974053,0.056978484157308266,0.06161044705649272,0.057719648010225805,68833,0.014285714285714285,0.02,690600,0.09904430929626412,0.10631411350967028,0.09222031987729006,0.08357949609035621,0.08654511007973342,0.080706525267814,200,0,0.5023504304608397,0.5055204481189851,0.4991804128026943,True,True,True,0.03114972487691862,0.030975962930784823,0.031753169743334524,0.030205731290690735,0.009762895293533802,126.0,0.031920319691873734,0.03042154311578327,0.03170328769585776,0.030621325891142335,0.030581776521335736,0.03027421591267329,0.031160831325974855,0.03006439606078988,390167,0.0001737619461337967,0.0007719277150737822,-0.0003746448081144483,2.1804807413843035,2.219230138710043,2.1434928123799635,3.190623603989019,3.247324284440506,3.1365004204616125,21512,0.009762895516091039,True,True,0.09924019002513329,0.030537678148562463,0.10146046999497753,0.09704334110852873,68833,0.09967130031856357
50.0,70.0,R50_D20_B,cred_processor,70.0,0.5557514888438608,0.5471913271537625,0.5615096166779202,0.5499933610098015,True,0.0352156546085446,215400,3.346142061281337,0.035078922934076134,0.11783658310120705,0.12212043648120706,0.1529155060352832,0.5483145091225021,0.07666914906540329,False,0.0,20.0,0.056088908195771794,0.056142484795829714,0.05730155842296136,0.05506812066070695,0.012246674858033657,82.0,0.057646118891484355,0.05429801586504482,0.05725888689762052,0.05492635329594566,0.055700802290144874,0.05581699967781634,0.056945243467608396,0.05448441757946092,378666,-5.3576600057920646e-05,9.787015468192677e-05,-0.00019959955372817213,4.579929605139533,4.675464003407311,4.48500139607671,38735,0.012246674737714224,True,0.05541908224427631,0.05561560381251843,0.05767130839739806,0.05312466206252458,40708,0.014285714285714285,0.02,690600,0.0999131190269331,0.10720982417501587,0.09306126266072678,0.08346365479293368,0.08642744293764669,0.08059253558685255,200,0,0.4980059486378169,0.5011820539455938,0.49482984333004,True,True,True,0.031274254271647844,0.030975962930784823,0.03175974779025621,0.030239552491134945,0.009762895293533802,126.0,0.03225334408111001,0.030272737731549166,0.031948388376957876,0.03056815010131125,0.0310405476065979,0.030678751194984498,0.031786983772186105,0.030283326066272535,378666,0.00029829134086301767,0.0006342791536825484,-3.60415534265265e-05,2.189197799015349,2.2363871863870513,2.1397705070917876,3.203378979125829,3.272429611102678,3.131053697228383,21598,0.009762895516091039,True,True,0.03183649405522256,0.031959320035373884,0.03360153716407472,0.03007874735642481,40708,0.058945844193454965
50.0,70.0,R50_D20_B,content_server,70.0,0.5499770172203502,0.5433752464184985,0.5544178025214261,0.5455362319192743,True,0.0352156546085446,215400,3.346142061281337,0.035078922934076134,0.11783658310120705,0.12212043648120706,0.1529155060352832,,,False,0.0,20.0,0.06257746886765132,0.056142484795829714,0.05725308565628269,0.05495281410418029,0.012246676720678806,71.0,0.06394085527859908,0.061192235868449726,0.06356917007976519,0.06156179552821532,,,,,,0.006434984071821605,0.007324900051682068,0.005585479998518555,4.313777783629173,4.382140706167038,4.2437623425069075,21608,0.01450641920062118,True,,,,,,0.014285714285714285,0.02,345300,0.06487112655661743,0.07357939930082873,0.057129938747564266,0.07859832030118738,0.08270688082223385,0.07467724163332654,200,0,0.49916376809971197,0.503206499440686,0.49512103675873803,True,True,True,0.03918042282073559,0.030975962930784823,0.03175058741804111,0.030185823534409535,0.009762896224856377,100.0,0.04020690204957836,0.03820964900160357,0.039881693566030385,0.03852824460715692,,,,,,0.008204459889950767,0.009269118339142941,0.007175110459725569,2.7426295974514914,2.791718549622127,2.6969771225009844,3.0875276972375034,3.1427898075844642,3.0361342166930987,13529,0.012689901650369453,True,True,,,,,,
50.0,70.0,R50_D20_B,validator,70.0,0.5657322715503205,0.5579611795523272,0.5709596192050314,0.5605049238956096,True,0.0352156546085446,215400,3.346142061281337,0.035078922934076134,0.11783658310120705,0.12212043648120706,0.1529155060352832,,,False,5.792064871126557e-06,20.0,0.06521865044888503,0.056142484795829714,0.05723155892921206,0.05503804248492331,0.012246674858033657,68.0,0.06690806183369981,0.06376163517247872,0.06632975503555553,0.06411297759517205,,,,,,0.009076165653055314,0.010249972016737042,0.007847557958249155,4.412041948376436,4.487208177847343,4.337243175660554,11260,0.014781965178931378,True,,,,,,0.014285714285714285,0.02,172650,0.12166859791425261,0.1379367118408031,0.10708080503016186,0.10171455050973123,0.10826938993809251,0.09551404763569282,200,0,0.5039417608923015,0.5096512576342132,0.49823226415038985,True,True,True,0.03244714740805097,0.030975962930784823,0.031768778780917266,0.030194182268143965,0.009762895293533802,95.0,0.03363950973942024,0.031226658431834493,0.03325048327333374,0.03162600847253001,,,,,,0.0014711844772661454,0.002598318334165509,0.00036512951051257596,2.271300318563568,2.327533829133362,2.213820593077101,3.057525582227643,3.1332246853979147,2.9801488788045387,5602,0.010612224341361266,True,True,,,,,,
50.0,70.0,R50_D20_B,gatekeeper,70.0,0.5563711707176169,0.5485284349173898,0.5616467107063882,0.5510956307288456,True,0.0352156546085446,215400,3.346142061281337,0.035078922934076134,0.11783658310120705,0.12212043648120706,0.1529155060352832,,,False,0.0,20.0,0.055740901631431604,0.056142484795829714,0.05729875397275511,0.05505865145192827,0.012246675789356232,82.0,0.05737082227124254,0.054166132949194874,0.056983384817975456,0.05459408139511122,,,,,,-0.00040158316439810793,5.20777541513781e-05,-0.0008430578210777447,4.551513192374973,4.652967931163582,4.457869794401097,28871,0.012246674737714224,True,,,,,,0.014285714285714285,0.02,517950,0.10057915057915058,0.10906810796602867,0.09268217068902485,0.08240018534249749,0.08581137058923625,0.0791128671570321,200,0,0.4979499159437142,0.5014559507500028,0.49444388113742554,True,True,True,0.03072304276474563,0.030975962930784823,0.031714169483802526,0.030253585066471557,0.009762895293533802,126.0,0.03151486986724276,0.029881389546816496,0.0312679075318598,0.030177463260096876,,,,,,-0.000252920166039193,0.0005357428094222537,-0.0010568914448359538,2.150612993532194,2.188753527230186,2.112422428206781,3.1469191403419643,3.202728891272529,3.091036179825841,15913,0.009762895516091039,True,True,,,,,,
50.0,90.0,R50_D40_B,baseline,90.0,0.549520047562662,0.5392186695495763,0.5564494320315242,0.5425906630937999,True,0.013340376902841865,215400,4.306220984215413,0.013769730733519035,0.05744661095636026,0.05824867958989616,0.0712163416898793,,,False,0.0,40.0,0.04536345207066319,0.04536345207066319,0.046427946077173765,0.04434560767208221,0.00950587447732687,106.0,0.04697480423272715,0.04380656877270363,0.04642771489294063,0.04427369878010901,,,,,,0.0,0.0,0.0,4.7721492916080095,4.884107726021349,4.657509308181599,7832,0.009505874460054383,True,,,,,,0.011111111111111112,0.02,172650,0.07647740440324449,0.08997696251325231,0.06485887949697035,0.06684430027803522,0.07230800824486636,0.06176595135035859,200,0,0.5081929197886657,0.5145579653162428,0.5018278742610885,True,True,True,0.02437300897770055,0.02437300897770055,0.02508819699494596,0.023635158369879398,0.00759049691259861,162.0,0.025463637911795615,0.02335253390368988,0.02509653404240017,0.023647903712463562,,,,,,0.0,0.0,0.0,2.1935708079930496,2.2586880638160154,2.1283113341217206,3.21098991598589,3.3063097711928977,3.115461879343616,4208,0.007590496892051795,True,True,,,,,,
50.0,90.0,R50_D40_B,first_hop_cred,90.0,0.550515061461644,0.5410489755284559,0.5568825735326528,0.5441475493906351,True,0.013340376902841865,215400,4.306220984215413,0.013769730733519035,0.05744661095636026,0.05824867958989616,0.0712163416898793,0.6392253113234868,0.05428486642851156,False,0.0,40.0,0.04516362583260933,0.04536345207066319,0.046431568622468264,0.0443350277219919,0.00950587447732687,106.0,0.04668172347643915,0.043681016969478584,0.046114303153973565,0.04413759048169365,0.044888537520755514,0.04515810433368294,0.045952002088864796,0.043734289350764476,441449,-0.0001998262380538662,9.159419724362579e-05,-0.0004934578486315994,4.751127949605906,4.851137404323531,4.643190972820941,31190,0.009505874460054383,True,0.05282195556065913,0.046391456622839757,0.055118696134541234,0.05054234530159274,34834,0.011111111111111112,0.02,690600,0.07819287576020852,0.08476192079719994,0.0720928298189848,0.06602953953084274,0.0686974140616268,0.06345821259412104,200,0,0.5018034070981259,0.5051964668114647,0.498410347384787,True,True,True,0.024454097885896323,0.02437300897770055,0.02509563953088481,0.02363590625838788,0.00759049691259861,162.0,0.025126657104505117,0.02379518520106206,0.024868486778368136,0.024058660268351614,0.024172667737383028,0.024111505519323864,0.02463069777857316,0.023747299503481607,441449,8.10889081957718e-05,0.0006213971438272561,-0.0004757423307580114,2.200868809730669,2.2381638100531323,2.1652794241516453,3.2216728672272876,3.276265985222729,3.169576459947445,16888,0.007590496892051795,True,True,0.09803640121720159,0.0246311075386117,0.10125367257505759,0.09499348400853758,34834,0.05044019693020562
50.0,90.0,R50_D40_B,first_hop_content,90.0,0.550515061461644,0.5410489755284559,0.5568825735326528,0.5441475493906351,True,0.013340376902841865,215400,4.306220984215413,0.013769730733519035,0.05744661095636026,0.05824867958989616,0.0712163416898793,0.6392253113234868,0.10687757815738624,False,0.0,40.0,0.04516362583260933,0.04536345207066319,0.04639910701309342,0.04424839805987205,0.00950587447732687,106.0,0.046751969907264344,0.0437829995086371,0.04613823193039361,0.04418169061929347,0.044888537520755514,0.04515810433368294,0.04593972074063817,0.043822307475984805,441449,-0.0001998262380538662,7.536551205582459e-05,-0.00048702934879834284,4.751127949605906,4.853654666309327,4.647830223821482,31190,0.009505874460054383,True,0.04893001903156916,0.04627141051530516,0.05082655068613251,0.04722806577859286,68833,0.011111111111111112,0.02,690600,0.07819287576020852,0.08476192079719994,0.0720928298189848,0.06602953953084274,0.0686974140616268,0.06345821259412104,200,0,0.500503188921899,0.5037491699118034,0.4972572079319947,True,True,True,0.024454097885896323,0.02437300897770055,0.025055576134211322,0.023668079515886432,0.00759049691259861,162.0,0.02514398223652613,0.023849335825752865,0.024894764148574344,0.024026425062862858,0.024172667737383028,0.024111505519323864,0.02460049723277404,0.023749604302975753,441449,8.10889081957718e-05,0.0006490107898562305,-0.00048276210291662647,2.200868809730669,2.240528773371691,2.162378255657657,3.2216728672272876,3.2797278626966166,3.1653296753235676,16888,0.007590496892051795,True,True,0.08771955312132262,0.023680502084755858,0.08987444456128489,0.08564123720946153,68833,0.09967130031856357
50.0,90.0,R50_D40_B,cred_processor,90.0,0.5500265923023924,0.5398055342672937,0.5569019482706699,0.5431512363341149,True,0.013340376902841865,215400,4.306220984215413,0.013769730733519035,0.05744661095636026,0.05824867958989616,0.0712163416898793,0.5527584708948741,0.0739072917075982,False,0.0,40.0,0.04526209093541848,0.04536345207066319,0.04645043438875676,0.044295478037566484,0.00950587447732687,106.0,0.04700983232153726,0.04379908261928023,0.04632188640769975,0.044279757311542656,0.0452539065058221,0.04528534192568143,0.04633913988598367,0.044107565256120765,381735,-0.00010136113524471474,3.3263547427645386e-05,-0.00023703981545389872,4.761486292041725,4.872974769691493,4.658146654220524,31258,0.009505874460054383,True,0.04485604795126265,0.04522452589171662,0.046792447172908515,0.04290493731434924,40708,0.011111111111111112,0.02,690600,0.07761366927309586,0.08416155536240039,0.07153542628792947,0.0662612221256878,0.06893333522805152,0.06368560507379266,200,0,0.5013310440090513,0.5046544463878314,0.49800764163027106,True,True,True,0.024344048653344916,0.02437300897770055,0.02512851737697502,0.023668473011495373,0.00759049691259861,162.0,0.02531664602946727,0.023394978194041186,0.025009563911977027,0.023703804883188188,0.023917115276304243,0.024134543596997918,0.024598072713369314,0.02319403511281556,381735,-2.8960324355632783e-05,0.0002808391903188497,-0.00032738084460581964,2.1909643788010427,2.2508607520779322,2.133342439486937,3.207174576256819,3.2948520060873996,3.1228265053384123,16812,0.007590496892051795,True,True,0.024982804362778815,0.024761717598506434,0.02665597048560266,0.02343411257204761,40708,0.058945844193454965
50.0,90.0,R50_D40_B,content_server,90.0,0.5434606904809051,0.5358856516614277,0.5485561598715086,0.5383652210903015,True,0.013340376902841865,215400,4.306220984215413,0.013769730733519035,0.05744661095636026,0.05824867958989616,0.0712163416898793,,,False,0.0,40.0,0.05094700260642919,0.04536345207066319,0.04648453310085656,0.04434898897458849,0.00950587447732687,91.0,0.052332642233144516,0.04968484131702847,0.051816711062436224,0.05007907626977729,,,,,,0.005583550535766001,0.006439080550223046,0.0047646341345395785,4.5214932767086955,4.598678993931562,4.444465720717507,17592,0.011267738220217977,True,,,,,,0.011111111111111112,0.02,345300,0.048363741673906745,0.05603482684688418,0.041696429516822224,0.05919490298291341,0.0628140487738295,0.05577187163686974,200,0,0.4987129083905667,0.5032633031150682,0.49416251366606523,True,True,True,0.030570518389805967,0.02437300897770055,0.02508845254345264,0.02369918555065618,0.00759049691259861,129.0,0.03138830642703103,0.02971038622109968,0.03112211498649165,0.03000148654582277,,,,,,0.006197509412105415,0.007126776207346448,0.00523741868741421,2.751346655082537,2.8009903487842487,2.7001337891240493,3.098082708708136,3.1539827054495726,3.040415786149947,10556,0.009867560444360607,True,True,,,,,,
50.0,90.0,R50_D40_B,validator,90.0,0.5649480643838682,0.5557604364288475,0.5711282673019955,0.558767861465741,True,0.013340376902841865,215400,4.306220984215413,0.013769730733519035,0.05744661095636026,0.05824867958989616,0.0712163416898793,,,False,0.0,40.0,0.05258036490008688,0.04536345207066319,0.04638588896559528,0.044301013679640955,0.00950587447732687,88.0,0.05435779574670902,0.05083180803078997,0.053755381184247865,0.051386131943253,,,,,,0.007216912829423689,0.008317730350275162,0.006113700608932838,4.579655683545403,4.6819974990547015,4.475640130236977,9078,0.011481292161113096,True,,,,,,0.011111111111111112,0.02,172650,0.10950173812282735,0.12510984396951869,0.0956279912081695,0.08642261353104727,0.09253571839336065,0.08067744976789988,200,0,0.5055332688341931,0.5118838696697476,0.49918266799863864,True,True,True,0.0249290472053287,0.02437300897770055,0.02511878457621846,0.023621950365634144,0.00759049691259861,122.0,0.025984099863190613,0.02387437070108145,0.0256787047570408,0.02420877667858934,,,,,,0.0005560382276281494,0.0015789492552330813,-0.00040978864315952153,2.243614248479583,2.311083428133672,2.1787899010730403,3.0226116630002386,3.113506579295991,2.9352798818573014,4304,0.00824751902815864,True,True,,,,,,
50.0,90.0,R50_D40_B,gatekeeper,90.0,0.5490811236965677,0.5399437512033476,0.5552275214853196,0.5429347259078158,True,0.013340376902841865,215400,4.306220984215413,0.013769730733519035,0.05744661095636026,0.05824867958989616,0.0712163416898793,,,False,0.0,40.0,0.04511632396949512,0.04536345207066319,0.046421613644243236,0.044286428224746544,0.009505873546004295,106.0,0.04668770162904018,0.043601475813556057,0.04614109448339454,0.044170401436630424,,,,,,-0.00024712810116806643,0.00015943011356131954,-0.0006448124501209047,4.746151883141639,4.853955801466641,4.6466426231740625,23368,0.009505874460054383,True,,,,,,0.011111111111111112,0.02,517950,0.07683397683397683,0.08440435360979742,0.06989077003054925,0.06529461734496872,0.06836833954257153,0.062349836005046504,200,0,0.4992018560191151,0.5030466683373269,0.4953570437009033,True,True,True,0.023936673424075683,0.02437300897770055,0.025077651456184357,0.023629886250687702,0.00759049691259861,162.0,0.024590029818661256,0.023161293944411285,0.024374650857613693,0.023494502406403293,,,,,,-0.00043633555362486724,0.00030012654531817837,-0.0011821685309970898,2.1543006081668112,2.1937185771852326,2.1145052165762963,3.1535054640678912,3.2112062232891523,3.095252226636835,12398,0.007590496892051795,True,True,,,,,,
50.0,110.0,R50_D60_B,baseline,110.0,0.5453281345523893,0.5337582448098801,0.5531108034522538,0.5375454656525247,True,0.005146071499780323,215400,5.262237697307335,0.005227483751160632,0.027079851439182914,0.027222154811129676,0.032307335190343546,,,False,0.0,60.0,0.038227628149435276,0.038227628149435276,0.03924855499706338,0.037245040804322095,0.00778254633769393,129.0,0.039689898396478955,0.036676434271887264,0.03922708461952358,0.03720469188459887,,,,,,0.0,0.0,0.0,4.911969224554646,5.0403920344439985,4.780529433628681,6600,0.007782546347875635,True,,,,,,0.00909090909090909,0.02,172650,0.05272305909617613,0.06429440567117505,0.04313824827122155,0.051784059314179794,0.0566612447606316,0.04730563132225829,200,0,0.5030179395581834,0.5103594514801693,0.4956764276361976,True,True,True,0.019953663481030986,0.019953663481030986,0.0206488033095669,0.01927622867863206,0.00621498329564929,198.0,0.020931813259285007,0.018889632367573666,0.020645331018080432,0.019254821953577823,,,,,,0.0,0.0,0.0,2.1949029829134084,2.2709864119888477,2.1180304148935605,3.2105736238361704,3.321863941678092,3.098129000450822,3445,0.006214983930874399,True,True,,,,,,
50.0,110.0,R50_D60_B,first_hop_cred,110.0,0.545533088833909,0.535102607871836,0.5525493164385595,0.5385168612292586,True,0.005146071499780323,215400,5.262237697307335,0.005227483751160632,0.027079851439182914,0.027222154811129676,0.032307335190343546,0.7012713582392123,0.05322962308330821,False,0.0,60.0,0.03803069794381697,0.038227628149435276,0.039268771475059486,0.037257339763984265,0.00778254633769393,129.0,0.039470265471227575,0.03658027733945159,0.03895602499098335,0.03704470256227712,0.038048887255367564,0.03823472324890873,0.039040191570571994,0.03696904299350418,484298,-0.00019693020561830293,7.534653221139778e-05,-0.00048736433232344573,4.886665140670576,5.00556286460369,4.759971981713805,26264,0.007782546347875635,True,0.04432451053568353,0.038697823965091575,0.04650761964767027,0.042130012771580946,34834,0.00909090909090909,0.02,690600,0.052997393570807995,0.05853396762635481,0.04795783297514271,0.051694178974804515,0.05407976149772987,0.04940833330580543,200,0,0.49927964425434546,0.5028944552260843,0.4956648332826065,True,True,True,0.019876918621488562,0.019953663481030986,0.02064327867791317,0.0192643746073247,0.006214983761310577,198.0,0.0204494522292891,0.019294231628827326,0.020268987647851473,0.01947186183381253,0.019735782514071914,0.019843154421451254,0.020140842763643113,0.019345120550121657,484298,-7.674485954242688e-05,0.0005333909374493951,-0.0006916155841426911,2.186461048363742,2.229588641263662,2.1419048017193782,3.1982252637444932,3.2613097432417315,3.1330510344655056,13727,0.006214983930874399,True,True,0.0893092955158753,0.020554630533386922,0.09232790138521638,0.08620809957327871,34834,0.05044019693020562
50.0,110.0,R50_D60_B,first_hop_content,110.0,0.545533088833909,0.535102607871836,0.5525493164385595,0.5385168612292586,True,0.005146071499780323,215400,5.262237697307335,0.005227483751160632,0.027079851439182914,0.027222154811129676,0.032307335190343546,0.7012713582392123,0.10469999876109337,False,0.0,60.0,0.03803069794381697,0.038227628149435276,0.03923346862429168,0.03715036095967044,0.00778254633769393,129.0,0.039404482073722616,0.03658605729083083,0.039031693005704776,0.037038536078051555,0.038048887255367564,0.03823472324890873,0.03910031523002799,0.03700715878977856,484298,-0.00019693020561830293,8.395542935195459e-05,-0.00047617001023457826,4.886665140670576,5.015285648296727,4.759179633817637,26264,0.007782546347875635,True,0.04202925922159429,0.03862972702046983,0.04372300604822986,0.04037999338290019,68833,0.00909090909090909,0.02,690600,0.052997393570807995,0.05853396762635481,0.04795783297514271,0.051694178974804515,0.05407976149772987,0.04940833330580543,200,0,0.5037524253534647,0.507779976639854,0.4997248740670753,True,True,True,0.019876918621488562,0.019953663481030986,0.02064597930872387,0.019258299743768834,0.006214983761310577,198.0,0.02043241592334686,0.019283549651635232,0.020260557505962506,0.0194833326332541,0.019735782514071914,0.019843154421451254,0.020151908760107674,0.019331930252729695,484298,-7.674485954242688e-05,0.0005029766561423179,-0.0006672091172836525,2.186461048363742,2.228661325655876,2.1431665896579513,3.1982252637444932,3.259953321087993,3.134896702864516,13727,0.006214983930874399,True,True,0.07781151482573766,0.01975796492961225,0.0796697392854475,0.07590902998349908,68833,0.09967130031856357
50.0,110.0,R50_D60_B,cred_processor,110.0,0.5458075501025099,0.5344904008245992,0.5534202091407989,0.5381948910642209,True,0.005146071499780323,215400,5.262237697307335,0.005227483751160632,0.027079851439182914,0.027222154811129676,0.032307335190343546,0.5550405444540979,0.07218420551458216,False,0.0,60.0,0.03813350709527947,0.038227628149435276,0.03929378315760833,0.03723050723729425,0.00778254633769393,129.0,0.03959401074332159,0.03671282096399158,0.03914215944102803,0.03707455419583989,0.037937862466769806,0.03805526061083559,0.03906634503372178,0.036825375665849716,383311,-9.412105415580655e-05,3.7701184779056216e-05,-0.00022458200152674263,4.899875360933583,5.029479773250882,4.763807697201823,26335,0.007782546347875635,True,0.037216271985850445,0.03711801120172939,0.03910802323130916,0.035291173744518865,40708,0.00909090909090909,0.02,690600,0.05372140167969881,0.059291442254061785,0.04864756955475433,0.05134665508253693,0.053724842610143826,0.04906828172424694,200,0,0.5039221701248046,0.5081179538163056,0.4997263864333035,True,True,True,0.020201274254271647,0.019953663481030986,0.020593355863570112,0.019291360925649693,0.006214983761310577,198.0,0.021062357668302903,0.01930888963871931,0.02082958245239125,0.01959045841506875,0.019835068651825803,0.01961592544956967,0.020487937238779685,0.01916156822024961,383311,0.0002476107732406603,0.0005622411965538078,-6.086033339054907e-05,2.222140167969881,2.2912540697630375,2.1549504256575625,3.2504145592263,3.351510266811051,3.1521333977628685,13951,0.006214983930874399,True,True,0.020954112213815466,0.020904981821754938,0.022434515864293687,0.01955782725442573,40708,0.058945844193454965
50.0,110.0,R50_D60_B,content_server,110.0,0.5421168470463579,0.533455991919084,0.5479427079098036,0.5362909861829122,True,0.005146071499780323,215400,5.262237697307335,0.005227483751160632,0.027079851439182914,0.027222154811129676,0.032307335190343546,,,False,0.0,60.0,0.042557196640602375,0.038227628149435276,0.0392160273808058,0.03719408986857766,0.00778254633769393,111.0,0.043921339860688774,0.041343073036878265,0.0434606672789576,0.04167674032805417,,,,,,0.004329568491167101,0.0051391704397661525,0.003542858432945075,4.614768508708525,4.712738022199615,4.5192945962994395,14695,0.009221956975803388,True,,,,,,0.00909090909090909,0.02,345300,0.038227628149435276,0.04515329080330811,0.03232826628032759,0.048189979727772954,0.05148632382400552,0.04509464617319038,200,0,0.5030948622402229,0.5080625039455509,0.49812722053489505,True,True,True,0.025262090935418476,0.019953663481030986,0.02063302521607078,0.0192701476197103,0.00621498329564929,157.0,0.026008242679275945,0.024529416945668122,0.025767217475558605,0.024738481666266108,,,,,,0.0053084274543874896,0.006168725931096692,0.004469964952246617,2.7788300028960324,2.8343939223114467,2.721232983289272,3.126508413821093,3.1890243148931705,3.0617050374994457,8723,0.008079968959541089,True,True,,,,,,
50.0,110.0,R50_D60_B,validator,110.0,0.5560677569209596,0.5463672489298038,0.5625929566882722,0.5495425571536469,True,0.005146071499780323,215400,5.262237697307335,0.005227483751160632,0.027079851439182914,0.027222154811129676,0.032307335190343546,,,False,0.0,60.0,0.04466261222125688,0.038227628149435276,0.039245925084481756,0.0372033268384252,0.00778254633769393,107.0,0.04638716951599257,0.043107366907854036,0.0456957181191544,0.04356737655325193,,,,,,0.006434984071821605,0.00754257318621284,0.005355006954973662,4.7522131309438995,4.862138170467395,4.635677329204698,7711,0.009398276337910343,True,,,,,,0.00909090909090909,0.02,172650,0.0712630359212051,0.08437583348658023,0.06005443065509525,0.07008804448563485,0.07566709259054004,0.0648914696073417,200,0,0.49774514556683325,0.5045162393036899,0.4909740518299766,True,True,True,0.02063712713582392,0.019953663481030986,0.020611222396557435,0.019289930945506153,0.00621498329564929,149.0,0.021579646162633137,0.019757057103310317,0.021284435219170946,0.02000881984388166,,,,,,0.0006834636547929337,0.001573094335626127,-0.00023170603962436548,2.2700839849406313,2.341287874108804,2.2009701828269828,3.0565540449379656,3.152426504677813,2.9634957824186428,3563,0.006751762551034089,True,True,,,,,,
50.0,110.0,R50_D60_B,gatekeeper,110.0,0.5439860928745134,0.5335515598493805,0.5510050461633197,0.5369671395857071,True,0.005146071499780323,215400,5.262237697307335,0.005227483751160632,0.027079851439182914,0.027222154811129676,0.032307335190343546,,,False,0.0,60.0,0.03808089583936673,0.038227628149435276,0.0392472221107015,0.03725927474285293,0.007782545872032642,129.0,0.039580751504207354,0.03665065465625466,0.039141482562202755,0.03712330670104003,,,,,,-0.00014673231006853942,0.0002295288411039568,-0.000531302566189233,4.893115201268476,5.0293927992972405,4.770072035764157,19724,0.007782546347875635,True,,,,,,0.00909090909090909,0.02,517950,0.055598455598455596,0.0621742713292825,0.04968128278571662,0.052011738358174374,0.05478317071286138,0.049373186784337435,200,0,0.5007763387634594,0.5051905644649828,0.496362113061936,True,True,True,0.02019886089390868,0.019953663481030986,0.020651461978095725,0.019267447597470358,0.006214983761310577,198.0,0.0208420691115254,0.019551396421420765,0.02062376072133071,0.019766943370238384,,,,,,0.0002451974128776909,0.0009510845923431458,-0.000490637765757668,2.221874698329955,2.268613679346378,2.174363770726222,3.2500262460158704,3.3183932493980093,3.180530085048399,10462,0.006214983930874399,True,True,,,,,,
40.0,40.0,R40_control,baseline,40.0,0.8888475962214435,0.8851829073198817,0.8913127070372427,0.8863824854056442,False,0.1484171823154874,215400,1.9154456824512536,0.14642525533890435,0.28428505106778085,0.33305232241923205,0.43071030640668523,,,True,1.0,0.0,0.7957304250721506,0.7957304250721506,0.8021953857269021,0.7892953070345534,0.7371342182159424,1.0,0.8056353453277091,0.7869558069238839,0.8024523198503006,0.7893000611767961,,,,,,0.0,0.0,0.0,1.079491888805065,1.088610845001513,1.0707684248675502,109736,0.7371342326184388,True,,,,,,0.025,0.025,137906,1.0,1.0,0.9972220540567462,1.0,1.0,0.9994431733438689,200,0,0.5027563973590188,0.5062340565586698,0.49927873815936774,True,True,True,0.7926486157237539,0.7926486157237539,0.7995353375436932,0.7860635845560278,0.7339133024215698,1.0,0.8020694056457551,0.7835249400585493,0.7990404516226111,0.7858660364976315,,,,,,0.0,0.0,0.0,31.705944628950157,31.961618064904442,31.43464145990526,1.0800303677161183,1.0887396201380386,1.0707887045247129,109311,0.7339132670870403,True,True,,,,,,
40.0,40.0,R40_control,first_hop_cred,40.0,0.8888475962214436,0.8851847070029067,0.8913114964520583,0.8863836959908289,False,0.1484171823154874,215400,1.9154456824512536,0.14642525533890435,0.28428505106778085,0.33305232241923205,0.43071030640668523,0.15070772845271416,0.27435225058339546,True,1.0,0.0,0.7957304250721506,0.7957304250721506,0.8024654328371175,0.7892688143638866,0.7371342778205872,1.0,0.8052142440374431,0.7861969827185787,0.8024688566317488,0.7894082082994079,0.7947771068395603,0.7947771068395603,0.8014384848506628,0.7879258701576713,83134,0.0,1.2777661128600897e-05,-1.2724720895648276e-05,1.079491888805065,1.0886332788822317,1.0709151377969277,438944,0.7371342326184388,True,0.7977312264424471,0.7979486807770368,0.8055743986607389,0.789804825838847,27592,0.025,0.025,551624,1.0,1.0,0.9993040635588265,1.0,0.9999999999999999,0.9998607402247922,200,0,0.4989182457962362,0.5007311184254208,0.4971053731670516,True,True,True,0.7926341130915261,0.7926486157237539,0.799122723716345,0.7861274908258756,0.7339133024215698,1.0,0.8022672663386035,0.783720943090152,0.7991443714794064,0.7859955836401035,0.7916375971323406,0.7916496259051652,0.7985077331923334,0.7848096280365213,83134,-1.4502632227749336e-05,-3.6144901276318702e-06,-2.7232136535536898e-05,31.705364523661043,31.965774859176257,31.43982334560414,1.080010607026568,1.0888812170561701,1.0709652201271438,437236,0.7339132670870403,True,True,0.7951942592055669,0.7954117135401566,0.8033363786451948,0.7874923376428044,27592,0.050019578553507464
40.0,40.0,R40_control,first_hop_content,40.0,0.8888475962214436,0.8851847070029067,0.8913114964520583,0.8863836959908289,False,0.1484171823154874,215400,1.9154456824512536,0.14642525533890435,0.28428505106778085,0.33305232241923205,0.43071030640668523,0.15070772845271416,0.5492939110351962,True,1.0,0.0,0.7957304250721506,0.7957304250721506,0.8023897231605452,0.7894189070859368,0.7371342778205872,1.0,0.8054462182432945,0.7865489590060661,0.8018984897519265,0.7892470298740684,0.7947771068395603,0.7947771068395603,0.8014108465792797,0.7882724887191557,83134,0.0,1.4512013589720008e-05,-1.2711208110660822e-05,1.079491888805065,1.0878595163101201,1.0706964823360803,438944,0.7371342326184388,True,0.7946913513415976,0.7947815731066963,0.8021204558756032,0.7874313798278237,55419,0.025,0.025,551624,1.0,1.0,0.9993040635588265,1.0,0.9999999999999999,0.9998607402247922,200,0,0.5001047058738404,0.5017896847692387,0.49841972697844206,True,True,True,0.7926341130915261,0.7926486157237539,0.7991114362349551,0.7858240651047717,0.7339133024215698,1.0,0.8029418981321075,0.7835231320426618,0.7991574393815353,0.786049048566836,0.7916375971323406,0.7916496259051652,0.7988917206673062,0.7848534351056871,83134,-1.4502632227749336e-05,-3.6140034722288513e-06,-2.711132680304351e-05,31.705364523661043,31.96629757526141,31.44196194267344,1.080010607026568,1.0888990228415603,1.0710380692349748,437236,0.7339132670870403,True,True,0.7916238113282448,0.7918222992114617,0.7984898382157005,0.7843817851010223,55419,0.10046517192870506
40.0,40.0,R40_control,cred_processor,40.0,0.8888475962214436,0.8851829073198818,0.8913127070372429,0.8863824854056443,False,0.1484171823154874,215400,1.9154456824512536,0.14642525533890435,0.28428505106778085,0.33305232241923205,0.43071030640668523,0.04314714370658274,0.7872778454686777,True,1.0,0.0,0.7957304250721506,0.7957304250721506,0.802338710238012,0.7891328723351461,0.7371342778205872,1.0,0.8056687525853227,0.785939473773311,0.802270271969071,0.7893032328652858,0.7797571530607957,0.7797571530607957,0.7871267242154553,0.7723760444063421,23801,0.0,0.0,0.0,1.079491888805065,1.0883638779320515,1.0707727275960757,438944,0.7371342326184388,True,0.7945604513537546,0.7945604513537546,0.802193319799729,0.7872871970836922,32613,0.025,0.025,551624,1.0,1.0,0.9993040635588265,1.0,0.9999999999999999,0.9998607402247922,200,0,0.49871563823520465,0.5004172923669994,0.49701398410340997,True,True,True,0.7926486157237539,0.7926486157237539,0.7991890322531938,0.7864226594044015,0.7339133024215698,1.0,0.8025843681692615,0.783421725212116,0.7993995483728952,0.7860615423028848,0.7766060249569345,0.7766060249569345,0.7840929240923671,0.7693036035949903,23801,0.0,0.0,0.0,31.705944628950157,31.975981934915808,31.442461692115394,1.0800303677161183,1.0892289105847277,1.0710550926853049,437244,0.7339132670870403,True,True,0.7919234661024744,0.7919234661024744,0.7996113480762399,0.7841802145896029,32613,0.05912179310544864
40.0,40.0,R40_control,content_server,40.0,0.9923425900890839,0.9917720553717573,0.9927263692693225,0.9919588109088453,False,0.1484171823154874,215400,1.9154456824512536,0.14642525533890435,0.28428505106778085,0.33305232241923205,0.43071030640668523,,,True,1.0,0.0,0.9848229953736604,0.7957304250721506,0.8025723665104961,0.7894252664679487,0.7371342182159424,1.0,0.9857424159802259,0.9837695882628607,0.9854869377573947,0.9841383674343087,,,,,,0.18909257030150972,0.19562242085798426,0.18220880355944408,1.0078378857108308,1.0085173441428537,1.007137258310642,271626,0.9771640948772848,True,,,,,,0.025,0.025,275812,1.0,1.0,0.9986090950990596,1.0,1.0000000000000002,0.9997215293244102,200,0,0.5013928779049074,0.5044792209838209,0.4983065348259939,True,True,True,0.9847287282641799,0.7926486157237539,0.7993359950933844,0.7863397639824711,0.7339133024215698,1.0,0.9856940703013922,0.9837701049042148,0.9853602994563959,0.9840806184454884,,,,,,0.1920801125404261,0.19866870860326732,0.18535695732725857,39.3891491305672,39.414411978255835,39.363224737819536,1.0080718121140666,1.0087183547586978,1.0074083387933186,271600,0.9768438284164171,True,True,,,,,,
40.0,40.0,R40_control,validator,40.0,0.8886963446341828,0.8849879786187285,0.8911908355498354,0.8862018537185302,False,0.1484171823154874,215400,1.9154456824512536,0.14642525533890435,0.28428505106778085,0.33305232241923205,0.43071030640668523,,,True,1.0,0.0,0.7960277290328195,0.7957304250721506,0.8023317205767906,0.7894947326425162,0.7371342182159424,1.0,0.8053479312587162,0.7868102223786586,0.8022980720882654,0.7894797483148469,,,,,,0.0002973039606688614,0.0008854835699878722,-0.00027660770500439737,1.0755600420662452,1.0840322726111276,1.0667126788908083,109777,0.7401053385207398,True,,,,,,0.025,0.025,137906,1.0,1.0,0.9972220540567462,1.0,1.0,0.9994431733438689,200,0,0.5003615582658979,0.5037471846534234,0.49697593187837247,True,True,True,0.7927718880976897,0.7926486157237539,0.7995906714331926,0.7860599516013503,0.7339133024215698,1.0,0.801448284267377,0.7835581759655489,0.7993320254060928,0.7865799004413757,,,,,,0.00012327237393586936,0.0007092487339194035,-0.00046616074858021693,31.71087552390759,31.973281016243714,31.46319601765503,1.075800393581375,1.0847025738986698,1.0673977964942127,109328,0.7369135509037379,True,True,,,,,,
40.0,40.0,R40_control,gatekeeper,40.0,0.8888475962214436,0.8851829073198818,0.8913127070372429,0.8863824854056443,False,0.1484171823154874,215400,1.9154456824512536,0.14642525533890435,0.28428505106778085,0.33305232241923205,0.43071030640668523,,,True,1.0,0.0,0.7957304250721506,0.7957304250721506,0.8021423767577028,0.7891913774757273,0.7371342182159424,1.0,0.8057706996153899,0.7858048725326535,0.8025125960323523,0.7892069633550156,,,,,,0.0,0.0,0.0,1.079491888805065,1.0886926159726393,1.0706421278952203,329208,0.7371342326184388,True,,,,,,0.025,0.025,413718,1.0,1.0000000000000002,0.9990722999518588,1.0,1.0,0.9998143311620662,200,0,0.5009693415658946,0.5029262821988395,0.49901240093294963,True,True,True,0.79264136440764,0.7926486157237539,0.7993150073690206,0.7856330745487893,0.733913242816925,1.0,0.802687231027443,0.7838111480385429,0.7995137566761408,0.7860139144518603,,,,,,-7.251316113874668e-06,0.0,-2.1835189446193962e-05,31.705654576305598,31.98055026704563,31.440556578074414,1.080020487371343,1.0893845261163815,1.0709901969365012,327930,0.7339132670870403,True,True,,,,,,
