R,T,cell,vantage,L,auc,auc_adj_lo,auc_hi,auc_lo,bundle,bundle_alone_share,bundle_bundles,bundle_mean,bundle_p0,bundle_p1,bundle_p1_nonempty,bundle_p_lt2,calibration_error,claim_rate,claims_on_own_records,conf_max,conf_mean,conf_p50,conf_p90,conf_p99,control,count_p50,coverage_p50,decisions,decoys,dev_accuracy,dev_baseline,dev_baseline_hi,dev_baseline_lo,dev_baseline_random,dev_candidates_median,dev_ci_adj_hi,dev_ci_adj_lo,dev_ci_hi,dev_ci_lo,dev_claimed,dev_claimed_baseline,dev_claimed_hi,dev_claimed_lo,dev_claimed_n,dev_contribution,dev_contribution_hi,dev_contribution_lo,dev_lift_random,dev_lift_random_hi,dev_lift_random_lo,dev_n_correct,dev_random,dev_signal_random,dev_took_part,dev_took_part_baseline,dev_took_part_hi,dev_took_part_lo,dev_took_part_n,inv_L,inv_R,n,p_at_1,p_at_10,p_at_10_hi,p_at_10_lo,p_at_1_hi,p_at_1_lo,p_at_25,p_at_25_hi,p_at_25_lo,p_at_5,p_at_5_hi,p_at_5_lo,reliability,runs,runs_needed,shuffle_auc,shuffle_auc_hi,shuffle_auc_lo,signal,signal_auc,stable,sub_accuracy,sub_baseline,sub_baseline_hi,sub_baseline_lo,sub_baseline_random,sub_candidates_median,sub_ci_adj_hi,sub_ci_adj_lo,sub_ci_hi,sub_ci_lo,sub_claimed,sub_claimed_baseline,sub_claimed_hi,sub_claimed_lo,sub_claimed_n,sub_contribution,sub_contribution_hi,sub_contribution_lo,sub_lift,sub_lift_hi,sub_lift_lo,sub_lift_random,sub_lift_random_hi,sub_lift_random_lo,sub_n_correct,sub_random,sub_signal_L,sub_signal_random,sub_took_part,sub_took_part_baseline,sub_took_part_hi,sub_took_part_lo,sub_took_part_n,took_part_rate
1.0,61.0,R1_D60_B,baseline,61.0,0.5803515567669553,0.5613317466306942,0.59314553217408,0.5675575813598306,True,0.1709445280964764,4145670,1.766339819619024,0.17090988911321933,0.3019461269227893,0.364189758094971,0.47285601603600863,0.023838116166865486,,,0.18318373288141063,0.07584324469822722,0.07315064200496295,0.09690885561940646,0.1259002156583028,False,3,7.526908698597486e-05,39857,60.0,0.0996813608650927,0.0996813608650927,0.10404892563559877,0.09541502086281993,0.020189518108963966,50.0,0.10596995478755276,0.09355048324570842,0.10389263898873698,0.09527228320970069,,,,,,0.0,0.0,0.0,4.937282678895005,5.145870025169483,4.718898193079932,3973,0.020189518678197706,True,,,,,,0.01639344262295082,1.0,39857,0.2681704260651629,0.16934269944806823,0.18130304085172502,0.15801907828351966,0.31369807006475564,0.22706419273316542,0.1418105178643115,0.14879841651913078,0.13509870107763072,0.1826392373306573,0.2002072682936565,0.16629226304765946,"[{'conf': 0.053741665009252405, 'hit': 0.07150025087807325, 'n': 3986}, {'conf': 0.06032769164461212, 'hit': 0.07927747114902157, 'n': 3986}, {'conf': 0.06433942599123411, 'hit': 0.08028098344204716, 'n': 3986}, {'conf': 0.06790164043822386, 'hit': 0.08479678876066232, 'n': 3986}, {'conf': 0.07139607762353237, 'hit': 0.08529854490717512, 'n': 3986}, {'conf': 0.0750939656289587, 'hit': 0.09031610637230306, 'n': 3986}, {'conf': 0.07935017943175848, 'hit': 0.0958354239839438, 'n': 3986}, {'conf': 0.08452875603002272, 'hit': 0.11417816813048934, 'n': 3985}, {'conf': 0.09181869756643025, 'hit': 0.1272271016311167, 'n': 3985}, {'conf': 0.10994909092241782, 'hit': 0.16813048933500627, 'n': 3985}]",200,0,0.4973797466866346,0.5065534356144571,0.4882060577588121,True,True,True,0.047670421757784076,0.047670421757784076,0.04996634200834368,0.04548631415140964,0.017255783081054688,85.0,0.05114478494290806,0.04485537362751184,0.04982141333898478,0.045427363916284866,,,,,,0.0,0.0,0.0,2.9078957272248287,3.0391062136780715,2.7710691988933767,2.7625765926617025,2.887229968363526,2.6325878310686677,1900,0.017255782838532747,True,True,,,,,,
1.0,61.0,R1_D60_B,first_hop_cred,61.0,0.5800466104150264,0.5622668733501613,0.5920064311032124,0.5680867897268403,True,0.1709445280964764,4145670,1.766339819619024,0.17090988911321933,0.3019461269227893,0.364189758094971,0.47285601603600863,0.022998680308890268,0.4532641694056251,0.057387598079238336,0.44985583014731595,0.07634396966476555,0.07358051721811718,0.0976689211941951,0.12738428756053446,False,57,0.00035752816318338057,159428,60.0,0.09934264997365581,0.0996813608650927,0.10397809456038894,0.09545878082621298,0.020189518108963966,50.0,0.10552544542563205,0.092971606994847,0.10345163409490284,0.09493934883463062,0.09869504449026473,0.09942847653709368,0.10311610349720537,0.0943087509545106,72263,-0.00033871089143688686,0.0005138579820112217,-0.0011955541880890681,4.920506108000194,5.124026765760314,4.702407736800279,15838,0.020189518678197706,True,0.1098503740648379,0.10249376558603492,0.1170849619285281,0.10256394103565579,8020,0.01639344262295082,1.0,159428,0.26286072772898367,0.16308097597691776,0.16889666420867028,0.15742760961436236,0.28502172694279937,0.24183996773498506,0.14030157814185715,0.1437458289067395,0.13692665690564845,0.1788985070881947,0.1874664008237478,0.17063996073431772,"[{'conf': 0.05400196796376694, 'hit': 0.071692905977545, 'n': 15943}, {'conf': 0.060632558314858316, 'hit': 0.0781534215643229, 'n': 15943}, {'conf': 0.06472488661478927, 'hit': 0.08016057203788496, 'n': 15943}, {'conf': 0.06832279335956304, 'hit': 0.08223044596374585, 'n': 15943}, {'conf': 0.07186193342775032, 'hit': 0.08499027786489369, 'n': 15943}, {'conf': 0.07560369269112675, 'hit': 0.09389700809132534, 'n': 15943}, {'conf': 0.0798688915758567, 'hit': 0.09521420058960045, 'n': 15943}, {'conf': 0.08508171664106075, 'hit': 0.11296493759016496, 'n': 15943}, {'conf': 0.09250763513814343, 'hit': 0.1310375109772927, 'n': 15942}, {'conf': 0.11083679827092999, 'hit': 0.16309120562037385, 'n': 15942}]",200,0,0.4997694116717544,0.5042991096262943,0.49523971371721454,True,True,True,0.046811099681360865,0.047670421757784076,0.049900940075432554,0.045543663051205656,0.017255783081054688,85.0,0.04900367205334803,0.04462377620440978,0.048285892585093804,0.04539610501300756,0.04392289276669942,0.046053997204655216,0.04550305714102948,0.04238854697390124,72263,-0.000859322076423213,0.0005000090446335113,-0.0021311295832064352,2.8554770805630127,2.945439447690722,2.769162405793461,2.7127775146097743,2.798244103841512,2.63077632801663,7463,0.017255782838532747,True,True,0.11259351620947632,0.04700748129675811,0.11983635703252632,0.10541249306006986,8020,0.0503048398022932
1.0,61.0,R1_D60_B,first_hop_content,61.0,0.5800466104150264,0.5622668733501613,0.5920064311032124,0.5680867897268403,True,0.1709445280964764,4145670,1.766339819619024,0.17090988911321933,0.3019461269227893,0.364189758094971,0.47285601603600863,0.022998680308890268,0.4532641694056251,0.11613135352808492,0.44985583014731595,0.07634396966476555,0.07358051721811718,0.0976689211941951,0.12738428756053446,False,57,0.00035752816318338057,159428,60.0,0.09934264997365581,0.0996813608650927,0.10430459082750466,0.09551276882932141,0.020189518108963966,50.0,0.10574480250897254,0.09334834804034108,0.10354493142595461,0.09521616652747496,0.09869504449026473,0.09942847653709368,0.10293418365689676,0.0940302851156479,72263,-0.00033871089143688686,0.0005426233073268548,-0.0011683344579983817,4.920506108000194,5.128647843287661,4.716118697287081,15838,0.020189518678197706,True,0.10503132948694088,0.09975804950679322,0.11084275383811625,0.09911927502886898,16119,0.01639344262295082,1.0,159428,0.26286072772898367,0.16308097597691776,0.16889666420867028,0.15742760961436236,0.28502172694279937,0.24183996773498506,0.14030157814185715,0.1437458289067395,0.13692665690564845,0.1788985070881947,0.1874664008237478,0.17063996073431772,"[{'conf': 0.05400196796376694, 'hit': 0.071692905977545, 'n': 15943}, {'conf': 0.060632558314858316, 'hit': 0.0781534215643229, 'n': 15943}, {'conf': 0.06472488661478927, 'hit': 0.08016057203788496, 'n': 15943}, {'conf': 0.06832279335956304, 'hit': 0.08223044596374585, 'n': 15943}, {'conf': 0.07186193342775032, 'hit': 0.08499027786489369, 'n': 15943}, {'conf': 0.07560369269112675, 'hit': 0.09389700809132534, 'n': 15943}, {'conf': 0.0798688915758567, 'hit': 0.09521420058960045, 'n': 15943}, {'conf': 0.08508171664106075, 'hit': 0.11296493759016496, 'n': 15943}, {'conf': 0.09250763513814343, 'hit': 0.1310375109772927, 'n': 15942}, {'conf': 0.11083679827092999, 'hit': 0.16309120562037385, 'n': 15942}]",200,0,0.49841581690850806,0.5029120317920837,0.49391960202493246,True,True,True,0.046811099681360865,0.047670421757784076,0.04994966349466305,0.04559530805883502,0.017255783081054688,85.0,0.048910493348796456,0.04470051402800817,0.04828065112438697,0.04535944773665243,0.04392289276669942,0.046053997204655216,0.045464605733444054,0.04238660437129951,72263,-0.000859322076423213,0.0005010127972679583,-0.0022353987094000977,2.8554770805630127,2.945119718587605,2.7669263119357983,2.7127775146097743,2.79794035287548,2.6286519806776454,7463,0.017255782838532747,True,True,0.1097462621750729,0.04590855512128544,0.11485919869859494,0.1046102608380448,16119,0.10110520109391073
1.0,61.0,R1_D60_B,cred_processor,61.0,0.5812956218169957,0.5624506951275001,0.5939719591141182,0.5686192845198732,True,0.1709445280964764,4145670,1.766339819619024,0.17090988911321933,0.3019461269227893,0.364189758094971,0.47285601603600863,0.02358573740923935,0.5370323907970996,0.06759092714148894,0.18606845692464835,0.07580709195574045,0.07315064200496295,0.09690885561940646,0.1259002156583028,False,19,0.0001191760543944602,159428,60.0,0.0993928293649798,0.0996813608650927,0.10407913679464904,0.09574185463826844,0.020189518108963966,50.0,0.10602528023202223,0.09310434786240307,0.10364372541496221,0.09509715659958203,0.09964026256161088,0.0999556168095494,0.1041531731296388,0.09504113716967182,85618,-0.00028853150011290364,0.00017679742191951847,-0.0007693678707224335,4.922991525910536,5.133541173860929,4.710224058103758,15846,0.020189518678197706,True,0.09690128846768183,0.0982855925886487,0.10363483030476668,0.0900778861516766,9391,0.01639344262295082,1.0,159428,0.26286072772898367,0.16671893621024902,0.17258471940429915,0.16101372217788168,0.28502172694279937,0.24183996773498506,0.14150588353363275,0.14496221873152806,0.1381186457423885,0.1844185171245766,0.19308372038311863,0.17605734330092668,"[{'conf': 0.05373094642543848, 'hit': 0.06974847895628175, 'n': 15943}, {'conf': 0.06030300889476683, 'hit': 0.07909427334880512, 'n': 15943}, {'conf': 0.06430597679350691, 'hit': 0.08028601894248259, 'n': 15943}, {'conf': 0.0678695090717282, 'hit': 0.08542934203098539, 'n': 15943}, {'conf': 0.07135233644725339, 'hit': 0.08486483096029605, 'n': 15943}, {'conf': 0.07505771194718348, 'hit': 0.08862823809822493, 'n': 15943}, {'conf': 0.07930800225369726, 'hit': 0.09816220284764474, 'n': 15943}, {'conf': 0.08448618266351178, 'hit': 0.11290221413786615, 'n': 15943}, {'conf': 0.0917652055382099, 'hit': 0.12827750595910176, 'n': 15942}, {'conf': 0.10989517859256047, 'hit': 0.16654121189311252, 'n': 15942}]",200,0,0.5031727207804799,0.508177765233991,0.49816767632696873,True,True,True,0.047250169355445716,0.047670421757784076,0.0498983692155556,0.04548243073845483,0.017255783081054688,85.0,0.04991637522877033,0.04451256822055771,0.04914745783062454,0.045321164481015926,0.04671914784274335,0.047852087177929874,0.048615987475999274,0.04470020446104511,85618,-0.00042025240233835965,0.00046772529683975086,-0.0013498369255355923,2.882260330682189,2.997994927668097,2.7645910333419716,2.738222299015869,2.8481731771030754,2.6264334052589158,7533,0.017255782838532747,True,True,0.04908955382813332,0.04823767436907678,0.05339535183900558,0.044787309871367274,9391,0.05890433299044082
1.0,61.0,R1_D60_B,content_server,61.0,0.5664441323523962,0.5533561143383531,0.5752479941890838,0.5576402705157086,True,0.1709445280964764,4145670,1.766339819619024,0.17090988911321933,0.3019461269227893,0.364189758094971,0.47285601603600863,0.03146350263567632,,,0.8232807488902424,0.0660726892503161,0.06281394820465626,0.08289053682876897,0.12540937723381856,False,0,0.0,79714,60.0,0.09753619188599243,0.0996813608650927,0.10406495980061715,0.09545579970931288,0.020189519971609116,47.0,0.1027218184501342,0.09211882738072519,0.1008786417944081,0.09414513637135012,,,,,,-0.0021451689791002833,0.00030043922056385966,-0.004664727710675273,4.502990761645264,4.657302927907102,4.346434601727629,7775,0.02166031356687827,True,,,,,,0.01639344262295082,1.0,79714,0.06649937264742785,0.12595659264835027,0.13342122059012557,0.11885231603240709,0.08595964540168849,0.05119791257794562,0.1255519871537535,0.1302246711416578,0.12102363770963043,0.12192674360260913,0.13245006344366098,0.11213144910323868,"[{'conf': 0.04714330243497845, 'hit': 0.0668590065228299, 'n': 7972}, {'conf': 0.05239730303912169, 'hit': 0.07112393376818867, 'n': 7972}, {'conf': 0.05564332860285331, 'hit': 0.08391871550426493, 'n': 7972}, {'conf': 0.0585129863302143, 'hit': 0.08893627696939288, 'n': 7972}, {'conf': 0.06132599302171929, 'hit': 0.09045289173253042, 'n': 7971}, {'conf': 0.0642916901370127, 'hit': 0.09622381131602058, 'n': 7971}, {'conf': 0.06769803890225401, 'hit': 0.10889474344498808, 'n': 7971}, {'conf': 0.0719410072517995, 'hit': 0.11428929870781583, 'n': 7971}, {'conf': 0.0782113547438118, 'hit': 0.12834023334587882, 'n': 7971}, {'conf': 0.10356823527770909, 'hit': 0.12633295696901267, 'n': 7971}]",200,0,0.504203594426128,0.5106980401770338,0.4977091486752223,True,True,True,0.05237473969440751,0.047670421757784076,0.049878179673372144,0.04549390862042276,0.017255783081054688,76.0,0.05478855876072991,0.04984883901529709,0.05405222555383535,0.05071747310612972,,,,,,0.0047043179366234285,0.00729214700824108,0.0020154047262986117,3.1948591213588577,3.2971857587839564,3.0937658594739132,2.680071993703348,2.7659107567772576,2.5952678725705445,4175,0.019542288348021433,True,True,,,,,,
1.0,61.0,R1_D60_B,validator,61.0,0.5773391111578535,0.5583918753447339,0.5900842683013463,0.5645939540143607,True,0.1709445280964764,4145670,1.766339819619024,0.17090988911321933,0.3019461269227893,0.364189758094971,0.47285601603600863,0.014809604431092353,,,0.1980688413756846,0.07767101377900876,0.07488535948913438,0.09940093588717494,0.12989671750816922,False,0,0.0,39857,60.0,0.09248061821010112,0.0996813608650927,0.10377636843102234,0.09539512271463683,0.020189518108963966,55.0,0.09752218096082259,0.08672040790467063,0.09634960151832771,0.08865466522869689,,,,,,-0.007200742654991595,-0.0038998103279908646,-0.010688637481302308,5.037887390343969,5.248650495081056,4.829468365318896,3686,0.018357023697543755,True,,,,,,0.01639344262295082,1.0,39857,0.2631578947368421,0.14751630707476165,0.15886447698887718,0.13684688673268486,0.30847645885450037,0.22235633935526766,0.1262545162585307,0.13292038119322175,0.1198767232983277,0.17009533366783744,0.18722142837834643,0.15423855874721132,"[{'conf': 0.05544489889962254, 'hit': 0.06547917711991971, 'n': 3986}, {'conf': 0.061832664911655455, 'hit': 0.06698444555945811, 'n': 3986}, {'conf': 0.06586255782443673, 'hit': 0.07551430005017562, 'n': 3986}, {'conf': 0.0695089046285459, 'hit': 0.07902659307576518, 'n': 3986}, {'conf': 0.07303480442533693, 'hit': 0.08605117912694431, 'n': 3986}, {'conf': 0.07682207323904636, 'hit': 0.09282488710486704, 'n': 3986}, {'conf': 0.0811782797227569, 'hit': 0.09307576517812344, 'n': 3986}, {'conf': 0.08647886815773274, 'hit': 0.09912170639899624, 'n': 3985}, {'conf': 0.09402319437869024, 'hit': 0.11894604767879548, 'n': 3985}, {'conf': 0.11253895130434702, 'hit': 0.14780426599749058, 'n': 3985}]",200,0,0.5131319696204588,0.5225774473224524,0.5036864919184653,True,True,True,0.042928469277667664,0.047670421757784076,0.049916221112213666,0.04549425050153053,0.017255783081054688,107.0,0.04619467642105317,0.03978576002807475,0.04507943829573006,0.040794581608939055,,,,,,-0.004741952480116416,-0.0015980393139513143,-0.007671248164987385,2.6186366259377274,2.7498457360395334,2.4884694781452823,4.537055381271346,4.764388564181383,4.311527504472108,1711,0.009461746809367469,True,True,,,,,,
1.0,61.0,R1_D60_B,gatekeeper,61.0,0.5798409368921932,0.5616596063464219,0.5920708957721682,0.5676109780122182,True,0.1709445280964764,4145670,1.766339819619024,0.17090988911321933,0.3019461269227893,0.364189758094971,0.47285601603600863,0.022820196921480854,,,0.19310305864087843,0.0761586524650761,0.07358051721811718,0.0974783477499485,0.12688766328802364,False,35,0.0002927131160565689,119571,60.0,0.09897884938655695,0.0996813608650927,0.10411466347135855,0.09520285321754524,0.020189518108963966,50.0,0.10559392159748213,0.09293902405424746,0.1031934169144678,0.09479480990009351,,,,,,-0.0007025114785357653,0.0003332383990278714,-0.0018166825680654896,4.902486828150213,5.111237100758846,4.695248629302921,11835,0.020189518678197706,True,,,,,,0.01639344262295082,1.0,119571,0.25,0.16333528477042736,0.17006924894554698,0.15681757354780906,0.2753146485428868,0.22628617079555732,0.1403004047770381,0.14428364787678277,0.1364095976080102,0.1818029770864693,0.19178232762670108,0.1722322420072365,"[{'conf': 0.05388337378265615, 'hit': 0.07191838100016726, 'n': 11958}, {'conf': 0.06050985573779665, 'hit': 0.07635694572217111, 'n': 11957}, {'conf': 0.06452651009555753, 'hit': 0.0814585598394246, 'n': 11957}, {'conf': 0.06812233105876178, 'hit': 0.08296395416910596, 'n': 11957}, {'conf': 0.07167960253903202, 'hit': 0.08329848624236849, 'n': 11957}, {'conf': 0.07545076131696275, 'hit': 0.08990549468930334, 'n': 11957}, {'conf': 0.07972614416907739, 'hit': 0.09885422764907585, 'n': 11957}, {'conf': 0.08494041885560084, 'hit': 0.11583173036714894, 'n': 11957}, {'conf': 0.0922389212561385, 'hit': 0.12570042652839342, 'n': 11957}, {'conf': 0.11051046878796728, 'hit': 0.16350255080705864, 'n': 11957}]",200,0,0.5006161923641979,0.5062078685916871,0.49502451613670856,True,True,True,0.04642430020657183,0.047670421757784076,0.049959965652378244,0.04551704050905907,0.017255783081054688,85.0,0.048614917686273816,0.0443750574357036,0.04794577359631652,0.044836645436819436,,,,,,-0.0012461215512122505,0.0007527719135868833,-0.003229534710072076,2.831882312600882,2.9246921893753077,2.7350353716459854,2.6903618712044057,2.778533668681318,2.5983547577278086,5551,0.017255782838532747,True,True,,,,,,
20.0,80.0,R20_D60_B,baseline,80.0,0.5614032775096152,0.540395536167967,0.5755344662101728,0.5472720888090575,True,0.09945688319673367,215400,2.310506035283194,0.09931290622098421,0.22979572887650881,0.2551338089150963,0.32910863509749305,0.0035215794981914364,,,0.15961973679230787,0.06028540047724948,0.05832077661072152,0.07621334121902747,0.09805118654354497,False,7,0.00016775306748466258,41728,60.0,0.0636023773006135,0.0636023773006135,0.0667156275711783,0.060399939952275127,0.01539355143904686,65.0,0.06826461711949092,0.05871716117811139,0.06685537627536015,0.060472562812464735,,,,,,0.0,0.0,0.0,4.131754407068757,4.343076584329103,3.928434572912314,2654,0.015393552238196977,True,,,,,,0.0125,0.05,41728,0.1342925659472422,0.09777138749101366,0.10715608073903121,0.08912655696782862,0.17037754801765315,0.10488397004977214,0.08100076687116564,0.0863919093098645,0.07591809372194729,0.10306807286673059,0.1168537659812514,0.09074162695612127,"[{'conf': 0.04362821053462193, 'hit': 0.04601006470165349, 'n': 4173}, {'conf': 0.04868252762129225, 'hit': 0.05056314402108795, 'n': 4173}, {'conf': 0.05179689368612771, 'hit': 0.05415768032590462, 'n': 4173}, {'conf': 0.05444796586800131, 'hit': 0.054636951833213515, 'n': 4173}, {'conf': 0.057016239921004186, 'hit': 0.06494128924035467, 'n': 4173}, {'conf': 0.05972474382673491, 'hit': 0.06350347471842799, 'n': 4173}, {'conf': 0.06282965337626002, 'hit': 0.06470165348670022, 'n': 4173}, {'conf': 0.0666597153794443, 'hit': 0.06853582554517133, 'n': 4173}, {'conf': 0.07221208777746868, 'hit': 0.07118887823585811, 'n': 4172}, {'conf': 0.08586495461797397, 'hit': 0.0977948226270374, 'n': 4172}]",200,0,0.49355121457367296,0.5043856012498833,0.4827168278974626,True,True,True,0.033958013803680985,0.033958013803680985,0.03569323530830642,0.03229049716952307,0.01274915412068367,111.0,0.03638296920219831,0.03172847771024526,0.03559601380350715,0.03227680399976893,,,,,,0.0,0.0,0.0,2.716641104294479,2.8476811042805723,2.582144319981514,2.66355039787322,2.7920295125963666,2.531682053982244,1417,0.012749153847734824,True,True,,,,,,
20.0,80.0,R20_D60_B,first_hop_cred,80.0,0.5618949993278882,0.5427006905200651,0.5748063540199031,0.5489836446358733,True,0.09945688319673367,215400,2.310506035283194,0.09931290622098421,0.22979572887650881,0.2551338089150963,0.32910863509749305,0.003379858176720186,0.5204958301380368,0.05584907397815302,0.3702220405474188,0.06070649938471506,0.05866350301188082,0.07681108986263649,0.09882021153081356,False,31,0.00018572661042944786,166912,60.0,0.06403374233128835,0.0636023773006135,0.06677627493463048,0.060505544774046474,0.01539355143904686,65.0,0.06833195831498692,0.059827609147218734,0.06701453079309341,0.06111463511071431,0.06338846875467616,0.06349206349206349,0.06654115966125136,0.060172495727964015,86877,0.00043136503067484663,0.0011148623346472258,-0.0003459093721383559,4.159776855948651,4.353415622081439,3.9701450428749494,10688,0.015393552238196977,True,0.07225883762732176,0.06327142001198323,0.07804112714491601,0.06654651141894355,8345,0.0125,0.05,166912,0.1354104254044338,0.09837637049907136,0.10298740357954002,0.09395016344860137,0.15266554076549577,0.11982977337027977,0.08171970858895705,0.08438673574549765,0.07912968769232706,0.10687754612988258,0.11368773388791774,0.10042908110047168,"[{'conf': 0.04392207566226333, 'hit': 0.044452432302899594, 'n': 16692}, {'conf': 0.04899005666743851, 'hit': 0.05289959261921879, 'n': 16692}, {'conf': 0.052115141893679856, 'hit': 0.05511952549278054, 'n': 16691}, {'conf': 0.054791271504530996, 'hit': 0.05476005032652328, 'n': 16691}, {'conf': 0.057386640230095105, 'hit': 0.06284824156731172, 'n': 16691}, {'conf': 0.06010010650725063, 'hit': 0.06530465520340303, 'n': 16691}, {'conf': 0.06327622802143634, 'hit': 0.06620334311904619, 'n': 16691}, {'conf': 0.06716654491375468, 'hit': 0.06740159367323707, 'n': 16691}, {'conf': 0.07278592918129607, 'hit': 0.07255407105625786, 'n': 16691}, {'conf': 0.08653270682435536, 'hit': 0.09879575819303817, 'n': 16691}]",200,0,0.5005385360195793,0.5069285941819214,0.4941484778572372,True,True,True,0.03423360812883436,0.033958013803680985,0.0357121508274881,0.03232764576952439,0.01274915412068367,111.0,0.03592761080015387,0.032634672244839145,0.035395573937108564,0.033105593729538516,0.033771884388273075,0.0337603738618967,0.03494621178849396,0.03257171438139083,86877,0.0002755943251533742,0.0014154187872404368,-0.0007707872444685357,2.7386886503067487,2.8316459149686852,2.6484474983630815,2.6851670736498905,2.776307695384615,2.596689484253143,5714,0.012749153847734824,True,True,0.09898142600359497,0.035470341521869383,0.10521896371440678,0.09294917125281396,8345,0.04999640529141104
20.0,80.0,R20_D60_B,first_hop_content,80.0,0.5618949993278882,0.5427006905200651,0.5748063540199031,0.5489836446358733,True,0.09945688319673367,215400,2.310506035283194,0.09931290622098421,0.22979572887650881,0.2551338089150963,0.32910863509749305,0.003379858176720186,0.5204958301380368,0.1112722584803803,0.3702220405474188,0.06070649938471506,0.05866350301188082,0.07681108986263649,0.09882021153081356,False,31,0.00018572661042944786,166912,60.0,0.06403374233128835,0.0636023773006135,0.06687149861146378,0.060672175527662464,0.01539355143904686,65.0,0.06855982302221152,0.06001743375572352,0.06700366447474682,0.061030852745855214,0.06338846875467616,0.06349206349206349,0.06683292470546581,0.06029434627620409,86877,0.00043136503067484663,0.0011815563807615092,-0.0003473184942265152,4.159776855948651,4.352709721443402,3.964702350794352,10688,0.015393552238196977,True,0.06758538046734572,0.06207309766327142,0.07268345733526951,0.06265660367396486,16690,0.0125,0.05,166912,0.1354104254044338,0.09837637049907136,0.10298740357954002,0.09395016344860137,0.15266554076549577,0.11982977337027977,0.08171970858895705,0.08438673574549765,0.07912968769232706,0.10687754612988258,0.11368773388791774,0.10042908110047168,"[{'conf': 0.04392207566226333, 'hit': 0.044452432302899594, 'n': 16692}, {'conf': 0.04899005666743851, 'hit': 0.05289959261921879, 'n': 16692}, {'conf': 0.052115141893679856, 'hit': 0.05511952549278054, 'n': 16691}, {'conf': 0.054791271504530996, 'hit': 0.05476005032652328, 'n': 16691}, {'conf': 0.057386640230095105, 'hit': 0.06284824156731172, 'n': 16691}, {'conf': 0.06010010650725063, 'hit': 0.06530465520340303, 'n': 16691}, {'conf': 0.06327622802143634, 'hit': 0.06620334311904619, 'n': 16691}, {'conf': 0.06716654491375468, 'hit': 0.06740159367323707, 'n': 16691}, {'conf': 0.07278592918129607, 'hit': 0.07255407105625786, 'n': 16691}, {'conf': 0.08653270682435536, 'hit': 0.09879575819303817, 'n': 16691}]",200,0,0.5019526222217269,0.5083443443081219,0.4955609001353318,True,True,True,0.03423360812883436,0.033958013803680985,0.035568429270211616,0.032218027837333706,0.01274915412068367,111.0,0.03603133496330852,0.03253083997743687,0.03538364397238861,0.03310049167254095,0.033771884388273075,0.0337603738618967,0.03496362697570753,0.03252164589422803,86877,0.0002755943251533742,0.0014287070465639326,-0.0008557298118474934,2.7386886503067487,2.830691517791089,2.648039333803276,2.6851670736498905,2.7753719497765195,2.596289296361578,5714,0.012749153847734824,True,True,0.09778310365488316,0.0341521869382864,0.10228022268132869,0.09345108476710765,16690,0.09999281058282208
20.0,80.0,R20_D60_B,cred_processor,80.0,0.5624944064505191,0.5418392016702082,0.576388455870319,0.5486003570307192,True,0.09945688319673367,215400,2.310506035283194,0.09931290622098421,0.22979572887650881,0.2551338089150963,0.32910863509749305,0.0035364775668887886,0.5476838094325154,0.06601761198927966,0.16071462536804407,0.06027468432883188,0.05832077661072152,0.07606463230777848,0.09805118654354497,False,31,0.00018572661042944786,166912,60.0,0.06352449194785276,0.0636023773006135,0.0666410464681052,0.060484812869771434,0.01539355143904686,65.0,0.06817755583168512,0.05886781455115844,0.06654287718070895,0.06040357002850031,0.06385166548159492,0.06397199584313297,0.06686308708180928,0.060625427654314466,91415,-7.78853527607362e-05,0.0002926689107796341,-0.000452453478086204,4.1266947982432205,4.322775935731843,3.9239526454860223,10603,0.015393552238196977,True,0.06027035267811769,0.06057526171358878,0.06559370746729955,0.05497177948557684,9839,0.0125,0.05,166912,0.1378070701018574,0.09729794500029956,0.1018870919553257,0.0928941203635603,0.15517777105217173,0.12209982532428891,0.08176763803680982,0.08443536266268957,0.07917691084693097,0.10400191708602924,0.11073425134261412,0.09763395150305092,"[{'conf': 0.043625729929070295, 'hit': 0.04702851665468488, 'n': 16692}, {'conf': 0.04867500248176683, 'hit': 0.04744787922358016, 'n': 16692}, {'conf': 0.05178313282515635, 'hit': 0.0560182134084237, 'n': 16691}, {'conf': 0.05442700771335523, 'hit': 0.05422083757713738, 'n': 16691}, {'conf': 0.05699685160108743, 'hit': 0.063207716733569, 'n': 16691}, {'conf': 0.059715604150388055, 'hit': 0.06290815409502126, 'n': 16691}, {'conf': 0.06281534648629587, 'hit': 0.06668264334072255, 'n': 16691}, {'conf': 0.06665392405540117, 'hit': 0.06794080642262297, 'n': 16691}, {'conf': 0.07220626685891122, 'hit': 0.07243424600083878, 'n': 16691}, {'conf': 0.08584966963408823, 'hit': 0.0973578575280091, 'n': 16691}]",200,0,0.49988996010241876,0.5063507136632249,0.49342920654161254,True,True,True,0.034293519938650305,0.033958013803680985,0.03563089926153934,0.03227626808981801,0.01274915412068367,111.0,0.03653535778444099,0.032261499764376124,0.035727183306581686,0.03287889743287142,0.03429415303834163,0.03392222282995132,0.03581887951179273,0.03273394833208973,91415,0.00033550613496932517,0.001162214612199036,-0.00045536994299793745,2.7434815950920246,2.858174664526535,2.630311794629714,2.6898663509926446,2.802317999553314,2.578908202501071,5724,0.012749153847734824,True,True,0.03171053968899278,0.03130399430836467,0.03528716896536619,0.028321168752238213,9839,0.05894722967791411
20.0,80.0,R20_D60_B,content_server,80.0,0.5420898541591987,0.5274769876675541,0.5519194293853608,0.5322602789330367,True,0.09945688319673367,215400,2.310506035283194,0.09931290622098421,0.22979572887650881,0.2551338089150963,0.32910863509749305,0.015047806187716459,,,0.740601215882992,0.05197509617037616,0.04939962232798375,0.06417806778110786,0.0990134083638263,False,0,0.0,83456,60.0,0.06651409125766872,0.0636023773006135,0.06678913727981611,0.060529700309163534,0.01539355143904686,62.0,0.07049745896783545,0.06271710130630218,0.06903562365971487,0.063915958874914,,,,,,0.002911713957055215,0.0048336582216429854,0.0009845337009713332,4.02799281377117,4.180693004108086,3.870653844402696,5551,0.01651296174865703,True,,,,,,0.0125,0.05,83456,0.041916167664670656,0.07812125569134915,0.0840747466883593,0.0725559468727864,0.057736527662334766,0.030291380405664092,0.07860429447852761,0.08233405865146118,0.07502967565238736,0.06973400431344356,0.07786398873957973,0.062395454812798484,"[{'conf': 0.03783866397273813, 'hit': 0.051042415528396834, 'n': 8346}, {'conf': 0.041802051757222417, 'hit': 0.055595494847831294, 'n': 8346}, {'conf': 0.04420503216949122, 'hit': 0.06122693505871076, 'n': 8346}, {'conf': 0.046298355661114794, 'hit': 0.05691349149293075, 'n': 8346}, {'conf': 0.04836238904305217, 'hit': 0.06506110711718188, 'n': 8346}, {'conf': 0.05053850090099987, 'hit': 0.06925473280613467, 'n': 8346}, {'conf': 0.053060531364597104, 'hit': 0.07369682444577591, 'n': 8345}, {'conf': 0.056168691358175794, 'hit': 0.07741162372678251, 'n': 8345}, {'conf': 0.06080701941106498, 'hit': 0.0768124625524266, 'n': 8345}, {'conf': 0.08067485555404298, 'hit': 0.07813061713600959, 'n': 8345}]",200,0,0.500308479125786,0.508137562164225,0.49247939608734703,True,False,True,0.03968558282208589,0.033958013803680985,0.03551321314255285,0.03228499333166986,0.01274915412068367,100.0,0.04163149296068311,0.037849874509073476,0.04099773993558494,0.03838023340660539,,,,,,0.005727569018404908,0.007549070122201105,0.0038870028103064943,3.1748466257668713,3.2798191948467954,3.0704186725284313,2.746712561772442,2.837529381644397,2.656366915267101,3312,0.014448393098867597,True,True,,,,,,
20.0,80.0,R20_D60_B,validator,80.0,0.5565114781530642,0.5342271291865429,0.5715013971164459,0.5415215591896826,True,0.09945688319673367,215400,2.310506035283194,0.09931290622098421,0.22979572887650881,0.2551338089150963,0.32910863509749305,0.003466991055134372,,,0.19291457348392194,0.06211087237239282,0.06028971521970139,0.0786326123662112,0.09998507291360499,False,7,0.00016775306748466258,41728,60.0,0.06046299846625767,0.0636023773006135,0.0667314951381366,0.06037982744163036,0.01539355143904686,72.0,0.06468655863333886,0.055709425887037145,0.06351481673738861,0.05752949932547872,,,,,,-0.0031393788343558283,-0.00042995550666938574,-0.006076844315565014,4.320594429804189,4.538672748073195,4.110971017651415,2523,0.013994138873385964,True,,,,,,0.0125,0.05,41728,0.08872901678657075,0.08411214953271028,0.09292066433281854,0.07606862237570408,0.11990850398232379,0.06505772781153486,0.07735812883435583,0.0826417734150157,0.07238563527115639,0.09539789069990412,0.10875830423791046,0.08352492237941143,"[{'conf': 0.04465668634810555, 'hit': 0.044092978672417925, 'n': 4173}, {'conf': 0.049737237604552065, 'hit': 0.052240594296669066, 'n': 4173}, {'conf': 0.05300890389770979, 'hit': 0.052480230050323505, 'n': 4173}, {'conf': 0.05596949297209008, 'hit': 0.05271986580397795, 'n': 4173}, {'conf': 0.05882265041491041, 'hit': 0.052240594296669066, 'n': 4173}, {'conf': 0.06182489357689833, 'hit': 0.06470165348670022, 'n': 4173}, {'conf': 0.06515328884132729, 'hit': 0.060627845674574646, 'n': 4173}, {'conf': 0.06910658970353686, 'hit': 0.06278456745746465, 'n': 4173}, {'conf': 0.07466375033151676, 'hit': 0.07837967401725791, 'n': 4172}, {'conf': 0.08817448392484871, 'hit': 0.08437200383509108, 'n': 4172}]",200,0,0.5055511687576958,0.5177889219578976,0.493313415557494,True,True,True,0.03446127300613497,0.033958013803680985,0.03565241342818266,0.03236854092678815,0.01274915412068367,139.0,0.03688983156632564,0.0318401573027768,0.03616775654821003,0.03277141904357227,,,,,,0.0005032592024539878,0.0029718427761255455,-0.001846551502040532,2.7569018404907975,2.8934205238568023,2.6217135234857816,4.761366309271084,4.997143822281567,4.527886433948374,1438,0.0072376857329867214,True,True,,,,,,
20.0,80.0,R20_D60_B,gatekeeper,80.0,0.5610795598643036,0.5412403661161386,0.5744247065872614,0.5477344131413457,True,0.09945688319673367,215400,2.310506035283194,0.09931290622098421,0.22979572887650881,0.2551338089150963,0.32910863509749305,0.0033252754215256472,,,0.16452586287665122,0.060524464628898544,0.05854903767650237,0.07651163180266446,0.09882021153081356,False,23,0.0001837295501022495,125184,60.0,0.06374616564417178,0.0636023773006135,0.06677365971153844,0.06048793839407324,0.01539355143904686,65.0,0.06844820603119561,0.05926663059757537,0.06666050173092426,0.06076747295270405,,,,,,0.00014378834355828222,0.0009626876624359231,-0.0006702246759227782,4.141095223362055,4.330417092782224,3.9475926032146074,7980,0.015393552238196977,True,,,,,,0.0125,0.05,125184,0.13099041533546327,0.0959418437450072,0.1012257042371514,0.09090589771073625,0.15081332343918896,0.1134250137250515,0.08122443762781185,0.08430266215913435,0.07824900652949013,0.10225275603131491,0.11000441392129218,0.09498903310465956,"[{'conf': 0.04374871926224318, 'hit': 0.04752775780813164, 'n': 12519}, {'conf': 0.04882399478191995, 'hit': 0.04960460100647016, 'n': 12519}, {'conf': 0.051949251814139126, 'hit': 0.05391804457225018, 'n': 12519}, {'conf': 0.05462918208263182, 'hit': 0.05591500918603722, 'n': 12519}, {'conf': 0.057240003246940084, 'hit': 0.0603131490653459, 'n': 12518}, {'conf': 0.05998296533345938, 'hit': 0.06822176066464292, 'n': 12518}, {'conf': 0.0631089125227703, 'hit': 0.06454705224476753, 'n': 12518}, {'conf': 0.06698217999969253, 'hit': 0.06646429142035469, 'n': 12518}, {'conf': 0.07255814392762373, 'hit': 0.07477232784789903, 'n': 12518}, {'conf': 0.08622472411406437, 'hit': 0.09618149864195559, 'n': 12518}]",200,0,0.5020120060996832,0.5087990305228681,0.4952249816764983,True,True,True,0.03388611963190184,0.033958013803680985,0.03566572035212444,0.03231188557356347,0.01274915412068367,111.0,0.035496924006398686,0.03224032068418272,0.03505874715590417,0.03281330422387282,,,,,,-7.189417177914111e-05,0.0015672161881357682,-0.0016605004715997801,2.7108895705521476,2.804699772472334,2.6250643379098255,2.6579112650619146,2.749888155293785,2.573763295648271,4242,0.012749153847734824,True,True,,,,,,
100.0,160.0,R100_D60_B,baseline,160.0,0.5467951879234868,0.5362611317203981,0.5538810870483494,0.5397092887986242,True,0.009857997062977355,215400,4.625102135561746,0.009535747446610957,0.045594243268337976,0.046033204278495964,0.05512999071494893,0.002009117712654467,,,0.07786845308056708,0.033203099852504275,0.03233384951153543,0.040953725337013185,0.05076903030341991,False,0,0.0,207570,60.0,0.03521221756515874,0.03521221756515874,0.03607692779975213,0.03435223049535371,0.00767095573246479,131.0,0.036437206810433706,0.03390082128156443,0.03609749644614702,0.03438523607052128,,,,,,0.0,0.0,0.0,4.590330107782075,4.7057367075983,4.48252326356988,7309,0.007670955408078995,True,,,,,,0.00625,0.01,207570,0.06358381502890173,0.04976634388399094,0.0528088968771946,0.04689040784155883,0.07490755237765072,0.053872195561677674,0.04324365990904186,0.0450278195241866,0.04152712076683782,0.055405665831566774,0.05997383457232427,0.05116651209906121,"[{'conf': 0.02514419779246204, 'hit': 0.027460615695909813, 'n': 20757}, {'conf': 0.02750528142299655, 'hit': 0.02943585296526473, 'n': 20757}, {'conf': 0.028965649311939724, 'hit': 0.03232644409114997, 'n': 20757}, {'conf': 0.03030281535380951, 'hit': 0.032230091053620465, 'n': 20757}, {'conf': 0.03163141011922643, 'hit': 0.032952738835091776, 'n': 20757}, {'conf': 0.03302582157904963, 'hit': 0.03459074047309341, 'n': 20757}, {'conf': 0.034562774492479006, 'hit': 0.03627691862985981, 'n': 20757}, {'conf': 0.03646587061360216, 'hit': 0.0374331550802139, 'n': 20757}, {'conf': 0.03909800804282126, 'hit': 0.03964927494339259, 'n': 20757}, {'conf': 0.04532916979665643, 'hit': 0.04976634388399094, 'n': 20757}]",200,0,0.5070949041682571,0.5135898450187145,0.5005999633177997,True,True,True,0.017314640844052608,0.017314640844052608,0.0178535986339912,0.016769586861719837,0.0063547673635184765,222.0,0.018083878627254454,0.016450072164736738,0.017866264807700608,0.016737158897161264,,,,,,0.0,0.0,0.0,2.7703425350484174,2.858602369232097,2.6779454235458022,2.7246694128055253,2.8114741553733453,2.633795601947202,3594,0.006354767577555087,True,True,,,,,,
100.0,160.0,R100_D60_B,first_hop_cred,160.0,0.5480736549585933,0.5387402682508046,0.5543519048017385,0.5417954051154481,True,0.009857997062977355,215400,4.625102135561746,0.009535747446610957,0.045594243268337976,0.046033204278495964,0.05512999071494893,0.0015189327610901342,0.7143963482198776,0.05195996284238868,0.21689968520226344,0.03345119779727572,0.03252386179399666,0.04127492938579755,0.05136747956725073,False,0,0.0,830280,60.0,0.034970130558365856,0.03521221756515874,0.03608288388821622,0.034372943152709355,0.00767095573246479,131.0,0.03610241490535413,0.03368386313786467,0.0357187474522048,0.03419423531859275,0.03507887562821483,0.03530816034419682,0.035889595056753,0.03425697795160263,593149,-0.00024208700679288916,1.293891897186267e-06,-0.000489853653647763,4.558771195767292,4.6563622850142075,4.457624050659925,29035,0.007670955408078995,True,0.03798842257597684,0.0344187168355041,0.03982886554171244,0.036158106695632575,41460,0.00625,0.01,830280,0.06250752739973503,0.049850652791829264,0.051351950542587343,0.04839100725906566,0.06791948620710286,0.05750020116569577,0.043108348990701935,0.04399056853391223,0.04224304034966059,0.0551621139856434,0.057399645731895044,0.053006899930339316,"[{'conf': 0.02529882684173196, 'hit': 0.027207688972394856, 'n': 83028}, {'conf': 0.02769625612201456, 'hit': 0.028905911258852435, 'n': 83028}, {'conf': 0.029186051248809415, 'hit': 0.03204942910825264, 'n': 83028}, {'conf': 0.030528549372380507, 'hit': 0.031736281736281735, 'n': 83028}, {'conf': 0.03185960646389912, 'hit': 0.032507106036517804, 'n': 83028}, {'conf': 0.0332479084092303, 'hit': 0.034277593101122515, 'n': 83028}, {'conf': 0.034814884319151196, 'hit': 0.036301006889242184, 'n': 83028}, {'conf': 0.0367321585393049, 'hit': 0.03742111095052272, 'n': 83028}, {'conf': 0.039386211334520214, 'hit': 0.03940839234956882, 'n': 83028}, {'conf': 0.04576152532171502, 'hit': 0.04988678518090283, 'n': 83028}]",200,0,0.5064642762022937,0.5098655340521293,0.5030630183524581,True,True,True,0.01736643060172472,0.017314640844052608,0.01786004397352647,0.01677095915344347,0.0063547673635184765,222.0,0.017830539796171854,0.016906479591088534,0.017704546961978814,0.017040710879985908,0.01735651581643061,0.017316053807727907,0.017712976424390584,0.017020703020087333,593149,5.1789757672110614e-05,0.000486578799925626,-0.0003847123024462751,2.778628896275955,2.8327275139166104,2.726513740797745,2.7328191613274115,2.7860258846461865,2.681563199915188,14419,0.006354767577555087,True,True,0.06919922817173178,0.017679691268692715,0.07156620243614814,0.06675472650844778,41460,0.04993496169966758
100.0,160.0,R100_D60_B,first_hop_content,160.0,0.5480736549585933,0.5387402682508046,0.5543519048017385,0.5417954051154481,True,0.009857997062977355,215400,4.625102135561746,0.009535747446610957,0.045594243268337976,0.046033204278495964,0.05512999071494893,0.0015189327610901342,0.7143963482198776,0.10478817295485619,0.21689968520226344,0.03345119779727572,0.03252386179399666,0.04127492938579755,0.05136747956725073,False,0,0.0,830280,60.0,0.034970130558365856,0.03521221756515874,0.03604583573840013,0.0343491537960779,0.00767095573246479,131.0,0.03600777259095051,0.03388370236310795,0.035738205006302974,0.034183420024960096,0.03507887562821483,0.03530816034419682,0.035878051557185174,0.03423537383904747,593149,-0.00024208700679288916,9.662425449876697e-06,-0.0004948184757847662,4.558771195767292,4.658898807919513,4.456214148886638,29035,0.007670955408078995,True,0.0379505283495933,0.03502850463945805,0.03935398658734246,0.03663104912690937,83846,0.00625,0.01,830280,0.06250752739973503,0.049850652791829264,0.051351950542587343,0.04839100725906566,0.06791948620710286,0.05750020116569577,0.043108348990701935,0.04399056853391223,0.04224304034966059,0.0551621139856434,0.057399645731895044,0.053006899930339316,"[{'conf': 0.02529882684173196, 'hit': 0.027207688972394856, 'n': 83028}, {'conf': 0.02769625612201456, 'hit': 0.028905911258852435, 'n': 83028}, {'conf': 0.029186051248809415, 'hit': 0.03204942910825264, 'n': 83028}, {'conf': 0.030528549372380507, 'hit': 0.031736281736281735, 'n': 83028}, {'conf': 0.03185960646389912, 'hit': 0.032507106036517804, 'n': 83028}, {'conf': 0.0332479084092303, 'hit': 0.034277593101122515, 'n': 83028}, {'conf': 0.034814884319151196, 'hit': 0.036301006889242184, 'n': 83028}, {'conf': 0.0367321585393049, 'hit': 0.03742111095052272, 'n': 83028}, {'conf': 0.039386211334520214, 'hit': 0.03940839234956882, 'n': 83028}, {'conf': 0.04576152532171502, 'hit': 0.04988678518090283, 'n': 83028}]",200,0,0.5022415705149011,0.5054688822890071,0.49901425874079514,True,True,True,0.01736643060172472,0.017314640844052608,0.017855744729659815,0.016743630061761067,0.0063547673635184765,222.0,0.01784895166552853,0.016882394575631073,0.017686712156877487,0.01704019813831077,0.01735651581643061,0.017316053807727907,0.017705371096467543,0.01703205487563159,593149,5.1789757672110614e-05,0.0005256375531941175,-0.00040681419965790677,2.778628896275955,2.829873945100398,2.726431702129723,2.7328191613274115,2.7832193610583973,2.6814825137738176,14419,0.006354767577555087,True,True,0.06697993941273286,0.017043150537890895,0.06872379845187909,0.06528887361105394,83846,0.10098520980873922
100.0,160.0,R100_D60_B,cred_processor,160.0,0.5476292970345532,0.5372949455518115,0.5545808616280772,0.5406777324410292,True,0.009857997062977355,215400,4.625102135561746,0.009535747446610957,0.045594243268337976,0.046033204278495964,0.05512999071494893,0.0019157370108510523,0.5515669412728236,0.06359576814315818,0.07832605286299588,0.03320374075568554,0.03233384951153543,0.040953725337013185,0.05076903030341991,False,0,0.0,830280,60.0,0.03511947776653659,0.03521221756515874,0.03610746361356393,0.03436912644523248,0.00767095573246479,131.0,0.03643686653227759,0.03398014770174796,0.03595836322278446,0.03428088558279659,0.03514100730421111,0.035204332303392254,0.036022677973445195,0.034190029970959865,457955,-9.273979862215156e-05,1.6881764295874063e-05,-0.00019681426691862218,4.5782403753187,4.687599042084558,4.468919940101882,29159,0.007670955408078995,True,0.03398346971841096,0.03381939744457434,0.03557685272984558,0.032489386597920396,48759,0.00625,0.01,830280,0.06371191135734072,0.04954954954954955,0.051046618246844776,0.04809416093126418,0.06916979209689247,0.05865754926799757,0.04328178445825505,0.04416567717620604,0.04241479622311687,0.05525846702317291,0.05749779435448403,0.05310143955258442,"[{'conf': 0.02514712582706878, 'hit': 0.026954762248879896, 'n': 83028}, {'conf': 0.02750590224660555, 'hit': 0.02912270559329383, 'n': 83028}, {'conf': 0.02896480627548406, 'hit': 0.03253119429590018, 'n': 83028}, {'conf': 0.030302000918686182, 'hit': 0.03213373801609096, 'n': 83028}, {'conf': 0.0316349058537967, 'hit': 0.033217709688297924, 'n': 83028}, {'conf': 0.03302664196427575, 'hit': 0.03403671050729874, 'n': 83028}, {'conf': 0.03456329573053629, 'hit': 0.03640940405646288, 'n': 83028}, {'conf': 0.036466279125166035, 'hit': 0.03742111095052272, 'n': 83028}, {'conf': 0.039096661834705684, 'hit': 0.03986606927783398, 'n': 83028}, {'conf': 0.045329787780530345, 'hit': 0.04950137303078479, 'n': 83028}]",200,0,0.5024449827781978,0.505746658770275,0.4991433067861206,True,True,True,0.017329093799682036,0.017314640844052608,0.017874745990935508,0.016774636079113062,0.0063547673635184765,222.0,0.018027458148353593,0.01667525712545712,0.017809618539065666,0.01680394652855665,0.017355417016955813,0.017202563570656505,0.01786149204827144,0.016827805637973828,457955,1.4452955629426218e-05,0.0002325657253083574,-0.00020013819954974775,2.7726550079491257,2.8495389662505066,2.688631444569064,2.726943761230238,2.802560175759832,2.644305448386162,14388,0.006354767577555087,True,True,0.017514715232059722,0.017330133923993518,0.01870272677715325,0.016418574081208122,48759,0.058725971961266075
100.0,160.0,R100_D60_B,content_server,160.0,0.5264878947151697,0.5187226109132317,0.5317113353951547,0.5212644540351846,True,0.009857997062977355,215400,4.625102135561746,0.009535747446610957,0.045594243268337976,0.046033204278495964,0.05512999071494893,0.009635517875952028,,,0.6654933973723126,0.027754840330262084,0.026441712415575188,0.03329514294971083,0.05289464759053206,False,0,0.0,415140,60.0,0.036814086814086815,0.03521221756515874,0.03607425314335952,0.034332901580790914,0.00767095573246479,123.0,0.03804007628918748,0.035706565493679676,0.037567324751157045,0.036077353833164814,,,,,,0.0016018692489280725,0.0023044320907723305,0.0009270608092246342,4.471068520562879,4.562549220489944,4.381592346518535,15283,0.008233845364877602,True,,,,,,0.00625,0.01,415140,0.021199710913033003,0.039336127571421686,0.04124911000432633,0.03750839144390943,0.026044799524036988,0.01723999499896272,0.040208122561063736,0.04142040002502205,0.039029880963359354,0.033723563135327844,0.0362668728309236,0.03135280730608943,"[{'conf': 0.021148281088168484, 'hit': 0.030784795490677842, 'n': 41514}, {'conf': 0.022973741954131027, 'hit': 0.03237462060991473, 'n': 41514}, {'conf': 0.024072450148428386, 'hit': 0.032784121019415136, 'n': 41514}, {'conf': 0.025027377050995326, 'hit': 0.035698800404682755, 'n': 41514}, {'conf': 0.025963913110259605, 'hit': 0.037240449005154885, 'n': 41514}, {'conf': 0.026942234445018313, 'hit': 0.03883027412439177, 'n': 41514}, {'conf': 0.028064360442457994, 'hit': 0.03964927494339259, 'n': 41514}, {'conf': 0.029484911977496454, 'hit': 0.03986606927783398, 'n': 41514}, {'conf': 0.03162956029422471, 'hit': 0.04155224743460038, 'n': 41514}, {'conf': 0.04224157279144058, 'hit': 0.03936021583080407, 'n': 41514}]",200,0,0.49642246857881017,0.5012116737192511,0.4916332634383693,True,False,True,0.020176326058679,0.017314640844052608,0.01782364481737222,0.016775051990808015,0.0063547673635184765,200.0,0.02074412849410338,0.019538606670190296,0.020593825845661447,0.019765091080745034,,,,,,0.002861685214626391,0.0035324551685809147,0.0021890674679106506,3.22821216938864,3.2950121353058313,3.1624145729192055,2.8011146550389308,2.8590768810849907,2.744022183396407,8376,0.007202963299764887,True,True,,,,,,
100.0,160.0,R100_D60_B,validator,160.0,0.5462916922772794,0.5358632395018749,0.5533065555901638,0.5392768289643949,True,0.009857997062977355,215400,4.625102135561746,0.009535747446610957,0.045594243268337976,0.046033204278495964,0.05512999071494893,0.0019388608188618231,,,0.07909470278777586,0.034329081471402574,0.033490804344884044,0.04225373612899232,0.0529980584033558,False,0,0.0,207570,60.0,0.03242279712867948,0.03521221756515874,0.036114828477576834,0.034406177794877535,0.00767095573246479,144.0,0.033562780951532104,0.03131717793193947,0.03319231985448038,0.03159973049165974,,,,,,-0.00278942043647926,-0.0018382097958450651,-0.003640069027292116,4.649466953127073,4.75981741021724,4.531438236670042,6730,0.00697344393573397,True,,,,,,0.00625,0.01,207570,0.05539499036608863,0.04403333815098521,0.04690984074738684,0.04132557410581972,0.0660813129725198,0.0463510350937055,0.039678563169660064,0.04139243684948586,0.03803283775737011,0.04682983233763731,0.05106500558920464,0.042930020504320696,"[{'conf': 0.02571974624693335, 'hit': 0.023558317675964734, 'n': 20757}, {'conf': 0.028281537417601657, 'hit': 0.027846027846027847, 'n': 20757}, {'conf': 0.02995389274924705, 'hit': 0.0296767355590885, 'n': 20757}, {'conf': 0.031392737410220244, 'hit': 0.03155561979091391, 'n': 20757}, {'conf': 0.03278900326081859, 'hit': 0.03011032422797129, 'n': 20757}, {'conf': 0.03420064175851676, 'hit': 0.031748325865972926, 'n': 20757}, {'conf': 0.03580018092364347, 'hit': 0.03213373801609096, 'n': 20757}, {'conf': 0.037750552160114276, 'hit': 0.03671050729874259, 'n': 20757}, {'conf': 0.040418164701174326, 'hit': 0.03690321337380161, 'n': 20757}, {'conf': 0.046984358085755996, 'hit': 0.04398516163222046, 'n': 20757}]",200,0,0.502922339842794,0.5107776579427672,0.49506702174282075,True,True,True,0.018745483451365803,0.017314640844052608,0.017847375529692632,0.016783469265277805,0.0063547673635184765,277.0,0.019585708055290255,0.01799056877778001,0.019281334536352373,0.018224780215059088,,,,,,0.0014308426073131955,0.002174220116361809,0.0007157146550118446,2.9992773522185283,3.0850135258163798,2.915964834409454,5.1853382385223314,5.3335642967268795,5.04130234800243,3891,0.003615093671634372,True,True,,,,,,
100.0,160.0,R100_D60_B,gatekeeper,160.0,0.5470855200908491,0.5372491515379968,0.5537021086087693,0.5404689315729289,True,0.009857997062977355,215400,4.625102135561746,0.009535747446610957,0.045594243268337976,0.046033204278495964,0.05512999071494893,0.0017389529990562377,,,0.08112867942327083,0.03332552324189059,0.03239706327345691,0.04103379124572375,0.05106737830317957,False,0,0.0,622710,60.0,0.03506447624094683,0.03521221756515874,0.03605646900421891,0.03429391646205554,0.00767095573246479,131.0,0.036256762438815086,0.03403369037973016,0.03592745717788938,0.03424167592822393,,,,,,-0.00014774132421191245,0.00013159436388870502,-0.00042078444994715376,4.571070274247348,4.6835700726471226,4.463808496678372,21835,0.007670955408078995,True,,,,,,0.00625,0.01,622710,0.06263048016701461,0.04944516709222591,0.05117590290702532,0.047770016736868405,0.06892237901628767,0.05687787830065121,0.04326879841724585,0.044290806059448504,0.042269330514894246,0.05299331963001028,0.05553722643803276,0.050559699687608955,"[{'conf': 0.02520897515719908, 'hit': 0.02709126238538003, 'n': 62271}, {'conf': 0.027608678738897344, 'hit': 0.029243146890205712, 'n': 62271}, {'conf': 0.02909188164474001, 'hit': 0.03155561979091391, 'n': 62271}, {'conf': 0.030422628838852276, 'hit': 0.03226220873279697, 'n': 62271}, {'conf': 0.031749680633596226, 'hit': 0.03390021037079861, 'n': 62271}, {'conf': 0.033143654052378776, 'hit': 0.03436591671885789, 'n': 62271}, {'conf': 0.0346864237489256, 'hit': 0.03613238907356554, 'n': 62271}, {'conf': 0.03658803167336534, 'hit': 0.03733680204268439, 'n': 62271}, {'conf': 0.03923526285966455, 'hit': 0.039328098151627564, 'n': 62271}, {'conf': 0.0455200150712867, 'hit': 0.04942910825263767, 'n': 62271}]",200,0,0.5027038808995868,0.5069138382145024,0.4984939235846713,True,True,True,0.017266464325287854,0.017314640844052608,0.017880576712867063,0.016744628168319432,0.0063547673635184765,222.0,0.017829954805085573,0.01672325036141824,0.0176551007020467,0.016899595306200717,,,,,,-4.817651876475406e-05,0.00043539329070332454,-0.0005447703545142661,2.762634292046057,2.824816112327472,2.703935248992115,2.717088251389817,2.778244914008211,2.6593569473555183,10752,0.006354767577555087,True,True,,,,,,
