cell,record,confidence,coverage,n,precision,ci_lo,ci_hi
r3_L4,A,posterior,0.01,144,0.048611,0.023744,0.096936
r3_L4,A,posterior,0.05,718,0.104457,0.084151,0.128973
r3_L4,A,posterior,0.1,1436,0.102368,0.087735,0.119122
r3_L4,A,posterior,0.25,3591,0.091339,0.082348,0.101204
r3_L4,A,posterior,0.5,7182,0.083124,0.07696,0.089734
r3_L4,A,posterior,1.0,14363,0.072478,0.068351,0.076833
r3_L4,A,gap,0.01,144,0.083333,0.048311,0.140008
r3_L4,A,gap,0.05,718,0.075209,0.058098,0.096841
r3_L4,A,gap,0.1,1436,0.084262,0.07098,0.099762
r3_L4,A,gap,0.25,3591,0.079087,0.070703,0.08837
r3_L4,A,gap,0.5,7182,0.075606,0.069716,0.081949
r3_L4,A,gap,1.0,14363,0.072478,0.068351,0.076833
r3_L4,C,posterior,0.01,144,0.173611,0.120449,0.243734
r3_L4,C,posterior,0.05,718,0.130919,0.108198,0.157569
r3_L4,C,posterior,0.1,1436,0.131616,0.115109,0.150088
r3_L4,C,posterior,0.25,3591,0.122807,0.112473,0.133947
r3_L4,C,posterior,0.5,7182,0.104706,0.097835,0.112
r3_L4,C,posterior,1.0,14363,0.091067,0.086471,0.095882
r3_L4,C,gap,0.01,144,0.118056,0.075028,0.180931
r3_L4,C,gap,0.05,718,0.103064,0.082896,0.127457
r3_L4,C,gap,0.1,1436,0.089833,0.076117,0.105737
r3_L4,C,gap,0.25,3591,0.089947,0.081022,0.099748
r3_L4,C,gap,0.5,7182,0.0912,0.084759,0.098079
r3_L4,C,gap,1.0,14363,0.091067,0.086471,0.095882
r3_L4,D,posterior,0.01,144,0.145833,0.097405,0.212667
r3_L4,D,posterior,0.05,718,0.075209,0.058098,0.096841
r3_L4,D,posterior,0.1,1436,0.074513,0.062036,0.089259
r3_L4,D,posterior,0.25,3591,0.066277,0.058595,0.074885
r3_L4,D,posterior,0.5,7182,0.060707,0.055416,0.066468
r3_L4,D,posterior,1.0,14363,0.052426,0.048899,0.056193
r3_L4,D,gap,0.01,144,0.055556,0.028417,0.105791
r3_L4,D,gap,0.05,718,0.061281,0.045964,0.081268
r3_L4,D,gap,0.1,1436,0.053621,0.043116,0.066509
r3_L4,D,gap,0.25,3591,0.055138,0.048137,0.06309
r3_L4,D,gap,0.5,7182,0.054999,0.04996,0.060513
r3_L4,D,gap,1.0,14363,0.052426,0.048899,0.056193
r3_L4,F.full,posterior,0.01,144,0.298611,0.229888,0.3778
r3_L4,F.full,posterior,0.05,718,0.291086,0.259041,0.325355
r3_L4,F.full,posterior,0.1,1436,0.268106,0.245836,0.291614
r3_L4,F.full,posterior,0.25,3591,0.216931,0.203757,0.23071
r3_L4,F.full,posterior,0.5,7182,0.177945,0.169272,0.186962
r3_L4,F.full,posterior,1.0,14363,0.136462,0.130945,0.142173
r3_L4,F.full,gap,0.01,144,0.305556,0.236183,0.385033
r3_L4,F.full,gap,0.05,718,0.256267,0.22569,0.289439
r3_L4,F.full,gap,0.1,1436,0.227019,0.206098,0.249398
r3_L4,F.full,gap,0.25,3591,0.179894,0.167676,0.192797
r3_L4,F.full,gap,0.5,7182,0.155249,0.147058,0.163809
r3_L4,F.full,gap,1.0,14363,0.136462,0.130945,0.142173
r3_L4,F.legs,posterior,0.01,144,0.305556,0.236183,0.385033
r3_L4,F.legs,posterior,0.05,718,0.246518,0.216398,0.279336
r3_L4,F.legs,posterior,0.1,1436,0.20961,0.189346,0.231423
r3_L4,F.legs,posterior,0.25,3591,0.179616,0.167405,0.192511
r3_L4,F.legs,posterior,0.5,7182,0.153578,0.145425,0.162102
r3_L4,F.legs,posterior,1.0,14363,0.110005,0.104992,0.115227
r3_L4,F.legs,gap,0.01,144,0.243056,0.180269,0.319194
r3_L4,F.legs,gap,0.05,718,0.207521,0.179453,0.238702
r3_L4,F.legs,gap,0.1,1436,0.178273,0.159343,0.19892
r3_L4,F.legs,gap,0.25,3591,0.151211,0.139867,0.163301
r3_L4,F.legs,gap,0.5,7182,0.133528,0.125857,0.141591
r3_L4,F.legs,gap,1.0,14363,0.110005,0.104992,0.115227
r3_L4,F.timing,posterior,0.01,144,0.263889,0.198715,0.341333
r3_L4,F.timing,posterior,0.05,718,0.200557,0.172897,0.231405
r3_L4,F.timing,posterior,0.1,1436,0.181058,0.162002,0.201817
r3_L4,F.timing,posterior,0.25,3591,0.157059,0.145526,0.169326
r3_L4,F.timing,posterior,0.5,7182,0.1423,0.134412,0.150571
r3_L4,F.timing,posterior,1.0,14363,0.118847,0.113656,0.124242
r3_L4,F.timing,gap,0.01,144,0.159722,0.108852,0.228275
r3_L4,F.timing,gap,0.05,718,0.132312,0.109474,0.159064
r3_L4,F.timing,gap,0.1,1436,0.139276,0.122328,0.158148
r3_L4,F.timing,gap,0.25,3591,0.129769,0.119172,0.141157
r3_L4,F.timing,gap,0.5,7182,0.122529,0.115146,0.130314
r3_L4,F.timing,gap,1.0,14363,0.118847,0.113656,0.124242
r3_L4,GK.full,posterior,0.01,431,0.153132,0.122211,0.190182
r3_L4,GK.full,posterior,0.05,2154,0.16481,0.149741,0.181072
r3_L4,GK.full,posterior,0.1,4309,0.146438,0.136197,0.157309
r3_L4,GK.full,posterior,0.25,10772,0.127274,0.121113,0.133701
r3_L4,GK.full,posterior,0.5,21544,0.112746,0.108591,0.117039
r3_L4,GK.full,posterior,1.0,43089,0.093829,0.091112,0.096619
r3_L4,GK.full,gap,0.01,431,0.095128,0.070897,0.126511
r3_L4,GK.full,gap,0.05,2154,0.109564,0.097062,0.123456
r3_L4,GK.full,gap,0.1,4309,0.105361,0.096543,0.114882
r3_L4,GK.full,gap,0.25,10772,0.103973,0.09835,0.109879
r3_L4,GK.full,gap,0.5,21544,0.099842,0.09591,0.103917
r3_L4,GK.full,gap,1.0,43089,0.093829,0.091112,0.096619
r3_L4,GK.timing,posterior,0.01,431,0.162413,0.130601,0.20019
r3_L4,GK.timing,posterior,0.05,2154,0.142061,0.127955,0.157442
r3_L4,GK.timing,posterior,0.1,4309,0.134602,0.124736,0.145119
r3_L4,GK.timing,posterior,0.25,10772,0.119662,0.113668,0.125927
r3_L4,GK.timing,posterior,0.5,21544,0.107919,0.103845,0.112132
r3_L4,GK.timing,posterior,1.0,43089,0.093435,0.090723,0.096219
r3_L4,GK.timing,gap,0.01,431,0.12065,0.093204,0.154798
r3_L4,GK.timing,gap,0.05,2154,0.115599,0.102775,0.129791
r3_L4,GK.timing,gap,0.1,4309,0.111163,0.102121,0.120897
r3_L4,GK.timing,gap,0.25,10772,0.101188,0.095635,0.107026
r3_L4,GK.timing,gap,0.5,21544,0.097196,0.093312,0.101224
r3_L4,GK.timing,gap,1.0,43089,0.093435,0.090723,0.096219
r3_L4,N.F,posterior,0.01,144,0.076389,0.043187,0.131604
r3_L4,N.F,posterior,0.05,718,0.069638,0.053219,0.090637
r3_L4,N.F,posterior,0.1,1436,0.075905,0.06331,0.090763
r3_L4,N.F,posterior,0.25,3591,0.071011,0.063061,0.079878
r3_L4,N.F,posterior,0.5,7182,0.064884,0.059417,0.070817
r3_L4,N.F,posterior,1.0,14363,0.054167,0.050583,0.057989
r3_L4,N.F,gap,0.01,144,0.048611,0.023744,0.096936
r3_L4,N.F,gap,0.05,718,0.047354,0.034082,0.065443
r3_L4,N.F,gap,0.1,1436,0.052925,0.042492,0.065743
r3_L4,N.F,gap,0.25,3591,0.052353,0.045535,0.060128
r3_L4,N.F,gap,0.5,7182,0.053885,0.048897,0.059349
r3_L4,N.F,gap,1.0,14363,0.054167,0.050583,0.057989
r3_L4,N@A,posterior,0.01,144,0.152778,0.103109,0.220491
r3_L4,N@A,posterior,0.05,718,0.112813,0.091703,0.138045
r3_L4,N@A,posterior,0.1,1436,0.115599,0.100077,0.133172
r3_L4,N@A,posterior,0.25,3591,0.103035,0.093513,0.113406
r3_L4,N@A,posterior,0.5,7182,0.097466,0.09082,0.104542
r3_L4,N@A,posterior,1.0,14363,0.080345,0.076011,0.084904
r3_L4,N@A,gap,0.01,144,0.104167,0.064148,0.164756
r3_L4,N@A,gap,0.05,718,0.093315,0.07415,0.116808
r3_L4,N@A,gap,0.1,1436,0.08844,0.074831,0.104245
r3_L4,N@A,gap,0.25,3591,0.080201,0.071759,0.089539
r3_L4,N@A,gap,0.5,7182,0.079783,0.073739,0.086276
r3_L4,N@A,gap,1.0,14363,0.080345,0.076011,0.084904
r3_L4,N@C,posterior,0.01,144,0.159722,0.108852,0.228275
r3_L4,N@C,posterior,0.05,718,0.114206,0.092966,0.139553
r3_L4,N@C,posterior,0.1,1436,0.116295,0.100729,0.133909
r3_L4,N@C,posterior,0.25,3591,0.1022,0.092714,0.112536
r3_L4,N@C,posterior,0.5,7182,0.09663,0.090011,0.103681
r3_L4,N@C,posterior,1.0,14363,0.080136,0.075808,0.08469
r3_L4,N@C,gap,0.01,144,0.111111,0.069559,0.172872
r3_L4,N@C,gap,0.05,718,0.0961,0.076642,0.119857
r3_L4,N@C,gap,0.1,1436,0.089833,0.076117,0.105737
r3_L4,N@C,gap,0.25,3591,0.082428,0.073873,0.091876
r3_L4,N@C,gap,0.5,7182,0.080618,0.074544,0.087141
r3_L4,N@C,gap,1.0,14363,0.080136,0.075808,0.08469
r3_L4,N@D,posterior,0.01,144,0.152778,0.103109,0.220491
r3_L4,N@D,posterior,0.05,718,0.108635,0.087922,0.133514
r3_L4,N@D,posterior,0.1,1436,0.112813,0.097473,0.13022
r3_L4,N@D,posterior,0.25,3591,0.101365,0.091915,0.111666
r3_L4,N@D,posterior,0.5,7182,0.09663,0.090011,0.103681
r3_L4,N@D,posterior,1.0,14363,0.080485,0.076147,0.085047
r3_L4,N@D,gap,0.01,144,0.104167,0.064148,0.164756
r3_L4,N@D,gap,0.05,718,0.091922,0.072906,0.115282
r3_L4,N@D,gap,0.1,1436,0.087744,0.074189,0.103499
r3_L4,N@D,gap,0.25,3591,0.080757,0.072288,0.090123
r3_L4,N@D,gap,0.5,7182,0.08034,0.074275,0.086853
r3_L4,N@D,gap,1.0,14363,0.080485,0.076147,0.085047
r3_L4,N@V,posterior,0.01,144,0.159722,0.108852,0.228275
r3_L4,N@V,posterior,0.05,718,0.126741,0.104377,0.153078
r3_L4,N@V,posterior,0.1,1436,0.116992,0.10138,0.134647
r3_L4,N@V,posterior,0.25,3591,0.104149,0.094578,0.114566
r3_L4,N@V,posterior,0.5,7182,0.098023,0.091359,0.105116
r3_L4,N@V,posterior,1.0,14363,0.08132,0.076961,0.085903
r3_L4,N@V,gap,0.01,144,0.111111,0.069559,0.172872
r3_L4,N@V,gap,0.05,718,0.093315,0.07415,0.116808
r3_L4,N@V,gap,0.1,1436,0.087047,0.073546,0.102752
r3_L4,N@V,gap,0.25,3591,0.081593,0.07308,0.091
r3_L4,N@V,gap,0.5,7182,0.081871,0.075752,0.088438
r3_L4,N@V,gap,1.0,14363,0.08132,0.076961,0.085903
r3_L4,Nb.seq,posterior,0.01,144,0.159722,0.108852,0.228275
r3_L4,Nb.seq,posterior,0.05,718,0.12117,0.099295,0.147077
r3_L4,Nb.seq,posterior,0.1,1436,0.116992,0.10138,0.134647
r3_L4,Nb.seq,posterior,0.25,3591,0.108883,0.09911,0.119492
r3_L4,Nb.seq,posterior,0.5,7182,0.099833,0.093112,0.106981
r3_L4,Nb.seq,posterior,1.0,14363,0.081459,0.077097,0.086045
r3_L4,Nb.seq,gap,0.01,144,0.118056,0.075028,0.180931
r3_L4,Nb.seq,gap,0.05,718,0.098886,0.07914,0.122901
r3_L4,Nb.seq,gap,0.1,1436,0.093315,0.079336,0.109463
r3_L4,Nb.seq,gap,0.25,3591,0.083821,0.075196,0.093335
r3_L4,Nb.seq,gap,0.5,7182,0.084099,0.077901,0.090742
r3_L4,Nb.seq,gap,1.0,14363,0.081459,0.077097,0.086045
r3_L4,V.full,posterior,0.01,144,0.145833,0.097405,0.212667
r3_L4,V.full,posterior,0.05,718,0.139276,0.115865,0.166526
r3_L4,V.full,posterior,0.1,1436,0.123955,0.107908,0.142009
r3_L4,V.full,posterior,0.25,3591,0.11863,0.108459,0.129616
r3_L4,V.full,posterior,0.5,7182,0.100668,0.093922,0.107842
r3_L4,V.full,posterior,1.0,14363,0.084801,0.080355,0.089469
r3_L4,V.full,gap,0.01,144,0.125,0.080551,0.188937
r3_L4,V.full,gap,0.05,718,0.0961,0.076642,0.119857
r3_L4,V.full,gap,0.1,1436,0.096797,0.082562,0.113183
r3_L4,V.full,gap,0.25,3591,0.092732,0.083675,0.102659
r3_L4,V.full,gap,0.5,7182,0.086745,0.080454,0.093477
r3_L4,V.full,gap,1.0,14363,0.084801,0.080355,0.089469
r3_L4,V.timing,posterior,0.01,144,0.118056,0.075028,0.180931
r3_L4,V.timing,posterior,0.05,718,0.125348,0.103105,0.151579
r3_L4,V.timing,posterior,0.1,1436,0.114206,0.098775,0.131696
r3_L4,V.timing,posterior,0.25,3591,0.097466,0.088191,0.107601
r3_L4,V.timing,posterior,0.5,7182,0.087859,0.08153,0.094628
r3_L4,V.timing,posterior,1.0,14363,0.080206,0.075876,0.084761
r3_L4,V.timing,gap,0.01,144,0.076389,0.043187,0.131604
r3_L4,V.timing,gap,0.05,718,0.082173,0.064239,0.104553
r3_L4,V.timing,gap,0.1,1436,0.084262,0.07098,0.099762
r3_L4,V.timing,gap,0.25,3591,0.086327,0.077578,0.09596
r3_L4,V.timing,gap,0.5,7182,0.084795,0.078572,0.091462
r3_L4,V.timing,gap,1.0,14363,0.080206,0.075876,0.084761
r2_L4,A,posterior,0.01,144,0.131944,0.086123,0.196893
r2_L4,A,posterior,0.05,718,0.129526,0.106923,0.156073
r2_L4,A,posterior,0.1,1436,0.116992,0.10138,0.134647
r2_L4,A,posterior,0.25,3591,0.098023,0.088723,0.108182
r2_L4,A,posterior,0.5,7182,0.087998,0.081664,0.094772
r2_L4,A,posterior,1.0,14363,0.074358,0.07018,0.078763
r2_L4,A,gap,0.01,144,0.076389,0.043187,0.131604
r2_L4,A,gap,0.05,718,0.083565,0.065472,0.106091
r2_L4,A,gap,0.1,1436,0.093315,0.079336,0.109463
r2_L4,A,gap,0.25,3591,0.078251,0.069911,0.087493
r2_L4,A,gap,0.5,7182,0.076998,0.071056,0.083392
r2_L4,A,gap,1.0,14363,0.074358,0.07018,0.078763
r2_L4,C,posterior,0.01,144,0.340278,0.267941,0.420915
r2_L4,C,posterior,0.05,718,0.249304,0.219051,0.282225
r2_L4,C,posterior,0.1,1436,0.227019,0.206098,0.249398
r2_L4,C,posterior,0.25,3591,0.203286,0.190444,0.216763
r2_L4,C,posterior,0.5,7182,0.181426,0.172684,0.190508
r2_L4,C,posterior,1.0,14363,0.154633,0.148813,0.160639
r2_L4,C,gap,0.01,144,0.208333,0.150011,0.281813
r2_L4,C,gap,0.05,718,0.210306,0.182079,0.241617
r2_L4,C,gap,0.1,1436,0.187326,0.167989,0.208331
r2_L4,C,gap,0.25,3591,0.172932,0.160914,0.18565
r2_L4,C,gap,0.5,7182,0.164996,0.156591,0.173759
r2_L4,C,gap,1.0,14363,0.154633,0.148813,0.160639
r2_L4,D,posterior,0.01,144,0.125,0.080551,0.188937
r2_L4,D,posterior,0.05,718,0.098886,0.07914,0.122901
r2_L4,D,posterior,0.1,1436,0.090529,0.07676,0.106483
r2_L4,D,posterior,0.25,3591,0.07296,0.064903,0.08193
r2_L4,D,posterior,0.5,7182,0.070732,0.06503,0.076894
r2_L4,D,posterior,1.0,14363,0.059528,0.055775,0.063517
r2_L4,D,gap,0.01,144,0.041667,0.019234,0.087918
r2_L4,D,gap,0.05,718,0.073816,0.056875,0.095293
r2_L4,D,gap,0.1,1436,0.060585,0.049379,0.074136
r2_L4,D,gap,0.25,3591,0.060429,0.053095,0.068702
r2_L4,D,gap,0.5,7182,0.060707,0.055416,0.066468
r2_L4,D,gap,1.0,14363,0.059528,0.055775,0.063517
r2_L4,F.full,posterior,0.01,144,0.9375,0.885491,0.966773
r2_L4,F.full,posterior,0.05,718,0.888579,0.863465,0.909558
r2_L4,F.full,posterior,0.1,1436,0.869777,0.851379,0.886202
r2_L4,F.full,posterior,0.25,3591,0.833473,0.820932,0.8453
r2_L4,F.full,posterior,0.5,7182,0.661793,0.650768,0.672646
r2_L4,F.full,posterior,1.0,14363,0.381188,0.373278,0.389161
r2_L4,F.full,gap,0.01,144,0.875,0.811063,0.919449
r2_L4,F.full,gap,0.05,718,0.835655,0.806775,0.860962
r2_L4,F.full,gap,0.1,1436,0.818245,0.797459,0.837334
r2_L4,F.full,gap,0.25,3591,0.82122,0.808346,0.833407
r2_L4,F.full,gap,0.5,7182,0.633807,0.622596,0.644874
r2_L4,F.full,gap,1.0,14363,0.381188,0.373278,0.389161
r2_L4,F.legs,posterior,0.01,144,0.868056,0.803107,0.913877
r2_L4,F.legs,posterior,0.05,718,0.860724,0.833474,0.884135
r2_L4,F.legs,posterior,0.1,1436,0.8461,0.826515,0.863839
r2_L4,F.legs,posterior,0.25,3591,0.826511,0.813778,0.838545
r2_L4,F.legs,posterior,0.5,7182,0.650654,0.63955,0.661597
r2_L4,F.legs,posterior,1.0,14363,0.344287,0.33656,0.352099
r2_L4,F.legs,gap,0.01,144,0.777778,0.703158,0.837963
r2_L4,F.legs,gap,0.05,718,0.778552,0.746742,0.807396
r2_L4,F.legs,gap,0.1,1436,0.782033,0.759942,0.80262
r2_L4,F.legs,gap,0.25,3591,0.808131,0.794926,0.820679
r2_L4,F.legs,gap,0.5,7182,0.631161,0.619935,0.642247
r2_L4,F.legs,gap,1.0,14363,0.344287,0.33656,0.352099
r2_L4,F.timing,posterior,0.01,144,0.458333,0.379092,0.53974
r2_L4,F.timing,posterior,0.05,718,0.327298,0.293975,0.36246
r2_L4,F.timing,posterior,0.1,1436,0.29805,0.274957,0.322221
r2_L4,F.timing,posterior,0.25,3591,0.251184,0.23727,0.265629
r2_L4,F.timing,posterior,0.5,7182,0.209273,0.200022,0.218835
r2_L4,F.timing,posterior,1.0,14363,0.155747,0.149909,0.16177
r2_L4,F.timing,gap,0.01,144,0.395833,0.319665,0.477415
r2_L4,F.timing,gap,0.05,718,0.274373,0.243002,0.308146
r2_L4,F.timing,gap,0.1,1436,0.243036,0.221557,0.265887
r2_L4,F.timing,gap,0.25,3591,0.208577,0.195603,0.222174
r2_L4,F.timing,gap,0.5,7182,0.181287,0.172548,0.190366
r2_L4,F.timing,gap,1.0,14363,0.155747,0.149909,0.16177
r2_L4,GK.full,posterior,0.01,431,0.215777,0.179543,0.257033
r2_L4,GK.full,posterior,0.05,2154,0.210306,0.19362,0.228025
r2_L4,GK.full,posterior,0.1,4309,0.182641,0.171389,0.194458
r2_L4,GK.full,posterior,0.25,10772,0.168028,0.161086,0.175207
r2_L4,GK.full,posterior,0.5,21544,0.146816,0.142153,0.151605
r2_L4,GK.full,posterior,1.0,43089,0.121214,0.118166,0.12433
r2_L4,GK.full,gap,0.01,431,0.167053,0.134811,0.205178
r2_L4,GK.full,gap,0.05,2154,0.134633,0.120867,0.1497
r2_L4,GK.full,gap,0.1,4309,0.135994,0.126083,0.146554
r2_L4,GK.full,gap,0.25,10772,0.135629,0.129293,0.142225
r2_L4,GK.full,gap,0.5,21544,0.126764,0.122388,0.131273
r2_L4,GK.full,gap,1.0,43089,0.121214,0.118166,0.12433
r2_L4,GK.timing,posterior,0.01,431,0.12529,0.097309,0.159891
r2_L4,GK.timing,posterior,0.05,2154,0.12442,0.111146,0.13903
r2_L4,GK.timing,posterior,0.1,4309,0.124623,0.115094,0.13482
r2_L4,GK.timing,posterior,0.25,10772,0.113071,0.107228,0.11919
r2_L4,GK.timing,posterior,0.5,21544,0.107362,0.103298,0.111566
r2_L4,GK.timing,posterior,1.0,43089,0.091949,0.089257,0.094714
r2_L4,GK.timing,gap,0.01,431,0.090487,0.0669,0.12131
r2_L4,GK.timing,gap,0.05,2154,0.0961,0.084363,0.109276
r2_L4,GK.timing,gap,0.1,4309,0.098167,0.089637,0.107412
r2_L4,GK.timing,gap,0.25,10772,0.094597,0.089214,0.100269
r2_L4,GK.timing,gap,0.5,21544,0.093994,0.090169,0.097963
r2_L4,GK.timing,gap,1.0,43089,0.091949,0.089257,0.094714
r2_L4,N.F,posterior,0.01,144,0.076389,0.043187,0.131604
r2_L4,N.F,posterior,0.05,718,0.069638,0.053219,0.090637
r2_L4,N.F,posterior,0.1,1436,0.075905,0.06331,0.090763
r2_L4,N.F,posterior,0.25,3591,0.071011,0.063061,0.079878
r2_L4,N.F,posterior,0.5,7182,0.064884,0.059417,0.070817
r2_L4,N.F,posterior,1.0,14363,0.054167,0.050583,0.057989
r2_L4,N.F,gap,0.01,144,0.048611,0.023744,0.096936
r2_L4,N.F,gap,0.05,718,0.047354,0.034082,0.065443
r2_L4,N.F,gap,0.1,1436,0.052925,0.042492,0.065743
r2_L4,N.F,gap,0.25,3591,0.052353,0.045535,0.060128
r2_L4,N.F,gap,0.5,7182,0.053885,0.048897,0.059349
r2_L4,N.F,gap,1.0,14363,0.054167,0.050583,0.057989
r2_L4,N@A,posterior,0.01,144,0.173611,0.120449,0.243734
r2_L4,N@A,posterior,0.05,718,0.150418,0.126134,0.178423
r2_L4,N@A,posterior,0.1,1436,0.132312,0.115764,0.150822
r2_L4,N@A,posterior,0.25,3591,0.121972,0.11167,0.133081
r2_L4,N@A,posterior,0.5,7182,0.109997,0.102968,0.117443
r2_L4,N@A,posterior,1.0,14363,0.09246,0.087831,0.097307
r2_L4,N@A,gap,0.01,144,0.104167,0.064148,0.164756
r2_L4,N@A,gap,0.05,718,0.090529,0.071663,0.113754
r2_L4,N@A,gap,0.1,1436,0.097493,0.083208,0.113926
r2_L4,N@A,gap,0.25,3591,0.092453,0.08341,0.102368
r2_L4,N@A,gap,0.5,7182,0.097605,0.090955,0.104686
r2_L4,N@A,gap,1.0,14363,0.09246,0.087831,0.097307
r2_L4,N@C,posterior,0.01,144,0.166667,0.114633,0.236023
r2_L4,N@C,posterior,0.05,718,0.150418,0.126134,0.178423
r2_L4,N@C,posterior,0.1,1436,0.133008,0.11642,0.151555
r2_L4,N@C,posterior,0.25,3591,0.120858,0.1106,0.131926
r2_L4,N@C,posterior,0.5,7182,0.110276,0.103239,0.117729
r2_L4,N@C,posterior,1.0,14363,0.092738,0.088103,0.097592
r2_L4,N@C,gap,0.01,144,0.111111,0.069559,0.172872
r2_L4,N@C,gap,0.05,718,0.091922,0.072906,0.115282
r2_L4,N@C,gap,0.1,1436,0.099582,0.085147,0.116154
r2_L4,N@C,gap,0.25,3591,0.092453,0.08341,0.102368
r2_L4,N@C,gap,0.5,7182,0.098301,0.091629,0.105403
r2_L4,N@C,gap,1.0,14363,0.092738,0.088103,0.097592
r2_L4,N@D,posterior,0.01,144,0.159722,0.108852,0.228275
r2_L4,N@D,posterior,0.05,718,0.14624,0.122277,0.173968
r2_L4,N@D,posterior,0.1,1436,0.130919,0.114453,0.149355
r2_L4,N@D,posterior,0.25,3591,0.120858,0.1106,0.131926
r2_L4,N@D,posterior,0.5,7182,0.109858,0.102833,0.1173
r2_L4,N@D,posterior,1.0,14363,0.092529,0.087899,0.097378
r2_L4,N@D,gap,0.01,144,0.104167,0.064148,0.164756
r2_L4,N@D,gap,0.05,718,0.087744,0.069182,0.110693
r2_L4,N@D,gap,0.1,1436,0.0961,0.081916,0.112439
r2_L4,N@D,gap,0.25,3591,0.091896,0.082879,0.101786
r2_L4,N@D,gap,0.5,7182,0.097466,0.09082,0.104542
r2_L4,N@D,gap,1.0,14363,0.092529,0.087899,0.097378
r2_L4,N@V,posterior,0.01,144,0.159722,0.108852,0.228275
r2_L4,N@V,posterior,0.05,718,0.151811,0.127421,0.179906
r2_L4,N@V,posterior,0.1,1436,0.133705,0.117076,0.152288
r2_L4,N@V,posterior,0.25,3591,0.12225,0.111938,0.13337
r2_L4,N@V,posterior,0.5,7182,0.109162,0.102158,0.116584
r2_L4,N@V,posterior,1.0,14363,0.091833,0.087219,0.096666
r2_L4,N@V,gap,0.01,144,0.104167,0.064148,0.164756
r2_L4,N@V,gap,0.05,718,0.091922,0.072906,0.115282
r2_L4,N@V,gap,0.1,1436,0.098189,0.083854,0.114669
r2_L4,N@V,gap,0.25,3591,0.093567,0.084472,0.103531
r2_L4,N@V,gap,0.5,7182,0.097466,0.09082,0.104542
r2_L4,N@V,gap,1.0,14363,0.091833,0.087219,0.096666
r2_L4,Nb.seq,posterior,0.01,144,0.125,0.080551,0.188937
r2_L4,Nb.seq,posterior,0.05,718,0.144847,0.120993,0.172481
r2_L4,Nb.seq,posterior,0.1,1436,0.133008,0.11642,0.151555
r2_L4,Nb.seq,posterior,0.25,3591,0.120022,0.109797,0.13106
r2_L4,Nb.seq,posterior,0.5,7182,0.108605,0.101617,0.116011
r2_L4,Nb.seq,posterior,1.0,14363,0.090162,0.085587,0.094956
r2_L4,Nb.seq,gap,0.01,144,0.125,0.080551,0.188937
r2_L4,Nb.seq,gap,0.05,718,0.097493,0.07789,0.12138
r2_L4,Nb.seq,gap,0.1,1436,0.100975,0.086441,0.117639
r2_L4,Nb.seq,gap,0.25,3591,0.097187,0.087925,0.10731
r2_L4,Nb.seq,gap,0.5,7182,0.096491,0.089877,0.103537
r2_L4,Nb.seq,gap,1.0,14363,0.090162,0.085587,0.094956
r2_L4,V.full,posterior,0.01,144,0.222222,0.162037,0.296842
r2_L4,V.full,posterior,0.05,718,0.194986,0.167662,0.225557
r2_L4,V.full,posterior,0.1,1436,0.170613,0.152042,0.190942
r2_L4,V.full,posterior,0.25,3591,0.152604,0.141214,0.164736
r2_L4,V.full,posterior,0.5,7182,0.132971,0.125314,0.141021
r2_L4,V.full,posterior,1.0,14363,0.114113,0.109016,0.119416
r2_L4,V.full,gap,0.01,144,0.166667,0.114633,0.236023
r2_L4,V.full,gap,0.05,718,0.123955,0.101834,0.150079
r2_L4,V.full,gap,0.1,1436,0.132312,0.115764,0.150822
r2_L4,V.full,gap,0.25,3591,0.121415,0.111135,0.132504
r2_L4,V.full,gap,0.5,7182,0.121693,0.114334,0.129457
r2_L4,V.full,gap,1.0,14363,0.114113,0.109016,0.119416
r2_L4,V.timing,posterior,0.01,144,0.173611,0.120449,0.243734
r2_L4,V.timing,posterior,0.05,718,0.140669,0.117145,0.168016
r2_L4,V.timing,posterior,0.1,1436,0.109331,0.094222,0.126526
r2_L4,V.timing,posterior,0.25,3591,0.101643,0.092181,0.111956
r2_L4,V.timing,posterior,0.5,7182,0.093985,0.087452,0.100952
r2_L4,V.timing,posterior,1.0,14363,0.082643,0.078251,0.087258
r2_L4,V.timing,gap,0.01,144,0.090278,0.053518,0.14833
r2_L4,V.timing,gap,0.05,718,0.093315,0.07415,0.116808
r2_L4,V.timing,gap,0.1,1436,0.097493,0.083208,0.113926
r2_L4,V.timing,gap,0.25,3591,0.08939,0.080492,0.099166
r2_L4,V.timing,gap,0.5,7182,0.087302,0.080992,0.094052
r2_L4,V.timing,gap,1.0,14363,0.082643,0.078251,0.087258
r1_L4,A,posterior,0.01,144,0.069444,0.038155,0.123109
r1_L4,A,posterior,0.05,718,0.094708,0.075395,0.118334
r1_L4,A,posterior,0.1,1436,0.084262,0.07098,0.099762
r1_L4,A,posterior,0.25,3591,0.081593,0.07308,0.091
r1_L4,A,posterior,0.5,7182,0.076023,0.070118,0.082382
r1_L4,A,posterior,1.0,14363,0.068092,0.064086,0.072328
r1_L4,A,gap,0.01,144,0.027778,0.010854,0.069242
r1_L4,A,gap,0.05,718,0.059889,0.044763,0.079698
r1_L4,A,gap,0.1,1436,0.057799,0.046868,0.071091
r1_L4,A,gap,0.25,3591,0.065441,0.057808,0.074003
r1_L4,A,gap,0.5,7182,0.068783,0.063157,0.07487
r1_L4,A,gap,1.0,14363,0.068092,0.064086,0.072328
r1_L4,C,posterior,0.01,144,0.291667,0.223613,0.370547
r1_L4,C,posterior,0.05,718,0.249304,0.219051,0.282225
r1_L4,C,posterior,0.1,1436,0.22493,0.204085,0.247243
r1_L4,C,posterior,0.25,3591,0.194932,0.182304,0.208212
r1_L4,C,posterior,0.5,7182,0.178223,0.169545,0.187246
r1_L4,C,posterior,1.0,14363,0.15526,0.14943,0.161275
r1_L4,C,gap,0.01,144,0.222222,0.162037,0.296842
r1_L4,C,gap,0.05,718,0.200557,0.172897,0.231405
r1_L4,C,gap,0.1,1436,0.172702,0.154032,0.193119
r1_L4,C,gap,0.25,3591,0.165135,0.15335,0.177636
r1_L4,C,gap,0.5,7182,0.164021,0.155637,0.172764
r1_L4,C,gap,1.0,14363,0.15526,0.14943,0.161275
r1_L4,D,posterior,0.01,144,0.097222,0.058799,0.156577
r1_L4,D,posterior,0.05,718,0.083565,0.065472,0.106091
r1_L4,D,posterior,0.1,1436,0.077994,0.065223,0.093017
r1_L4,D,posterior,0.25,3591,0.067112,0.059382,0.075767
r1_L4,D,posterior,0.5,7182,0.066277,0.060752,0.072265
r1_L4,D,posterior,1.0,14363,0.058344,0.054628,0.062297
r1_L4,D,gap,0.01,144,0.131944,0.086123,0.196893
r1_L4,D,gap,0.05,718,0.08078,0.063007,0.103014
r1_L4,D,gap,0.1,1436,0.06546,0.053791,0.079447
r1_L4,D,gap,0.25,3591,0.059036,0.051789,0.067227
r1_L4,D,gap,0.5,7182,0.05848,0.053285,0.064146
r1_L4,D,gap,1.0,14363,0.058344,0.054628,0.062297
r1_L4,F.full,posterior,0.01,144,1.0,0.974016,1.0
r1_L4,F.full,posterior,0.05,718,1.0,0.994678,1.0
r1_L4,F.full,posterior,0.1,1436,1.0,0.997332,1.0
r1_L4,F.full,posterior,0.25,3591,0.997772,0.99561,0.998871
r1_L4,F.full,posterior,0.5,7182,0.961988,0.957313,0.96617
r1_L4,F.full,posterior,1.0,14363,0.862285,0.856552,0.867824
r1_L4,F.full,gap,0.01,144,1.0,0.974016,1.0
r1_L4,F.full,gap,0.05,718,1.0,0.994678,1.0
r1_L4,F.full,gap,0.1,1436,1.0,0.997332,1.0
r1_L4,F.full,gap,0.25,3591,1.0,0.998931,1.0
r1_L4,F.full,gap,0.5,7182,0.96533,0.960844,0.969318
r1_L4,F.full,gap,1.0,14363,0.862285,0.856552,0.867824
r1_L4,F.timing,posterior,0.01,144,0.4375,0.359142,0.519106
r1_L4,F.timing,posterior,0.05,718,0.321727,0.288585,0.356767
r1_L4,F.timing,posterior,0.1,1436,0.294568,0.271564,0.318668
r1_L4,F.timing,posterior,0.25,3591,0.240602,0.226903,0.254855
r1_L4,F.timing,posterior,0.5,7182,0.195628,0.186617,0.204964
r1_L4,F.timing,posterior,1.0,14363,0.151361,0.145593,0.157316
r1_L4,F.timing,gap,0.01,144,0.375,0.300142,0.456353
r1_L4,F.timing,gap,0.05,718,0.224234,0.19524,0.256163
r1_L4,F.timing,gap,0.1,1436,0.203343,0.18333,0.224938
r1_L4,F.timing,gap,0.25,3591,0.189084,0.176611,0.202221
r1_L4,F.timing,gap,0.5,7182,0.171818,0.16327,0.180717
r1_L4,F.timing,gap,1.0,14363,0.151361,0.145593,0.157316
r1_L4,N.F,posterior,0.01,144,0.055556,0.028417,0.105791
r1_L4,N.F,posterior,0.05,718,0.072423,0.055655,0.093743
r1_L4,N.F,posterior,0.1,1436,0.073816,0.0614,0.088507
r1_L4,N.F,posterior,0.25,3591,0.072403,0.064376,0.081344
r1_L4,N.F,posterior,0.5,7182,0.0621,0.056749,0.067919
r1_L4,N.F,posterior,1.0,14363,0.052148,0.04863,0.055905
r1_L4,N.F,gap,0.01,144,0.0625,0.033227,0.114509
r1_L4,N.F,gap,0.05,718,0.061281,0.045964,0.081268
r1_L4,N.F,gap,0.1,1436,0.059192,0.048123,0.072614
r1_L4,N.F,gap,0.25,3591,0.054859,0.047876,0.062794
r1_L4,N.F,gap,0.5,7182,0.052492,0.04757,0.057894
r1_L4,N.F,gap,1.0,14363,0.052148,0.04863,0.055905
r1_L4,N@A,posterior,0.01,144,0.1875,0.132182,0.259058
r1_L4,N@A,posterior,0.05,718,0.13649,0.113306,0.163544
r1_L4,N@A,posterior,0.1,1436,0.119081,0.103337,0.136857
r1_L4,N@A,posterior,0.25,3591,0.113896,0.103915,0.124702
r1_L4,N@A,posterior,0.5,7182,0.102618,0.095811,0.10985
r1_L4,N@A,posterior,1.0,14363,0.084871,0.080423,0.08954
r1_L4,N@A,gap,0.01,144,0.118056,0.075028,0.180931
r1_L4,N@A,gap,0.05,718,0.108635,0.087922,0.133514
r1_L4,N@A,gap,0.1,1436,0.105153,0.090327,0.122086
r1_L4,N@A,gap,0.25,3591,0.093846,0.084737,0.103822
r1_L4,N@A,gap,0.5,7182,0.089112,0.08274,0.095922
r1_L4,N@A,gap,1.0,14363,0.084871,0.080423,0.08954
r1_L4,N@C,posterior,0.01,144,0.180556,0.126299,0.251412
r1_L4,N@C,posterior,0.05,718,0.135097,0.112027,0.162051
r1_L4,N@C,posterior,0.1,1436,0.118384,0.102685,0.136121
r1_L4,N@C,posterior,0.25,3591,0.112225,0.102313,0.122966
r1_L4,N@C,posterior,0.5,7182,0.102061,0.095271,0.109276
r1_L4,N@C,posterior,1.0,14363,0.08494,0.080491,0.089612
r1_L4,N@C,gap,0.01,144,0.118056,0.075028,0.180931
r1_L4,N@C,gap,0.05,718,0.108635,0.087922,0.133514
r1_L4,N@C,gap,0.1,1436,0.10585,0.090976,0.122827
r1_L4,N@C,gap,0.25,3591,0.092453,0.08341,0.102368
r1_L4,N@C,gap,0.5,7182,0.088833,0.082471,0.095635
r1_L4,N@C,gap,1.0,14363,0.08494,0.080491,0.089612
r1_L4,N@D,posterior,0.01,144,0.180556,0.126299,0.251412
r1_L4,N@D,posterior,0.05,718,0.133705,0.11075,0.160558
r1_L4,N@D,posterior,0.1,1436,0.119081,0.103337,0.136857
r1_L4,N@D,posterior,0.25,3591,0.111947,0.102046,0.122677
r1_L4,N@D,posterior,0.5,7182,0.101365,0.094596,0.108559
r1_L4,N@D,posterior,1.0,14363,0.08501,0.080559,0.089683
r1_L4,N@D,gap,0.01,144,0.118056,0.075028,0.180931
r1_L4,N@D,gap,0.05,718,0.108635,0.087922,0.133514
r1_L4,N@D,gap,0.1,1436,0.10585,0.090976,0.122827
r1_L4,N@D,gap,0.25,3591,0.09301,0.083941,0.10295
r1_L4,N@D,gap,0.5,7182,0.088555,0.082202,0.095347
r1_L4,N@D,gap,1.0,14363,0.08501,0.080559,0.089683
r1_L4,Nb.seq,posterior,0.01,144,0.1875,0.132182,0.259058
r1_L4,Nb.seq,posterior,0.05,718,0.130919,0.108198,0.157569
r1_L4,Nb.seq,posterior,0.1,1436,0.129526,0.113143,0.147887
r1_L4,Nb.seq,posterior,0.25,3591,0.115567,0.105518,0.126437
r1_L4,Nb.seq,posterior,0.5,7182,0.101504,0.094731,0.108702
r1_L4,Nb.seq,posterior,1.0,14363,0.085289,0.080831,0.089968
r1_L4,Nb.seq,gap,0.01,144,0.118056,0.075028,0.180931
r1_L4,Nb.seq,gap,0.05,718,0.111421,0.090442,0.136535
r1_L4,Nb.seq,gap,0.1,1436,0.105153,0.090327,0.122086
r1_L4,Nb.seq,gap,0.25,3591,0.09496,0.085799,0.104985
r1_L4,Nb.seq,gap,0.5,7182,0.0912,0.084759,0.098079
r1_L4,Nb.seq,gap,1.0,14363,0.085289,0.080831,0.089968
r3_L4_positive,A,posterior,0.01,144,1.0,0.974016,1.0
r3_L4_positive,A,posterior,0.05,718,0.995822,0.987788,0.998578
r3_L4_positive,A,posterior,0.1,1436,0.995822,0.990914,0.998084
r3_L4_positive,A,posterior,0.25,3591,0.993317,0.990074,0.995505
r3_L4_positive,A,posterior,0.5,7182,0.975077,0.971209,0.978436
r3_L4_positive,A,posterior,1.0,14363,0.814523,0.808083,0.820796
r3_L4_positive,A,gap,0.01,144,1.0,0.974016,1.0
r3_L4_positive,A,gap,0.05,718,0.983287,0.971016,0.990414
r3_L4_positive,A,gap,0.1,1436,0.975627,0.966292,0.982423
r3_L4_positive,A,gap,0.25,3591,0.926204,0.917191,0.934307
r3_L4_positive,A,gap,0.5,7182,0.881509,0.87383,0.888781
r3_L4_positive,A,gap,1.0,14363,0.814523,0.808083,0.820796
r3_L4_positive,C,posterior,0.01,144,0.993056,0.961715,0.998773
r3_L4_positive,C,posterior,0.05,718,0.995822,0.987788,0.998578
r3_L4_positive,C,posterior,0.1,1436,0.993733,0.988131,0.996699
r3_L4_positive,C,posterior,0.25,3591,0.984962,0.980432,0.988456
r3_L4_positive,C,posterior,0.5,7182,0.96895,0.964681,0.972718
r3_L4_positive,C,posterior,1.0,14363,0.818631,0.812245,0.824847
r3_L4_positive,C,gap,0.01,144,0.972222,0.930758,0.989146
r3_L4_positive,C,gap,0.05,718,0.951253,0.932961,0.964743
r3_L4_positive,C,gap,0.1,1436,0.940808,0.927386,0.951877
r3_L4_positive,C,gap,0.25,3591,0.904762,0.894724,0.913935
r3_L4_positive,C,gap,0.5,7182,0.878446,0.870686,0.885802
r3_L4_positive,C,gap,1.0,14363,0.818631,0.812245,0.824847
r3_L4_positive,D,posterior,0.01,144,1.0,0.974016,1.0
r3_L4_positive,D,posterior,0.05,718,1.0,0.994678,1.0
r3_L4_positive,D,posterior,0.1,1436,0.994429,0.989045,0.997174
r3_L4_positive,D,posterior,0.25,3591,0.985241,0.980746,0.988698
r3_L4_positive,D,posterior,0.5,7182,0.963938,0.959372,0.968008
r3_L4_positive,D,posterior,1.0,14363,0.824131,0.817819,0.830271
r3_L4_positive,D,gap,0.01,144,1.0,0.974016,1.0
r3_L4_positive,D,gap,0.05,718,0.979109,0.965819,0.987299
r3_L4_positive,D,gap,0.1,1436,0.948468,0.93579,0.958753
r3_L4_positive,D,gap,0.25,3591,0.910331,0.900543,0.919243
r3_L4_positive,D,gap,0.5,7182,0.876358,0.868543,0.88377
r3_L4_positive,D,gap,1.0,14363,0.824131,0.817819,0.830271
r3_L4_positive,F.full,posterior,0.01,144,1.0,0.974016,1.0
r3_L4_positive,F.full,posterior,0.05,718,1.0,0.994678,1.0
r3_L4_positive,F.full,posterior,0.1,1436,1.0,0.997332,1.0
r3_L4_positive,F.full,posterior,0.25,3591,1.0,0.998931,1.0
r3_L4_positive,F.full,posterior,0.5,7182,1.0,0.999465,1.0
r3_L4_positive,F.full,posterior,1.0,14363,0.99631,0.995177,0.997178
r3_L4_positive,F.full,gap,0.01,144,1.0,0.974016,1.0
r3_L4_positive,F.full,gap,0.05,718,1.0,0.994678,1.0
r3_L4_positive,F.full,gap,0.1,1436,1.0,0.997332,1.0
r3_L4_positive,F.full,gap,0.25,3591,1.0,0.998931,1.0
r3_L4_positive,F.full,gap,0.5,7182,1.0,0.999465,1.0
r3_L4_positive,F.full,gap,1.0,14363,0.99631,0.995177,0.997178
r3_L4_positive,F.legs,posterior,0.01,144,1.0,0.974016,1.0
r3_L4_positive,F.legs,posterior,0.05,718,1.0,0.994678,1.0
r3_L4_positive,F.legs,posterior,0.1,1436,1.0,0.997332,1.0
r3_L4_positive,F.legs,posterior,0.25,3591,1.0,0.998931,1.0
r3_L4_positive,F.legs,posterior,0.5,7182,1.0,0.999465,1.0
r3_L4_positive,F.legs,posterior,1.0,14363,0.791896,0.785179,0.798456
r3_L4_positive,F.legs,gap,0.01,144,1.0,0.974016,1.0
r3_L4_positive,F.legs,gap,0.05,718,1.0,0.994678,1.0
r3_L4_positive,F.legs,gap,0.1,1436,1.0,0.997332,1.0
r3_L4_positive,F.legs,gap,0.25,3591,1.0,0.998931,1.0
r3_L4_positive,F.legs,gap,0.5,7182,1.0,0.999465,1.0
r3_L4_positive,F.legs,gap,1.0,14363,0.791896,0.785179,0.798456
r3_L4_positive,F.timing,posterior,0.01,144,1.0,0.974016,1.0
r3_L4_positive,F.timing,posterior,0.05,718,1.0,0.994678,1.0
r3_L4_positive,F.timing,posterior,0.1,1436,1.0,0.997332,1.0
r3_L4_positive,F.timing,posterior,0.25,3591,1.0,0.998931,1.0
r3_L4_positive,F.timing,posterior,0.5,7182,1.0,0.999465,1.0
r3_L4_positive,F.timing,posterior,1.0,14363,0.996031,0.994862,0.996935
r3_L4_positive,F.timing,gap,0.01,144,1.0,0.974016,1.0
r3_L4_positive,F.timing,gap,0.05,718,1.0,0.994678,1.0
r3_L4_positive,F.timing,gap,0.1,1436,1.0,0.997332,1.0
r3_L4_positive,F.timing,gap,0.25,3591,1.0,0.998931,1.0
r3_L4_positive,F.timing,gap,0.5,7182,1.0,0.999465,1.0
r3_L4_positive,F.timing,gap,1.0,14363,0.996031,0.994862,0.996935
r3_L4_positive,GK.full,posterior,0.01,431,0.993039,0.979738,0.99763
r3_L4_positive,GK.full,posterior,0.05,2154,0.995822,0.992078,0.9978
r3_L4_positive,GK.full,posterior,0.1,4309,0.994662,0.992003,0.996441
r3_L4_positive,GK.full,posterior,0.25,10772,0.985611,0.983183,0.987693
r3_L4_positive,GK.full,posterior,0.5,21544,0.968947,0.966546,0.971181
r3_L4_positive,GK.full,posterior,1.0,43089,0.824178,0.820555,0.827743
r3_L4_positive,GK.full,gap,0.01,431,0.979118,0.960795,0.988976
r3_L4_positive,GK.full,gap,0.05,2154,0.949861,0.939817,0.958302
r3_L4_positive,GK.full,gap,0.1,4309,0.942214,0.934845,0.948795
r3_L4_positive,GK.full,gap,0.25,10772,0.906424,0.900778,0.91178
r3_L4_positive,GK.full,gap,0.5,21544,0.878806,0.874381,0.883097
r3_L4_positive,GK.full,gap,1.0,43089,0.824178,0.820555,0.827743
r3_L4_positive,GK.timing,posterior,0.01,431,1.0,0.991166,1.0
r3_L4_positive,GK.timing,posterior,0.05,2154,0.995822,0.992078,0.9978
r3_L4_positive,GK.timing,posterior,0.1,4309,0.996983,0.994845,0.998236
r3_L4_positive,GK.timing,posterior,0.25,10772,0.993316,0.991592,0.994689
r3_L4_positive,GK.timing,posterior,0.5,21544,0.98018,0.978232,0.981957
r3_L4_positive,GK.timing,posterior,1.0,43089,0.8268,0.823198,0.830344
r3_L4_positive,GK.timing,gap,0.01,431,1.0,0.991166,1.0
r3_L4_positive,GK.timing,gap,0.05,2154,0.972609,0.96483,0.978706
r3_L4_positive,GK.timing,gap,0.1,4309,0.955442,0.948865,0.961208
r3_L4_positive,GK.timing,gap,0.25,10772,0.920999,0.915754,0.925944
r3_L4_positive,GK.timing,gap,0.5,21544,0.884051,0.879707,0.888258
r3_L4_positive,GK.timing,gap,1.0,43089,0.8268,0.823198,0.830344
r3_L4_positive,N.F,posterior,0.01,144,1.0,0.974016,1.0
r3_L4_positive,N.F,posterior,0.05,718,1.0,0.994678,1.0
r3_L4_positive,N.F,posterior,0.1,1436,1.0,0.997332,1.0
r3_L4_positive,N.F,posterior,0.25,3591,1.0,0.998931,1.0
r3_L4_positive,N.F,posterior,0.5,7182,1.0,0.999465,1.0
r3_L4_positive,N.F,posterior,1.0,14363,0.996031,0.994862,0.996935
r3_L4_positive,N.F,gap,0.01,144,1.0,0.974016,1.0
r3_L4_positive,N.F,gap,0.05,718,1.0,0.994678,1.0
r3_L4_positive,N.F,gap,0.1,1436,1.0,0.997332,1.0
r3_L4_positive,N.F,gap,0.25,3591,1.0,0.998931,1.0
r3_L4_positive,N.F,gap,0.5,7182,1.0,0.999465,1.0
r3_L4_positive,N.F,gap,1.0,14363,0.996031,0.994862,0.996935
r3_L4_positive,N@A,posterior,0.01,144,1.0,0.974016,1.0
r3_L4_positive,N@A,posterior,0.05,718,0.998607,0.992153,0.999754
r3_L4_positive,N@A,posterior,0.1,1436,0.997911,0.993876,0.999289
r3_L4_positive,N@A,posterior,0.25,3591,0.998329,0.996359,0.999234
r3_L4_positive,N@A,posterior,0.5,7182,0.998608,0.997439,0.999243
r3_L4_positive,N@A,posterior,1.0,14363,0.825733,0.819442,0.831849
r3_L4_positive,N@A,gap,0.01,144,1.0,0.974016,1.0
r3_L4_positive,N@A,gap,0.05,718,0.947075,0.928191,0.961201
r3_L4_positive,N@A,gap,0.1,1436,0.933148,0.919039,0.944945
r3_L4_positive,N@A,gap,0.25,3591,0.90142,0.891237,0.910745
r3_L4_positive,N@A,gap,0.5,7182,0.876079,0.868257,0.883499
r3_L4_positive,N@A,gap,1.0,14363,0.825733,0.819442,0.831849
r3_L4_positive,N@C,posterior,0.01,144,1.0,0.974016,1.0
r3_L4_positive,N@C,posterior,0.05,718,0.998607,0.992153,0.999754
r3_L4_positive,N@C,posterior,0.1,1436,0.997911,0.993876,0.999289
r3_L4_positive,N@C,posterior,0.25,3591,0.998329,0.996359,0.999234
r3_L4_positive,N@C,posterior,0.5,7182,0.998608,0.997439,0.999243
r3_L4_positive,N@C,posterior,1.0,14363,0.824967,0.818666,0.831094
r3_L4_positive,N@C,gap,0.01,144,1.0,0.974016,1.0
r3_L4_positive,N@C,gap,0.05,718,0.947075,0.928191,0.961201
r3_L4_positive,N@C,gap,0.1,1436,0.933148,0.919039,0.944945
r3_L4_positive,N@C,gap,0.25,3591,0.900863,0.890656,0.910213
r3_L4_positive,N@C,gap,0.5,7182,0.875661,0.867829,0.883092
r3_L4_positive,N@C,gap,1.0,14363,0.824967,0.818666,0.831094
r3_L4_positive,N@D,posterior,0.01,144,1.0,0.974016,1.0
r3_L4_positive,N@D,posterior,0.05,718,0.998607,0.992153,0.999754
r3_L4_positive,N@D,posterior,0.1,1436,0.997911,0.993876,0.999289
r3_L4_positive,N@D,posterior,0.25,3591,0.998329,0.996359,0.999234
r3_L4_positive,N@D,posterior,0.5,7182,0.998608,0.997439,0.999243
r3_L4_positive,N@D,posterior,1.0,14363,0.825663,0.819372,0.831781
r3_L4_positive,N@D,gap,0.01,144,1.0,0.974016,1.0
r3_L4_positive,N@D,gap,0.05,718,0.947075,0.928191,0.961201
r3_L4_positive,N@D,gap,0.1,1436,0.933148,0.919039,0.944945
r3_L4_positive,N@D,gap,0.25,3591,0.900585,0.890366,0.909947
r3_L4_positive,N@D,gap,0.5,7182,0.875661,0.867829,0.883092
r3_L4_positive,N@D,gap,1.0,14363,0.825663,0.819372,0.831781
r3_L4_positive,N@V,posterior,0.01,144,1.0,0.974016,1.0
r3_L4_positive,N@V,posterior,0.05,718,0.998607,0.992153,0.999754
r3_L4_positive,N@V,posterior,0.1,1436,0.997911,0.993876,0.999289
r3_L4_positive,N@V,posterior,0.25,3591,0.998329,0.996359,0.999234
r3_L4_positive,N@V,posterior,0.5,7182,0.998608,0.997439,0.999243
r3_L4_positive,N@V,posterior,1.0,14363,0.826359,0.820077,0.832467
r3_L4_positive,N@V,gap,0.01,144,1.0,0.974016,1.0
r3_L4_positive,N@V,gap,0.05,718,0.947075,0.928191,0.961201
r3_L4_positive,N@V,gap,0.1,1436,0.933148,0.919039,0.944945
r3_L4_positive,N@V,gap,0.25,3591,0.901142,0.890947,0.910479
r3_L4_positive,N@V,gap,0.5,7182,0.874826,0.866972,0.882279
r3_L4_positive,N@V,gap,1.0,14363,0.826359,0.820077,0.832467
r3_L4_positive,Nb.seq,posterior,0.01,144,1.0,0.974016,1.0
r3_L4_positive,Nb.seq,posterior,0.05,718,0.998607,0.992153,0.999754
r3_L4_positive,Nb.seq,posterior,0.1,1436,0.997911,0.993876,0.999289
r3_L4_positive,Nb.seq,posterior,0.25,3591,0.998329,0.996359,0.999234
r3_L4_positive,Nb.seq,posterior,0.5,7182,0.998747,0.99762,0.999341
r3_L4_positive,Nb.seq,posterior,1.0,14363,0.832556,0.826361,0.838573
r3_L4_positive,Nb.seq,gap,0.01,144,1.0,0.974016,1.0
r3_L4_positive,Nb.seq,gap,0.05,718,0.947075,0.928191,0.961201
r3_L4_positive,Nb.seq,gap,0.1,1436,0.933844,0.919796,0.945577
r3_L4_positive,Nb.seq,gap,0.25,3591,0.903091,0.89298,0.912341
r3_L4_positive,Nb.seq,gap,0.5,7182,0.877471,0.869686,0.884854
r3_L4_positive,Nb.seq,gap,1.0,14363,0.832556,0.826361,0.838573
r3_L4_positive,V.full,posterior,0.01,144,0.993056,0.961715,0.998773
r3_L4_positive,V.full,posterior,0.05,718,0.995822,0.987788,0.998578
r3_L4_positive,V.full,posterior,0.1,1436,0.993733,0.988131,0.996699
r3_L4_positive,V.full,posterior,0.25,3591,0.984962,0.980432,0.988456
r3_L4_positive,V.full,posterior,0.5,7182,0.96895,0.964681,0.972718
r3_L4_positive,V.full,posterior,1.0,14363,0.819606,0.813232,0.825809
r3_L4_positive,V.full,gap,0.01,144,0.972222,0.930758,0.989146
r3_L4_positive,V.full,gap,0.05,718,0.951253,0.932961,0.964743
r3_L4_positive,V.full,gap,0.1,1436,0.940808,0.927386,0.951877
r3_L4_positive,V.full,gap,0.25,3591,0.904762,0.894724,0.913935
r3_L4_positive,V.full,gap,0.5,7182,0.878307,0.870543,0.885666
r3_L4_positive,V.full,gap,1.0,14363,0.819606,0.813232,0.825809
r3_L4_positive,V.timing,posterior,0.01,144,0.993056,0.961715,0.998773
r3_L4_positive,V.timing,posterior,0.05,718,0.994429,0.985764,0.997831
r3_L4_positive,V.timing,posterior,0.1,1436,0.991643,0.98545,0.995213
r3_L4_positive,V.timing,posterior,0.25,3591,0.985519,0.981061,0.98894
r3_L4_positive,V.timing,posterior,0.5,7182,0.967558,0.963204,0.971412
r3_L4_positive,V.timing,posterior,1.0,14363,0.81891,0.812527,0.825122
r3_L4_positive,V.timing,gap,0.01,144,0.993056,0.961715,0.998773
r3_L4_positive,V.timing,gap,0.05,718,0.958217,0.94098,0.970578
r3_L4_positive,V.timing,gap,0.1,1436,0.956128,0.944262,0.96556
r3_L4_positive,V.timing,gap,0.25,3591,0.925369,0.916312,0.933517
r3_L4_positive,V.timing,gap,0.5,7182,0.876915,0.869114,0.884312
r3_L4_positive,V.timing,gap,1.0,14363,0.81891,0.812527,0.825122
