cell,round,L,variant,share,nodes,window_min,record,scenario,scenario_variant,label,primary,runs,n,n_correct,inv_L,accuracy,ci_lo,ci_hi,ci_adj_lo,ci_adj_hi,lift,lift_lo,lift_hi,top3,top3_lo,top3_hi,accuracy_per_decision,random_assignment,signal_accuracy,auc_posterior,auc_posterior_lo,auc_posterior_hi,auc_gap,auc_gap_lo,auc_gap_hi,auc_stable,runs_needed_for_auc,signal_auc,signal,ece,posterior_yield_coverage_at_p50,posterior_best_precision_cov1,minus_N_a,minus_N_a_lo,minus_N_a_hi,minus_Nb_seq,minus_Nb_seq_lo,minus_Nb_seq_hi,minus_Nb_main,minus_Nb_main_lo,minus_Nb_main_hi,shuffled_accuracy,shuffled_lo,shuffled_hi,shuffled_auc,shuffled_auc_lo,shuffled_auc_hi,V_minus_C,V_minus_C_lo,V_minus_C_hi,temperature
r3_L4,3,4.0,,0.0,20,180.0,A,A,,network address (device id),True,40,14363,1041,0.25,0.072478,0.068659,0.076328,0.067213,0.077845,0.289912,0.274635,0.305312,0.213604,0.209126,0.218668,0.073035,0.026784,False,0.556523,0.537661,0.575384,0.520746,0.506549,0.534942,True,0,True,True,0.006888,0.0,0.108108,-0.007867,-0.013646,-0.002218,-0.008981,-0.014597,-0.00346,0.071712,0.068093,0.075633,0.005918,0.004769,0.007203,0.569262,0.503685,0.634839,,,,"{""0"": 0.5011872336272725, ""1"": 0.5011872336272725}"
r3_L4,3,4.0,,0.0,20,180.0,C,C,,transaction (manufacturer via key_ref),True,40,14363,1308,0.25,0.091067,0.086358,0.096016,0.084442,0.099008,0.364269,0.34543,0.384063,0.262619,0.2542,0.271049,0.091833,0.026548,False,0.566959,0.549577,0.584341,0.502857,0.487817,0.517896,True,0,True,True,0.004004,0.0,0.173611,0.010931,0.005139,0.016753,0.009608,0.003926,0.015489,0.090301,0.085766,0.095118,0.008355,0.006981,0.009765,0.546692,0.488527,0.604857,,,,"{""0"": 0.39810717055349737, ""1"": 0.39810717055349737}"
r3_L4,3,4.0,,0.0,20,180.0,D,D,,network address (device id),True,40,14363,753,0.25,0.052426,0.049242,0.055506,0.048082,0.056543,0.209705,0.196967,0.222024,0.157975,0.152153,0.163942,0.052148,0.015444,False,0.557898,0.535381,0.580415,0.515414,0.492417,0.53841,True,0,True,True,0.009163,0.0,0.152174,-0.028058,-0.032922,-0.022717,-0.029033,-0.034583,-0.023506,0.051661,0.048593,0.054655,0.006405,0.004838,0.008002,0.521505,0.44878,0.594231,,,,"{""0"": 0.6309573444801935, ""1"": 0.6309573444801935}"
r3_L4,3,4.0,,0.0,20,180.0,F.full,F,full,content (ContentHash),True,40,14363,1960,0.25,0.136462,0.131106,0.141937,0.128955,0.144441,0.545847,0.524424,0.567748,0.357864,0.350992,0.365098,0.135487,0.036281,False,0.625505,0.615237,0.635774,0.567441,0.555987,0.578895,True,0,True,True,0.030894,0.000278,0.316129,0.082295,0.077173,0.087819,0.055002,0.049265,0.061291,0.135696,0.130175,0.141323,0.008494,0.006982,0.009996,0.582071,0.529737,0.634405,,,,"{""0"": 1.9952623149688802, ""1"": 1.9952623149688802}"
r3_L4,3,4.0,,0.0,20,180.0,F.legs,F,legs,content (ContentHash),False,40,14363,1580,0.25,0.110005,0.105871,0.11417,0.103872,0.11599,0.440019,0.423482,0.456682,0.299937,0.293345,0.306754,0.110562,0.036281,False,0.658143,0.642651,0.673634,0.583087,0.568916,0.597259,True,0,True,True,0.029748,0.0,0.312925,0.055838,0.050361,0.061639,0.028546,0.023288,0.03403,0.109239,0.10512,0.113434,0.006893,0.005485,0.008361,0.607665,0.560183,0.655147,,,,"{""0"": 1.9952623149688802, ""1"": 1.9952623149688802}"
r3_L4,3,4.0,,0.0,20,180.0,F.timing,F,timing,content (ContentHash),False,40,14363,1707,0.25,0.118847,0.113905,0.124025,0.1116,0.126721,0.475388,0.455618,0.496098,0.349718,0.341492,0.358086,0.119334,0.050688,False,0.58219,0.567261,0.597119,0.518643,0.505327,0.531959,True,0,True,True,0.01208,0.0,0.304813,0.06468,0.05828,0.072288,0.037388,0.030921,0.044019,0.118081,0.113231,0.12313,0.008355,0.006726,0.009937,0.540613,0.492655,0.588571,,,,"{""0"": 1.584893192461114, ""1"": 1.584893192461114}"
r3_L4,3,4.0,,0.0,20,180.0,GK.full,GK,full,transaction (manufacturer known),True,40,43089,4043,0.25,0.093829,0.090241,0.097438,0.08902,0.099273,0.375316,0.360964,0.389751,0.26248,0.254997,0.269939,0.093736,0.019598,False,0.579383,0.567187,0.591579,0.521303,0.510651,0.531954,True,0,True,True,0.016054,4.6e-05,0.173638,0.01237,0.006931,0.018125,0.01237,0.007242,0.017982,0.093063,0.089686,0.096651,0.002878,0.002465,0.003295,0.474156,0.435447,0.512866,,,,"{""0"": 0.5011872336272725, ""1"": 0.5011872336272725}"
r3_L4,3,4.0,,0.0,20,180.0,GK.timing,GK,timing,transaction (manufacturer known),False,40,43089,4026,0.25,0.093435,0.090362,0.096636,0.089097,0.097551,0.373738,0.361449,0.386545,0.259974,0.255312,0.265039,0.093945,0.018675,False,0.56143,0.550594,0.572266,0.515691,0.507146,0.524235,True,0,True,True,0.019886,4.6e-05,0.164609,0.011975,0.006002,0.017704,0.011975,0.006025,0.017731,0.092669,0.089355,0.095849,0.002878,0.002472,0.003338,0.507429,0.456429,0.55843,,,,"{""0"": 0.6309573444801935, ""1"": 0.6309573444801935}"
r3_L4,3,4.0,,0.0,20,180.0,N.F,N,paired with F,none (wire only),False,40,14363,778,0.25,0.054167,0.050559,0.057717,0.048845,0.059614,0.216668,0.202236,0.230868,0.165773,0.159315,0.172259,0.055559,0.018936,False,0.559129,0.538644,0.579614,0.501584,0.481362,0.521806,True,0,True,True,0.0109,0.0,0.094675,,,,,,,,,,0.005848,0.004428,0.007399,0.523205,0.457954,0.588457,,,,"{""0"": 1.0000000000000004, ""1"": 1.0000000000000004}"
r3_L4,3,4.0,,0.0,20,180.0,N@A,N,paired with A,none (wire only),False,40,14363,1154,0.25,0.080345,0.075605,0.085539,0.07368,0.087197,0.321381,0.302421,0.342156,0.234631,0.22739,0.242184,0.080276,0.025379,False,0.569662,0.552172,0.587153,0.501432,0.484078,0.518787,True,0,True,True,0.01344,0.000139,0.152778,,,,,,,,,,0.007032,0.005644,0.008475,0.523188,0.462809,0.583566,,,,"{""0"": 0.39810717055349737, ""1"": 0.39810717055349737}"
r3_L4,3,4.0,,0.0,20,180.0,N@C,N,paired with C,none (wire only),False,40,14363,1151,0.25,0.080136,0.075494,0.084545,0.073766,0.086828,0.320546,0.301975,0.338179,0.234631,0.226857,0.24226,0.080276,0.025379,False,0.568583,0.552251,0.584915,0.503104,0.485594,0.520615,True,0,True,True,0.013233,0.000139,0.163399,,,,,,,,,,0.006127,0.004719,0.00762,0.580005,0.524596,0.635414,,,,"{""0"": 0.39810717055349737, ""1"": 0.39810717055349737}"
r3_L4,3,4.0,,0.0,20,180.0,N@D,N,paired with D,none (wire only),False,40,14363,1156,0.25,0.080485,0.076173,0.085016,0.07391,0.087418,0.321938,0.30469,0.340064,0.234631,0.227618,0.242399,0.080276,0.025379,False,0.565531,0.549565,0.581497,0.501335,0.483041,0.519629,True,0,True,True,0.013578,0.000139,0.155914,,,,,,,,,,0.006614,0.005253,0.007971,0.47428,0.410536,0.538025,,,,"{""0"": 0.39810717055349737, ""1"": 0.39810717055349737}"
r3_L4,3,4.0,,0.0,20,180.0,N@V,N,paired with V,none (wire only),False,40,14363,1168,0.25,0.08132,0.076939,0.085695,0.075168,0.087153,0.32528,0.307756,0.34278,0.234631,0.227291,0.242672,0.080276,0.025379,False,0.567884,0.550217,0.585551,0.5022,0.48398,0.520419,True,0,True,True,0.014518,0.000139,0.165563,,,,,,,,,,0.00376,0.002637,0.004923,0.548502,0.479183,0.61782,,,,"{""0"": 0.39810717055349737, ""1"": 0.39810717055349737}"
r3_L4,3,4.0,,0.0,20,180.0,Nb.seq,N,published sequencing,none (wire only),True,40,14363,1170,0.25,0.081459,0.07657,0.086241,0.074723,0.088291,0.325837,0.306281,0.344963,0.234631,0.227572,0.242519,0.080276,0.025379,False,0.574399,0.556828,0.591971,0.508214,0.49009,0.526337,True,0,True,True,0.015167,0.000139,0.166667,,,,,,,,,,0.002089,0.001383,0.002865,0.615839,0.529596,0.702081,,,,"{""0"": 0.39810717055349737, ""1"": 0.39810717055349737}"
r3_L4,3,4.0,,0.0,20,180.0,V.full,V,full,device identity,True,40,14363,1218,0.25,0.084801,0.07961,0.08983,0.076927,0.093519,0.339205,0.318441,0.359321,0.254404,0.245534,0.263575,0.08696,0.022363,False,0.574474,0.556675,0.592272,0.509784,0.493678,0.525889,True,0,True,True,0.009538,0.000278,0.165877,0.003481,-0.002772,0.010022,0.003342,-0.002871,0.009925,0.084035,0.0789,0.089282,0.00362,0.002679,0.004598,0.541547,0.474716,0.608378,-0.006266,-0.012647,0.000282,"{""0"": 0.5011872336272725, ""1"": 0.5011872336272725}"
r3_L4,3,4.0,,0.0,20,180.0,V.timing,V,timing,device identity,False,40,14363,1152,0.25,0.080206,0.076,0.084071,0.074527,0.087073,0.320824,0.303999,0.336282,0.235397,0.22794,0.242659,0.079371,0.026633,False,0.547755,0.529908,0.565603,0.519487,0.501989,0.536985,True,0,True,True,0.026984,0.0,0.145161,-0.001114,-0.007095,0.004232,-0.001253,-0.007315,0.004701,0.07944,0.075054,0.083792,0.00369,0.002716,0.004709,0.470702,0.404027,0.537377,,,,"{""0"": 0.6309573444801935, ""1"": 0.6309573444801935}"
r3_L4,3,4.0,,0.0,20,180.0,Nb.main,N,published main attack,none (wire only),False,40,14363,11,0.25,0.000766,0.00035,0.00125,,,0.003063,,,,,,,,,,,,,,,,,,,,,,,,,,,,,,,,,,,,,,,,
r2_L4,2,4.0,,0.0,20,180.0,A,A,,network address (device id),True,40,14363,1068,0.25,0.074358,0.071096,0.077842,0.069219,0.080116,0.297431,0.284384,0.311367,0.219035,0.212611,0.225804,0.074845,0.025887,False,0.570515,0.55486,0.586171,0.514098,0.498664,0.529533,True,0,True,True,0.008875,0.0,0.14245,-0.018102,-0.023678,-0.012232,-0.015804,-0.021589,-0.009766,0.073313,0.069954,0.076806,0.007241,0.005683,0.008926,0.494709,0.443579,0.54584,,,,"{""0"": 0.5011872336272725, ""1"": 0.5011872336272725}"
r2_L4,2,4.0,,0.0,20,180.0,C,C,,transaction (manufacturer via key_ref),True,40,14363,2221,0.25,0.154633,0.149768,0.160119,0.147136,0.162748,0.618534,0.599074,0.640476,0.389891,0.381651,0.398111,0.154216,0.029352,False,0.571979,0.557875,0.586083,0.534407,0.521785,0.54703,True,0,True,True,0.009512,0.000975,0.353659,0.061895,0.054355,0.069469,0.064471,0.056596,0.072192,0.153589,0.148683,0.158988,0.009399,0.007648,0.011302,0.537307,0.49499,0.579624,,,,"{""0"": 0.5011872336272725, ""1"": 0.5011872336272725}"
r2_L4,2,4.0,,0.0,20,180.0,D,D,,network address (device id),True,40,14363,855,0.25,0.059528,0.056212,0.062822,0.054875,0.064938,0.238112,0.224848,0.251286,0.17552,0.168662,0.182214,0.058971,0.017376,False,0.564745,0.541896,0.587595,0.507321,0.487087,0.527555,True,0,True,True,0.008478,0.0,0.133333,-0.033001,-0.039334,-0.026747,-0.030634,-0.037037,-0.024174,0.058484,0.055168,0.061867,0.004943,0.004077,0.005913,0.54451,0.481051,0.607969,,,,"{""0"": 0.6309573444801935, ""1"": 0.6309573444801935}"
r2_L4,2,4.0,,0.0,20,180.0,F.full,F,full,content (ContentHash),True,40,14363,5475,0.25,0.381188,0.366541,0.396028,0.357293,0.401463,1.524751,1.466165,1.584111,0.561651,0.548959,0.574257,0.379795,0.036234,True,0.868986,0.862609,0.875363,0.838993,0.830292,0.847695,True,0,True,True,0.042061,0.715589,0.941176,0.327021,0.312699,0.341135,0.291026,0.277387,0.305175,0.380143,0.365607,0.393784,0.019773,0.017254,0.022255,0.6909,0.663981,0.717819,,,,"{""0"": 6.309573444801938, ""1"": 6.309573444801938}"
r2_L4,2,4.0,,0.0,20,180.0,F.legs,F,legs,content (ContentHash),False,40,14363,4945,0.25,0.344287,0.330535,0.357556,0.324893,0.363431,1.37715,1.322139,1.430225,0.465919,0.452431,0.48019,0.345541,0.036234,True,0.910266,0.904136,0.916395,0.889391,0.881313,0.89747,True,0,True,True,0.023608,0.664485,0.901695,0.29012,0.276673,0.303712,0.254125,0.239925,0.268135,0.343243,0.329358,0.357118,0.016153,0.014306,0.018043,0.741844,0.712968,0.77072,,,,"{""0"": 6.309573444801938, ""1"": 6.309573444801938}"
r2_L4,2,4.0,,0.0,20,180.0,F.timing,F,timing,content (ContentHash),False,40,14363,2237,0.25,0.155747,0.150695,0.161221,0.14805,0.162604,0.62299,0.602781,0.644886,0.427209,0.418743,0.43646,0.154912,0.076835,False,0.641577,0.630716,0.652438,0.573352,0.560124,0.58658,True,0,True,True,0.010025,0.007519,0.473054,0.10158,0.096436,0.106896,0.065585,0.057906,0.07253,0.154703,0.149364,0.160171,0.010304,0.00876,0.011904,0.5344,0.49847,0.570329,,,,"{""0"": 1.584893192461114, ""1"": 1.2589254117941677}"
r2_L4,2,4.0,,0.0,20,180.0,GK.full,GK,full,transaction (manufacturer known),True,40,43089,5223,0.25,0.121214,0.115639,0.126708,0.113064,0.129895,0.484857,0.462555,0.506831,0.309174,0.301154,0.317267,0.122746,0.019047,False,0.586782,0.572173,0.60139,0.523595,0.511432,0.535757,True,0,True,True,0.021825,0.000232,0.228311,0.031052,0.024001,0.038551,0.031052,0.023981,0.038304,0.12017,0.114578,0.125927,0.002506,0.002037,0.003029,0.545492,0.490958,0.600026,,,,"{""0"": 0.6309573444801935, ""1"": 0.6309573444801935}"
r2_L4,2,4.0,,0.0,20,180.0,GK.timing,GK,timing,transaction (manufacturer known),False,40,43089,3962,0.25,0.091949,0.088776,0.094829,0.087477,0.096147,0.367797,0.355103,0.379317,0.257026,0.251052,0.263197,0.092831,0.021278,False,0.560102,0.551979,0.568224,0.50849,0.4993,0.51768,True,0,True,True,0.015976,4.6e-05,0.136048,0.001787,-0.004289,0.007634,0.001787,-0.004262,0.007644,0.090905,0.087577,0.093861,0.002808,0.00237,0.003264,0.539331,0.476187,0.602475,,,,"{""0"": 0.6309573444801935, ""1"": 0.5011872336272725}"
r2_L4,2,4.0,,0.0,20,180.0,N.F,N,paired with F,none (wire only),False,40,14363,778,0.25,0.054167,0.050505,0.057698,0.048139,0.059263,0.216668,0.202021,0.230791,0.165773,0.159431,0.172419,0.055559,0.018936,False,0.559129,0.538644,0.579614,0.501584,0.481362,0.521806,True,0,True,True,0.0109,0.0,0.094675,,,,,,,,,,0.005222,0.004013,0.00653,0.515107,0.45813,0.572084,,,,"{""0"": 1.0000000000000004, ""1"": 1.0000000000000004}"
r2_L4,2,4.0,,0.0,20,180.0,N@A,N,paired with A,none (wire only),False,40,14363,1328,0.25,0.09246,0.087881,0.097595,0.08585,0.100481,0.369839,0.351523,0.390378,0.251479,0.244427,0.259383,0.092529,0.025508,False,0.568076,0.550573,0.585579,0.510523,0.495141,0.525904,True,0,True,True,0.019793,0.0,0.173611,,,,,,,,,,0.008773,0.006916,0.010598,0.544812,0.490466,0.599158,,,,"{""0"": 0.39810717055349737, ""1"": 0.39810717055349737}"
r2_L4,2,4.0,,0.0,20,180.0,N@C,N,paired with C,none (wire only),False,40,14363,1332,0.25,0.092738,0.087694,0.097892,0.085835,0.099868,0.370953,0.350774,0.391567,0.251479,0.2441,0.259103,0.092529,0.025508,False,0.566635,0.549369,0.583902,0.511379,0.496591,0.526167,True,0,True,True,0.020227,0.0,0.166667,,,,,,,,,,0.0055,0.004584,0.006454,0.536463,0.480498,0.592428,,,,"{""0"": 0.39810717055349737, ""1"": 0.39810717055349737}"
r2_L4,2,4.0,,0.0,20,180.0,N@D,N,paired with D,none (wire only),False,40,14363,1329,0.25,0.092529,0.087675,0.097452,0.085433,0.099565,0.370118,0.350699,0.389809,0.251479,0.243825,0.259073,0.092529,0.025508,False,0.566557,0.549305,0.583809,0.509242,0.493546,0.524937,True,0,True,True,0.020177,0.0,0.159722,,,,,,,,,,0.007659,0.006399,0.009001,0.505224,0.46312,0.547327,,,,"{""0"": 0.39810717055349737, ""1"": 0.39810717055349737}"
r2_L4,2,4.0,,0.0,20,180.0,N@V,N,paired with V,none (wire only),False,40,14363,1319,0.25,0.091833,0.08698,0.096986,0.085212,0.09893,0.367333,0.347922,0.387946,0.251479,0.244087,0.258729,0.092529,0.025508,False,0.566573,0.550909,0.582238,0.512467,0.497084,0.52785,True,0,True,True,0.019539,0.0,0.159722,,,,,,,,,,0.002924,0.0021,0.003821,0.405206,0.316228,0.494183,,,,"{""0"": 0.39810717055349737, ""1"": 0.39810717055349737}"
r2_L4,2,4.0,,0.0,20,180.0,Nb.seq,N,published sequencing,none (wire only),True,40,14363,1295,0.25,0.090162,0.085539,0.094877,0.083727,0.096879,0.360649,0.342158,0.379507,0.251479,0.243792,0.258807,0.092529,0.025508,False,0.572167,0.556399,0.587934,0.518211,0.50344,0.532983,True,0,True,True,0.01883,0.0,0.154446,,,,,,,,,,0.002576,0.001755,0.003507,0.47464,0.372923,0.576357,,,,"{""0"": 0.39810717055349737, ""1"": 0.39810717055349737}"
r2_L4,2,4.0,,0.0,20,180.0,V.full,V,full,device identity,True,40,14363,1639,0.25,0.114113,0.109264,0.11912,0.106913,0.120875,0.456451,0.437056,0.47648,0.291722,0.281648,0.302073,0.113416,0.023204,False,0.572943,0.55475,0.591136,0.525881,0.509825,0.541937,True,0,True,True,0.015447,0.000835,0.222222,0.022279,0.014983,0.029028,0.02395,0.017247,0.030838,0.113068,0.107869,0.117938,0.003969,0.003113,0.004844,0.517684,0.455711,0.579656,-0.040521,-0.045662,-0.035531,"{""0"": 0.6309573444801935, ""1"": 0.6309573444801935}"
r2_L4,2,4.0,,0.0,20,180.0,V.timing,V,timing,device identity,False,40,14363,1187,0.25,0.082643,0.078445,0.087124,0.077033,0.089014,0.330572,0.313781,0.348497,0.235327,0.228675,0.24227,0.082713,0.02635,False,0.550653,0.533213,0.568092,0.515488,0.498989,0.531987,True,0,True,True,0.028584,0.000278,0.184211,-0.00919,-0.015237,-0.002907,-0.007519,-0.013283,-0.001318,0.081599,0.077447,0.086043,0.003829,0.00293,0.004772,0.49085,0.412878,0.568822,,,,"{""0"": 0.6309573444801935, ""1"": 0.6309573444801935}"
r2_L4,2,4.0,,0.0,20,180.0,Nb.main,N,published main attack,none (wire only),False,40,14363,15,0.25,0.001044,0.000623,0.00152,,,0.004177,,,,,,,,,,,,,,,,,,,,,,,,,,,,,,,,,,,,,,,,
r1_L4,1,4.0,,0.0,20,180.0,A,A,,network address (device id),True,40,14363,978,0.25,0.068092,0.064094,0.072161,0.061568,0.073913,0.272366,0.256377,0.288645,0.209288,0.202009,0.216287,0.068161,0.027322,False,0.546503,0.527574,0.565433,0.49598,0.47635,0.515611,True,0,True,True,0.006151,0.0,0.104991,-0.016779,-0.022751,-0.011421,-0.017197,-0.022102,-0.011937,0.067326,0.063215,0.071309,0.005639,0.004416,0.006911,0.459888,0.393964,0.525812,,,,"{""0"": 0.5011872336272725, ""1"": 0.5011872336272725}"
r1_L4,1,4.0,,0.0,20,180.0,C,C,,transaction (manufacturer via key_ref),True,40,14363,2230,0.25,0.15526,0.149647,0.161413,0.146742,0.164902,0.62104,0.598586,0.64565,0.398524,0.390956,0.406754,0.155608,0.030809,False,0.561159,0.550277,0.572041,0.521926,0.508913,0.534939,True,0,True,True,0.012884,0.0,0.325153,0.07032,0.063047,0.07774,0.069971,0.063213,0.077796,0.154494,0.148638,0.16025,0.011557,0.009923,0.013291,0.532647,0.486287,0.579007,,,,"{""0"": 0.5011872336272725, ""1"": 0.5011872336272725}"
r1_L4,1,4.0,,0.0,20,180.0,D,D,,network address (device id),True,40,14363,838,0.25,0.058344,0.055058,0.061604,0.053366,0.063071,0.233377,0.220233,0.246418,0.179976,0.174283,0.185608,0.058344,0.017618,False,0.543273,0.524332,0.562213,0.502141,0.483206,0.521076,True,0,True,True,0.009439,0.0,0.105528,-0.026666,-0.032602,-0.020552,-0.026944,-0.032737,-0.021591,0.057579,0.054058,0.060888,0.006336,0.005161,0.007589,0.549125,0.477099,0.621151,,,,"{""0"": 0.6309573444801935, ""1"": 0.6309573444801935}"
r1_L4,1,4.0,,0.0,20,180.0,F.full,F,full,content (ContentHash),True,40,14363,12385,0.25,0.862285,0.85452,0.869499,0.851967,0.873497,3.44914,3.418079,3.477997,0.984961,0.982957,0.986979,0.860127,0.35407,True,0.770716,0.760001,0.781431,0.854814,0.846983,0.862646,True,0,True,True,0.185804,1.0,1.0,0.810137,0.801759,0.818075,0.776996,0.769251,0.784882,0.861519,0.854223,0.868739,0.049781,0.045792,0.05339,0.540961,0.515575,0.566346,,,,"{""0"": 2.5118864315095815, ""1"": 1.9952623149688802}"
r1_L4,1,4.0,,0.0,20,180.0,F.timing,F,timing,content (ContentHash),False,40,14363,2174,0.25,0.151361,0.145446,0.157315,0.142616,0.160052,0.605445,0.581782,0.62926,0.411961,0.402143,0.421414,0.149829,0.076873,False,0.627371,0.61925,0.635491,0.553577,0.540696,0.566458,True,0,True,True,0.012191,0.00557,0.457516,0.099213,0.093123,0.105096,0.066073,0.059576,0.07271,0.150595,0.144882,0.156564,0.009956,0.008494,0.011506,0.590876,0.552924,0.628828,,,,"{""0"": 1.584893192461114, ""1"": 1.584893192461114}"
r1_L4,1,4.0,,0.0,20,180.0,N.F,N,paired with F,none (wire only),False,40,14363,749,0.25,0.052148,0.048482,0.05567,0.046919,0.057516,0.208592,0.193927,0.222679,0.162083,0.156518,0.16706,0.052983,0.018801,False,0.563869,0.539918,0.587821,0.510312,0.488169,0.532455,True,0,True,True,0.011867,0.0,0.085938,,,,,,,,,,0.004874,0.003745,0.006063,0.551006,0.489301,0.612711,,,,"{""0"": 1.0000000000000004, ""1"": 1.0000000000000004}"
r1_L4,1,4.0,,0.0,20,180.0,N@A,N,paired with A,none (wire only),False,40,14363,1219,0.25,0.084871,0.080083,0.089755,0.077577,0.0923,0.339483,0.320331,0.359021,0.23853,0.231344,0.245879,0.08494,0.025637,False,0.575726,0.557044,0.594409,0.524054,0.505791,0.542316,True,0,True,True,0.011547,0.000278,0.202312,,,,,,,,,,0.005361,0.004308,0.006466,0.630468,0.571177,0.68976,,,,"{""0"": 0.39810717055349737, ""1"": 0.39810717055349737}"
r1_L4,1,4.0,,0.0,20,180.0,N@C,N,paired with C,none (wire only),False,40,14363,1220,0.25,0.08494,0.080331,0.089716,0.078735,0.091499,0.339762,0.321324,0.358862,0.23853,0.231479,0.24603,0.08494,0.025637,False,0.57335,0.553946,0.592755,0.520757,0.502531,0.538983,True,0,True,True,0.011612,0.000278,0.201183,,,,,,,,,,0.006962,0.005333,0.008617,0.535829,0.46822,0.603439,,,,"{""0"": 0.39810717055349737, ""1"": 0.39810717055349737}"
r1_L4,1,4.0,,0.0,20,180.0,N@D,N,paired with D,none (wire only),False,40,14363,1221,0.25,0.08501,0.080319,0.089746,0.0786,0.092376,0.34004,0.321277,0.358983,0.23853,0.231712,0.245559,0.08494,0.025637,False,0.572432,0.553387,0.591476,0.522036,0.504166,0.539906,True,0,True,True,0.011682,0.000278,0.197674,,,,,,,,,,0.006684,0.005491,0.00786,0.519416,0.458411,0.580421,,,,"{""0"": 0.39810717055349737, ""1"": 0.39810717055349737}"
r1_L4,1,4.0,,0.0,20,180.0,Nb.seq,N,published sequencing,none (wire only),True,40,14363,1225,0.25,0.085289,0.080781,0.089474,0.079072,0.091591,0.341154,0.323126,0.357897,0.23853,0.231956,0.246099,0.08494,0.025637,False,0.57337,0.555515,0.591225,0.527225,0.507952,0.546498,True,0,True,True,0.012984,0.000278,0.20915,,,,,,,,,,0.002506,0.001621,0.003547,0.459579,0.372833,0.546325,,,,"{""0"": 0.39810717055349737, ""1"": 0.39810717055349737}"
r1_L4,1,4.0,,0.0,20,180.0,Nb.main,N,published main attack,none (wire only),False,40,14363,11,0.25,0.000766,0.000348,0.001235,,,0.003063,,,,,,,,,,,,,,,,,,,,,,,,,,,,,,,,,,,,,,,,
r3_L4_positive,3,4.0,positive,0.0,20,180.0,A,A,,network address (device id),True,40,14363,11699,0.25,0.814523,0.806735,0.821728,0.802929,0.825759,3.258094,3.226942,3.286912,0.968878,0.965442,0.971922,0.814315,0.812862,True,0.878269,0.871741,0.884797,0.664495,0.654727,0.674264,True,0,True,True,0.248193,1.0,1.0,-0.011209,-0.018234,-0.004401,-0.018032,-0.024811,-0.011155,-0.122328,-0.130593,-0.114218,0.0463,0.04293,0.050084,0.569464,0.554526,0.584402,,,,"{""0"": 0.10000000000000002, ""1"": 0.10000000000000002}"
r3_L4_positive,3,4.0,positive,0.0,20,180.0,C,C,,transaction (manufacturer via key_ref),True,40,14363,11758,0.25,0.818631,0.811306,0.825919,0.807932,0.82916,3.274525,3.245225,3.303677,0.970132,0.967339,0.972893,0.818422,0.81538,True,0.864618,0.855746,0.87349,0.64027,0.629836,0.650705,True,0,True,True,0.252603,1.0,0.996222,-0.006336,-0.012963,0.000141,-0.013925,-0.021104,-0.007079,-0.11822,-0.12629,-0.109963,0.038571,0.035485,0.041971,0.54663,0.523051,0.570209,,,,"{""0"": 0.10000000000000002, ""1"": 0.10000000000000002}"
r3_L4_positive,3,4.0,positive,0.0,20,180.0,D,D,,network address (device id),True,40,14363,11837,0.25,0.824131,0.815768,0.831649,0.812139,0.83608,3.296526,3.263074,3.326595,0.969296,0.96616,0.972203,0.823574,0.811481,True,0.853622,0.846012,0.861231,0.632256,0.621006,0.643505,True,0,True,True,0.247576,1.0,1.0,-0.001532,-0.008074,0.004501,-0.008424,-0.015285,-0.001637,-0.11272,-0.121699,-0.104414,0.045116,0.04238,0.048086,0.580834,0.558039,0.603628,,,,"{""0"": 0.10000000000000002, ""1"": 0.10000000000000002}"
r3_L4_positive,3,4.0,positive,0.0,20,180.0,F.full,F,full,content (ContentHash),True,40,14363,14310,0.25,0.99631,0.995524,0.997074,0.99526,0.997542,3.98524,3.982095,3.988296,1.0,1.0,1.0,0.99631,0.786115,True,0.997403,0.996601,0.998206,0.997413,0.996615,0.998211,True,0,True,True,0.000765,1.0,1.0,0.000278,6.9e-05,0.000559,0.163754,0.156205,0.171131,0.059458,0.055962,0.063293,0.044141,0.039933,0.048361,0.498988,0.477726,0.52025,,,,"{""0"": 1.0000000000000004, ""1"": 1.0000000000000004}"
r3_L4_positive,3,4.0,positive,0.0,20,180.0,F.legs,F,legs,content (ContentHash),False,40,14363,11374,0.25,0.791896,0.784924,0.799152,0.781788,0.801796,3.167583,3.139697,3.19661,0.995753,0.994484,0.99699,0.788275,0.786115,True,0.8962,0.891243,0.901157,0.888562,0.883358,0.893765,True,0,True,True,0.004105,1.0,1.0,-0.204136,-0.21097,-0.196799,-0.04066,-0.047327,-0.033821,-0.144956,-0.152966,-0.136875,0.04059,0.037199,0.043877,0.595973,0.579741,0.612205,,,,"{""0"": 1.2589254117941677, ""1"": 3.162277660168381}"
r3_L4_positive,3,4.0,positive,0.0,20,180.0,F.timing,F,timing,content (ContentHash),False,40,14363,14306,0.25,0.996031,0.995271,0.996749,0.994855,0.997166,3.984126,3.981082,3.986995,1.0,1.0,1.0,0.996031,0.991587,True,0.997792,0.997116,0.998468,0.997785,0.997107,0.998463,True,0,True,True,0.000604,1.0,1.0,0.0,0.0,0.0,0.163476,0.155574,0.171608,0.05918,0.055578,0.062901,0.050686,0.046231,0.055155,0.504503,0.500415,0.508591,,,,"{""0"": 1.0000000000000004, ""1"": 1.0000000000000004}"
r3_L4_positive,3,4.0,positive,0.0,20,180.0,GK.full,GK,full,transaction (manufacturer known),True,40,43089,35513,0.25,0.824178,0.816091,0.832306,0.812202,0.835856,3.296711,3.264362,3.329226,0.968809,0.96581,0.971516,0.816589,0.815377,True,0.86204,0.852555,0.871525,0.640819,0.628068,0.65357,True,0,True,True,0.263193,1.0,0.996245,-0.008378,-0.015548,-0.001173,-0.008378,-0.015815,-0.00132,-0.112674,-0.120698,-0.104406,0.002831,0.002212,0.003455,0.509924,0.464449,0.555399,,,,"{""0"": 0.10000000000000002, ""1"": 0.10000000000000002}"
r3_L4_positive,3,4.0,positive,0.0,20,180.0,GK.timing,GK,timing,transaction (manufacturer known),False,40,43089,35626,0.25,0.8268,0.82045,0.833557,0.816906,0.83626,3.307201,3.281799,3.334228,0.970039,0.967007,0.972838,0.818933,0.814685,True,0.880434,0.873102,0.887766,0.644345,0.63348,0.65521,True,0,True,True,0.287579,1.0,1.0,-0.005756,-0.011599,-0.000251,-0.005756,-0.011652,0.000142,-0.110051,-0.116977,-0.10299,0.002576,0.002175,0.002995,0.552935,0.508609,0.597262,,,,"{""0"": 0.10000000000000002, ""1"": 0.10000000000000002}"
r3_L4_positive,3,4.0,positive,0.0,20,180.0,N.F,N,paired with F,none (wire only),False,40,14363,14306,0.25,0.996031,0.995229,0.996801,0.994864,0.997121,3.984126,3.980915,3.987203,1.0,1.0,1.0,0.996031,0.991448,True,0.997757,0.997047,0.998467,0.997767,0.997073,0.998461,True,0,True,True,0.000572,1.0,1.0,,,,,,,,,,0.046717,0.043202,0.050456,0.502709,0.49922,0.506198,,,,"{""0"": 1.0000000000000004, ""1"": 1.0000000000000004}"
r3_L4_positive,3,4.0,positive,0.0,20,180.0,N@A,N,paired with A,none (wire only),False,40,14363,11860,0.25,0.825733,0.818271,0.833415,0.815063,0.836656,3.302931,3.273082,3.33366,0.973891,0.970655,0.97679,0.825245,0.814313,True,0.911568,0.90509,0.918046,0.628971,0.614579,0.643363,True,0,True,True,0.37301,1.0,1.0,,,,,,,,,,0.043793,0.040111,0.047409,0.576666,0.55,0.603333,,,,"{""0"": 0.10000000000000002, ""1"": 0.10000000000000002}"
r3_L4_positive,3,4.0,positive,0.0,20,180.0,N@C,N,paired with C,none (wire only),False,40,14363,11849,0.25,0.824967,0.817729,0.832537,0.812877,0.835136,3.299868,3.270917,3.330148,0.973891,0.970618,0.976836,0.825245,0.814313,True,0.912028,0.905581,0.918474,0.629172,0.614822,0.643521,True,0,True,True,0.372233,1.0,1.0,,,,,,,,,,0.041147,0.038281,0.044314,0.556793,0.538347,0.57524,,,,"{""0"": 0.10000000000000002, ""1"": 0.10000000000000002}"
r3_L4_positive,3,4.0,positive,0.0,20,180.0,N@D,N,paired with D,none (wire only),False,40,14363,11859,0.25,0.825663,0.818572,0.833115,0.815625,0.835776,3.302653,3.274287,3.332462,0.973891,0.97084,0.976911,0.825245,0.814313,True,0.911514,0.904921,0.918107,0.628182,0.614023,0.642341,True,0,True,True,0.372935,1.0,1.0,,,,,,,,,,0.044141,0.04041,0.047831,0.574405,0.555411,0.593399,,,,"{""0"": 0.10000000000000002, ""1"": 0.10000000000000002}"
r3_L4_positive,3,4.0,positive,0.0,20,180.0,N@V,N,paired with V,none (wire only),False,40,14363,11869,0.25,0.826359,0.818744,0.834056,0.813691,0.837378,3.305438,3.274975,3.336224,0.973891,0.970782,0.976873,0.825245,0.814313,True,0.911568,0.90514,0.917997,0.62524,0.611452,0.639029,True,0,True,True,0.37383,1.0,1.0,,,,,,,,,,0.009747,0.007989,0.011503,0.529942,0.485424,0.57446,,,,"{""0"": 0.10000000000000002, ""1"": 0.10000000000000002}"
r3_L4_positive,3,4.0,positive,0.0,20,180.0,Nb.seq,N,published sequencing,none (wire only),True,40,14363,11958,0.25,0.832556,0.824728,0.840132,0.821168,0.843279,3.330223,3.298913,3.360529,0.973891,0.970781,0.977007,0.825245,0.814313,True,0.912631,0.906195,0.919068,0.623424,0.609567,0.637281,True,0,True,True,0.380668,1.0,1.0,,,,,,,,,,0.002019,0.001265,0.002835,0.553527,0.465441,0.641613,,,,"{""0"": 0.10000000000000002, ""1"": 0.10000000000000002}"
r3_L4_positive,3,4.0,positive,0.0,20,180.0,V.full,V,full,device identity,True,40,14363,11772,0.25,0.819606,0.811957,0.827074,0.808651,0.830631,3.278424,3.247829,3.308296,0.970132,0.967425,0.972791,0.818422,0.81538,True,0.863175,0.85426,0.872091,0.638234,0.627471,0.648998,True,0,True,True,0.254559,1.0,0.996222,-0.006753,-0.013746,-0.000141,-0.01295,-0.019924,-0.005819,-0.117246,-0.12541,-0.10884,0.009817,0.007968,0.011627,0.561705,0.501231,0.622179,0.000975,-0.000485,0.00239,"{""0"": 0.10000000000000002, ""1"": 0.10000000000000002}"
r3_L4_positive,3,4.0,positive,0.0,20,180.0,V.timing,V,timing,device identity,False,40,14363,11762,0.25,0.81891,0.811422,0.826192,0.807609,0.829274,3.275639,3.245688,3.304769,0.972011,0.969152,0.974806,0.81703,0.814381,True,0.862747,0.855033,0.870461,0.651971,0.638824,0.665118,True,0,True,True,0.247245,1.0,0.996198,-0.00745,-0.013803,-0.001185,-0.013646,-0.02046,-0.006374,-0.117942,-0.126276,-0.109839,0.00926,0.007503,0.011066,0.529549,0.481763,0.577335,,,,"{""0"": 0.10000000000000002, ""1"": 0.10000000000000002}"
r3_L4_positive,3,4.0,positive,0.0,20,180.0,Nb.main,N,published main attack,none (wire only),False,40,14363,13456,0.25,0.936852,0.933034,0.940363,,,3.747407,,,,,,,,,,,,,,,,,,,,,,,,,,,,,,,,,,,,,,,,
